-- phpMyAdmin SQL Dump
-- version 5.0.0
-- https://www.phpmyadmin.net/
--
-- Host: localhost
-- Generation Time: Jun 01, 2022 at 12:17 PM
-- Server version: 8.0.25
-- PHP Version: 7.4.1

SET SQL_MODE = "NO_AUTO_VALUE_ON_ZERO";
SET AUTOCOMMIT = 0;
START TRANSACTION;
SET time_zone = "+00:00";


/*!40101 SET @OLD_CHARACTER_SET_CLIENT=@@CHARACTER_SET_CLIENT */;
/*!40101 SET @OLD_CHARACTER_SET_RESULTS=@@CHARACTER_SET_RESULTS */;
/*!40101 SET @OLD_COLLATION_CONNECTION=@@COLLATION_CONNECTION */;
/*!40101 SET NAMES utf8mb4 */;

--
-- Database: `worldcup_test`
--

-- --------------------------------------------------------

--
-- Table structure for table `bet`
--

CREATE TABLE `bet` (
  `bet_id` int NOT NULL,
  `event_id` int NOT NULL,
  `user_id` int NOT NULL,
  `match_id` int NOT NULL,
  `goal_normal_by_team1` tinyint NOT NULL,
  `goal_normal_by_team2` tinyint NOT NULL
) ENGINE=InnoDB DEFAULT CHARSET=utf8mb4 COLLATE=utf8mb4_unicode_ci;

-- --------------------------------------------------------

--
-- Table structure for table `chat`
--

CREATE TABLE `chat` (
  `chat_id` int NOT NULL,
  `event_id` int NOT NULL,
  `user_id` int NOT NULL COMMENT 'source user',
  `user_group_id` int DEFAULT NULL COMMENT 'target user group, null means to everybody',
  `target_user_id` int DEFAULT NULL COMMENT 'target user',
  `modification_time` datetime NOT NULL COMMENT 'UTC timezone used',
  `access_time` datetime DEFAULT NULL COMMENT 'used only at private, UTC timezone used',
  `message` varchar(256) CHARACTER SET utf8mb4 COLLATE utf8mb4_unicode_ci NOT NULL
) ENGINE=InnoDB DEFAULT CHARSET=utf8mb4 COLLATE=utf8mb4_unicode_ci;

-- --------------------------------------------------------

--
-- Table structure for table `event`
--

CREATE TABLE `event` (
  `event_id` int NOT NULL,
  `location` varchar(50) CHARACTER SET utf8mb4 COLLATE utf8mb4_unicode_ci NOT NULL COMMENT 'Host country of the event',
  `year` smallint NOT NULL,
  `description` varchar(100) CHARACTER SET utf8mb4 COLLATE utf8mb4_unicode_ci NOT NULL,
  `short_desc` varchar(10) CHARACTER SET utf8mb4 COLLATE utf8mb4_unicode_ci NOT NULL,
  `organizer` varchar(10) CHARACTER SET utf8mb4 COLLATE utf8mb4_unicode_ci NOT NULL
) ENGINE=InnoDB DEFAULT CHARSET=utf8mb4 COLLATE=utf8mb4_unicode_ci;

--
-- Dumping data for table `event`
--

INSERT INTO `event` (`event_id`, `location`, `year`, `description`, `short_desc`, `organizer`) VALUES
(1, 'Brazil', 2014, 'World Cup', 'WC', 'FIFA'),
(2, 'France', 2016, 'Euro Cup', 'EC', 'UEFA'),
(3, 'United States', 2016, 'Copa America', 'CA', 'CONMEBOL'),
(4, 'Russia', 2018, 'World Cup', 'WC', 'FIFA'),
(5, 'United Arab Emirates', 2019, 'Asian Cup', 'AFC', 'AFC'),
(6, 'Brazil', 2019, 'Copa America', 'CA', 'CONMEBOL'),
(7, 'Egypt', 2019, 'Africa Cup of Nations', 'CAF', 'CAF'),
(8, 'England and others', 2020, 'Euro Cup', 'EC', 'UEFA'),
(9, 'Brazil', 2021, 'Copa America', 'CA', 'CONMEBOL'),
(10, 'Qatar', 2021, 'Arab Cup', 'ABC', 'FIFA');

-- --------------------------------------------------------

--
-- Table structure for table `group_`
--

CREATE TABLE `group_` (
  `group_id` int NOT NULL,
  `event_id` int NOT NULL,
  `name` enum('A','B','C','D','E','F','G','H') CHARACTER SET utf8mb4 COLLATE utf8mb4_unicode_ci NOT NULL,
  `team1_id` int DEFAULT NULL COMMENT 'final winner of the team',
  `team2_id` int DEFAULT NULL COMMENT 'final 2nd position in team'
) ENGINE=InnoDB DEFAULT CHARSET=utf8mb4 COLLATE=utf8mb4_unicode_ci;

--
-- Dumping data for table `group_`
--

INSERT INTO `group_` (`group_id`, `event_id`, `name`, `team1_id`, `team2_id`) VALUES
(1, 1, 'A', NULL, NULL),
(2, 1, 'B', NULL, NULL),
(3, 1, 'C', NULL, NULL),
(4, 1, 'D', NULL, NULL),
(5, 1, 'E', NULL, NULL),
(6, 1, 'F', NULL, NULL),
(7, 1, 'G', NULL, NULL),
(8, 1, 'H', NULL, NULL),
(9, 2, 'A', NULL, NULL),
(10, 2, 'B', NULL, NULL),
(11, 2, 'C', NULL, NULL),
(12, 2, 'D', NULL, NULL),
(13, 2, 'E', NULL, NULL),
(14, 2, 'F', NULL, NULL),
(15, 3, 'A', NULL, NULL),
(16, 3, 'B', NULL, NULL),
(17, 3, 'C', NULL, NULL),
(18, 3, 'D', NULL, NULL),
(19, 4, 'A', NULL, NULL),
(20, 4, 'B', NULL, NULL),
(21, 4, 'C', NULL, NULL),
(22, 4, 'D', NULL, NULL),
(23, 4, 'E', NULL, NULL),
(24, 4, 'F', NULL, NULL),
(25, 4, 'G', NULL, NULL),
(26, 4, 'H', NULL, NULL),
(27, 5, 'A', NULL, NULL),
(28, 5, 'B', NULL, NULL),
(29, 5, 'C', NULL, NULL),
(30, 5, 'D', NULL, NULL),
(31, 5, 'E', NULL, NULL),
(32, 5, 'F', NULL, NULL),
(33, 6, 'A', NULL, NULL),
(34, 6, 'B', NULL, NULL),
(35, 6, 'C', NULL, NULL),
(36, 7, 'A', NULL, NULL),
(37, 7, 'B', NULL, NULL),
(38, 7, 'C', NULL, NULL),
(39, 7, 'D', NULL, NULL),
(40, 7, 'E', NULL, NULL),
(41, 7, 'F', NULL, NULL),
(42, 8, 'A', NULL, NULL),
(43, 8, 'B', NULL, NULL),
(44, 8, 'C', NULL, NULL),
(45, 8, 'D', NULL, NULL),
(46, 8, 'E', NULL, NULL),
(47, 8, 'F', NULL, NULL),
(48, 9, 'A', NULL, NULL),
(49, 9, 'B', NULL, NULL),
(50, 10, 'A', NULL, NULL),
(51, 10, 'B', NULL, NULL),
(52, 10, 'C', NULL, NULL),
(53, 10, 'D', NULL, NULL);

-- --------------------------------------------------------

--
-- Table structure for table `match_`
--

CREATE TABLE `match_` (
  `match_id` int NOT NULL,
  `event_id` int NOT NULL,
  `match_n` smallint NOT NULL,
  `team1_id` int DEFAULT NULL,
  `team2_id` int DEFAULT NULL,
  `start_time` datetime NOT NULL COMMENT 'UTC timezone used',
  `round_id` int NOT NULL,
  `goal_normal_by_team1` tinyint DEFAULT NULL,
  `goal_normal_by_team2` tinyint DEFAULT NULL,
  `goal_extra_by_team1` tinyint DEFAULT NULL,
  `goal_extra_by_team2` tinyint DEFAULT NULL,
  `goal_penalty_by_team1` tinyint DEFAULT NULL,
  `goal_penalty_by_team2` tinyint DEFAULT NULL,
  `participants_rule` varchar(10) CHARACTER SET utf8mb4 COLLATE utf8mb4_unicode_ci DEFAULT NULL COMMENT 'format: A1-B2 (group.name, position) or [WL]49-50 (match_id, match_id)'
) ENGINE=InnoDB DEFAULT CHARSET=utf8mb4 COLLATE=utf8mb4_unicode_ci;

--
-- Dumping data for table `match_`
--

INSERT INTO `match_` (`match_id`, `event_id`, `match_n`, `team1_id`, `team2_id`, `start_time`, `round_id`, `goal_normal_by_team1`, `goal_normal_by_team2`, `goal_extra_by_team1`, `goal_extra_by_team2`, `goal_penalty_by_team1`, `goal_penalty_by_team2`, `participants_rule`) VALUES
(1, 1, 1, 6, 12, '2014-06-12 20:00:00', 1, NULL, NULL, NULL, NULL, NULL, NULL, NULL),
(2, 1, 2, 24, 7, '2014-06-13 16:00:00', 1, NULL, NULL, NULL, NULL, NULL, NULL, NULL),
(3, 1, 3, 29, 25, '2014-06-13 19:00:00', 1, NULL, NULL, NULL, NULL, NULL, NULL, NULL),
(4, 1, 4, 8, 3, '2014-06-13 22:00:00', 1, NULL, NULL, NULL, NULL, NULL, NULL, NULL),
(5, 1, 5, 9, 18, '2014-06-14 16:00:00', 1, NULL, NULL, NULL, NULL, NULL, NULL, NULL),
(6, 1, 7, 31, 10, '2014-06-14 19:00:00', 1, NULL, NULL, NULL, NULL, NULL, NULL, NULL),
(7, 1, 8, 14, 21, '2014-06-14 22:00:00', 1, NULL, NULL, NULL, NULL, NULL, NULL, NULL),
(8, 1, 6, 11, 22, '2014-06-15 01:00:00', 1, NULL, NULL, NULL, NULL, NULL, NULL, NULL),
(9, 1, 9, 30, 13, '2014-06-15 16:00:00', 1, NULL, NULL, NULL, NULL, NULL, NULL, NULL),
(10, 1, 10, 15, 19, '2014-06-15 19:00:00', 1, NULL, NULL, NULL, NULL, NULL, NULL, NULL),
(11, 1, 11, 2, 5, '2014-06-15 22:00:00', 1, NULL, NULL, NULL, NULL, NULL, NULL, NULL),
(12, 1, 13, 16, 27, '2014-06-16 16:00:00', 1, NULL, NULL, NULL, NULL, NULL, NULL, NULL),
(13, 1, 12, 20, 26, '2014-06-16 19:00:00', 1, NULL, NULL, NULL, NULL, NULL, NULL, NULL),
(14, 1, 14, 17, 32, '2014-06-16 22:00:00', 1, NULL, NULL, NULL, NULL, NULL, NULL, NULL),
(15, 1, 15, 4, 1, '2014-06-17 16:00:00', 1, NULL, NULL, NULL, NULL, NULL, NULL, NULL),
(16, 1, 17, 6, 24, '2014-06-17 19:00:00', 2, NULL, NULL, NULL, NULL, NULL, NULL, NULL),
(17, 1, 16, 28, 23, '2014-06-17 22:00:00', 1, NULL, NULL, NULL, NULL, NULL, NULL, NULL),
(18, 1, 20, 3, 25, '2014-06-18 16:00:00', 2, NULL, NULL, NULL, NULL, NULL, NULL, NULL),
(19, 1, 19, 29, 8, '2014-06-18 19:00:00', 2, NULL, NULL, NULL, NULL, NULL, NULL, NULL),
(20, 1, 18, 7, 12, '2014-06-18 22:00:00', 2, NULL, NULL, NULL, NULL, NULL, NULL, NULL),
(21, 1, 21, 9, 11, '2014-06-19 16:00:00', 2, NULL, NULL, NULL, NULL, NULL, NULL, NULL),
(22, 1, 23, 31, 14, '2014-06-19 19:00:00', 2, NULL, NULL, NULL, NULL, NULL, NULL, NULL),
(23, 1, 22, 22, 18, '2014-06-19 22:00:00', 2, NULL, NULL, NULL, NULL, NULL, NULL, NULL),
(24, 1, 24, 21, 10, '2014-06-20 16:00:00', 2, NULL, NULL, NULL, NULL, NULL, NULL, NULL),
(25, 1, 25, 30, 15, '2014-06-20 19:00:00', 2, NULL, NULL, NULL, NULL, NULL, NULL, NULL),
(26, 1, 26, 19, 13, '2014-06-20 22:00:00', 2, NULL, NULL, NULL, NULL, NULL, NULL, NULL),
(27, 1, 27, 2, 20, '2014-06-21 16:00:00', 2, NULL, NULL, NULL, NULL, NULL, NULL, NULL),
(28, 1, 29, 16, 17, '2014-06-21 19:00:00', 2, NULL, NULL, NULL, NULL, NULL, NULL, NULL),
(29, 1, 28, 26, 5, '2014-06-21 22:00:00', 2, NULL, NULL, NULL, NULL, NULL, NULL, NULL),
(30, 1, 31, 4, 28, '2014-06-22 16:00:00', 2, NULL, NULL, NULL, NULL, NULL, NULL, NULL),
(31, 1, 32, 23, 1, '2014-06-22 19:00:00', 2, NULL, NULL, NULL, NULL, NULL, NULL, NULL),
(32, 1, 30, 32, 27, '2014-06-22 22:00:00', 2, NULL, NULL, NULL, NULL, NULL, NULL, NULL),
(33, 1, 36, 25, 8, '2014-06-23 16:00:00', 3, NULL, NULL, NULL, NULL, NULL, NULL, NULL),
(34, 1, 35, 3, 29, '2014-06-23 16:00:00', 3, NULL, NULL, NULL, NULL, NULL, NULL, NULL),
(35, 1, 33, 7, 6, '2014-06-23 20:00:00', 3, NULL, NULL, NULL, NULL, NULL, NULL, NULL),
(36, 1, 34, 12, 24, '2014-06-23 20:00:00', 3, NULL, NULL, NULL, NULL, NULL, NULL, NULL),
(37, 1, 39, 21, 31, '2014-06-24 16:00:00', 3, NULL, NULL, NULL, NULL, NULL, NULL, NULL),
(38, 1, 40, 10, 14, '2014-06-24 16:00:00', 3, NULL, NULL, NULL, NULL, NULL, NULL, NULL),
(39, 1, 37, 22, 9, '2014-06-24 20:00:00', 3, NULL, NULL, NULL, NULL, NULL, NULL, NULL),
(40, 1, 38, 18, 11, '2014-06-24 20:00:00', 3, NULL, NULL, NULL, NULL, NULL, NULL, NULL),
(41, 1, 43, 26, 2, '2014-06-25 16:00:00', 3, NULL, NULL, NULL, NULL, NULL, NULL, NULL),
(42, 1, 44, 5, 20, '2014-06-25 16:00:00', 3, NULL, NULL, NULL, NULL, NULL, NULL, NULL),
(43, 1, 41, 19, 30, '2014-06-25 20:00:00', 3, NULL, NULL, NULL, NULL, NULL, NULL, NULL),
(44, 1, 42, 13, 15, '2014-06-25 20:00:00', 3, NULL, NULL, NULL, NULL, NULL, NULL, NULL),
(45, 1, 46, 27, 17, '2014-06-26 16:00:00', 3, NULL, NULL, NULL, NULL, NULL, NULL, NULL),
(46, 1, 45, 32, 16, '2014-06-26 16:00:00', 3, NULL, NULL, NULL, NULL, NULL, NULL, NULL),
(47, 1, 47, 23, 4, '2014-06-26 20:00:00', 3, NULL, NULL, NULL, NULL, NULL, NULL, NULL),
(48, 1, 48, 1, 28, '2014-06-26 20:00:00', 3, NULL, NULL, NULL, NULL, NULL, NULL, NULL),
(49, 1, 49, NULL, NULL, '2014-06-28 16:00:00', 4, NULL, NULL, NULL, NULL, NULL, NULL, 'A1-B2'),
(50, 1, 50, NULL, NULL, '2014-06-28 20:00:00', 4, NULL, NULL, NULL, NULL, NULL, NULL, 'C1-D2'),
(51, 1, 51, NULL, NULL, '2014-06-29 16:00:00', 4, NULL, NULL, NULL, NULL, NULL, NULL, 'B1-A2'),
(52, 1, 52, NULL, NULL, '2014-06-29 20:00:00', 4, NULL, NULL, NULL, NULL, NULL, NULL, 'D1-C2'),
(53, 1, 53, NULL, NULL, '2014-06-30 16:00:00', 4, NULL, NULL, NULL, NULL, NULL, NULL, 'E1-F2'),
(54, 1, 54, NULL, NULL, '2014-06-30 20:00:00', 4, NULL, NULL, NULL, NULL, NULL, NULL, 'G1-H2'),
(55, 1, 55, NULL, NULL, '2014-07-01 16:00:00', 4, NULL, NULL, NULL, NULL, NULL, NULL, 'F1-E2'),
(56, 1, 56, NULL, NULL, '2014-07-01 20:00:00', 4, NULL, NULL, NULL, NULL, NULL, NULL, 'G2-H1'),
(57, 1, 57, NULL, NULL, '2014-07-04 16:00:00', 5, NULL, NULL, NULL, NULL, NULL, NULL, 'W53-W54'),
(58, 1, 58, NULL, NULL, '2014-07-04 20:00:00', 5, NULL, NULL, NULL, NULL, NULL, NULL, 'W49-W50'),
(59, 1, 59, NULL, NULL, '2014-07-05 16:00:00', 5, NULL, NULL, NULL, NULL, NULL, NULL, 'W55-W56'),
(60, 1, 60, NULL, NULL, '2014-07-05 20:00:00', 5, NULL, NULL, NULL, NULL, NULL, NULL, 'W51-W52'),
(61, 1, 61, NULL, NULL, '2014-07-08 20:00:00', 6, NULL, NULL, NULL, NULL, NULL, NULL, 'W57-W58'),
(62, 1, 62, NULL, NULL, '2014-07-09 20:00:00', 6, NULL, NULL, NULL, NULL, NULL, NULL, 'W59-W60'),
(63, 1, 63, NULL, NULL, '2014-07-12 20:00:00', 7, NULL, NULL, NULL, NULL, NULL, NULL, 'L61-L62'),
(64, 1, 64, NULL, NULL, '2014-07-13 19:00:00', 8, NULL, NULL, NULL, NULL, NULL, NULL, 'W61-W62'),
(65, 2, 1, 33, 34, '2016-06-10 19:00:00', 9, NULL, NULL, NULL, NULL, NULL, NULL, NULL),
(66, 2, 2, 35, 36, '2016-06-11 13:00:00', 9, NULL, NULL, NULL, NULL, NULL, NULL, NULL),
(67, 2, 14, 34, 36, '2016-06-15 16:00:00', 10, NULL, NULL, NULL, NULL, NULL, NULL, NULL),
(68, 2, 15, 33, 35, '2016-06-15 19:00:00', 10, NULL, NULL, NULL, NULL, NULL, NULL, NULL),
(69, 2, 25, 34, 35, '2016-06-19 19:00:00', 11, NULL, NULL, NULL, NULL, NULL, NULL, NULL),
(70, 2, 26, 36, 33, '2016-06-19 19:00:00', 11, NULL, NULL, NULL, NULL, NULL, NULL, NULL),
(71, 2, 3, 39, 40, '2016-06-11 16:00:00', 9, NULL, NULL, NULL, NULL, NULL, NULL, NULL),
(72, 2, 4, 37, 38, '2016-06-11 19:00:00', 9, NULL, NULL, NULL, NULL, NULL, NULL, NULL),
(73, 2, 13, 38, 40, '2016-06-15 13:00:00', 10, NULL, NULL, NULL, NULL, NULL, NULL, NULL),
(74, 2, 16, 37, 39, '2016-06-16 13:00:00', 10, NULL, NULL, NULL, NULL, NULL, NULL, NULL),
(75, 2, 27, 38, 39, '2016-06-20 19:00:00', 11, NULL, NULL, NULL, NULL, NULL, NULL, NULL),
(76, 2, 28, 40, 37, '2016-06-20 19:00:00', 11, NULL, NULL, NULL, NULL, NULL, NULL, NULL),
(77, 2, 6, 43, 44, '2016-06-12 16:00:00', 9, NULL, NULL, NULL, NULL, NULL, NULL, NULL),
(78, 2, 7, 41, 42, '2016-06-12 19:00:00', 9, NULL, NULL, NULL, NULL, NULL, NULL, NULL),
(79, 2, 17, 42, 44, '2016-06-16 16:00:00', 10, NULL, NULL, NULL, NULL, NULL, NULL, NULL),
(80, 2, 18, 41, 43, '2016-06-16 19:00:00', 10, NULL, NULL, NULL, NULL, NULL, NULL, NULL),
(81, 2, 29, 42, 43, '2016-06-21 16:00:00', 11, NULL, NULL, NULL, NULL, NULL, NULL, NULL),
(82, 2, 30, 44, 41, '2016-06-21 16:00:00', 11, NULL, NULL, NULL, NULL, NULL, NULL, NULL),
(83, 2, 5, 47, 48, '2016-06-12 13:00:00', 9, NULL, NULL, NULL, NULL, NULL, NULL, NULL),
(84, 2, 8, 45, 46, '2016-06-13 13:00:00', 9, NULL, NULL, NULL, NULL, NULL, NULL, NULL),
(85, 2, 20, 46, 48, '2016-06-17 16:00:00', 10, NULL, NULL, NULL, NULL, NULL, NULL, NULL),
(86, 2, 21, 45, 47, '2016-06-17 19:00:00', 10, NULL, NULL, NULL, NULL, NULL, NULL, NULL),
(87, 2, 31, 46, 47, '2016-06-21 19:00:00', 11, NULL, NULL, NULL, NULL, NULL, NULL, NULL),
(88, 2, 32, 48, 45, '2016-06-21 19:00:00', 11, NULL, NULL, NULL, NULL, NULL, NULL, NULL),
(89, 2, 9, 51, 52, '2016-06-13 16:00:00', 9, NULL, NULL, NULL, NULL, NULL, NULL, NULL),
(90, 2, 10, 49, 50, '2016-06-13 19:00:00', 9, NULL, NULL, NULL, NULL, NULL, NULL, NULL),
(91, 2, 19, 50, 52, '2016-06-17 13:00:00', 10, NULL, NULL, NULL, NULL, NULL, NULL, NULL),
(92, 2, 22, 49, 51, '2016-06-18 13:00:00', 10, NULL, NULL, NULL, NULL, NULL, NULL, NULL),
(93, 2, 35, 50, 51, '2016-06-22 19:00:00', 11, NULL, NULL, NULL, NULL, NULL, NULL, NULL),
(94, 2, 36, 52, 49, '2016-06-22 19:00:00', 11, NULL, NULL, NULL, NULL, NULL, NULL, NULL),
(95, 2, 11, 55, 56, '2016-06-14 16:00:00', 9, NULL, NULL, NULL, NULL, NULL, NULL, NULL),
(96, 2, 12, 53, 54, '2016-06-14 19:00:00', 9, NULL, NULL, NULL, NULL, NULL, NULL, NULL),
(97, 2, 23, 54, 56, '2016-06-18 16:00:00', 10, NULL, NULL, NULL, NULL, NULL, NULL, NULL),
(98, 2, 24, 53, 55, '2016-06-18 19:00:00', 10, NULL, NULL, NULL, NULL, NULL, NULL, NULL),
(99, 2, 33, 54, 55, '2016-06-22 16:00:00', 11, NULL, NULL, NULL, NULL, NULL, NULL, NULL),
(100, 2, 34, 56, 53, '2016-06-22 16:00:00', 11, NULL, NULL, NULL, NULL, NULL, NULL, NULL),
(101, 2, 37, NULL, NULL, '2016-06-25 13:00:00', 12, NULL, NULL, NULL, NULL, NULL, NULL, 'A2-C2'),
(102, 2, 38, NULL, NULL, '2016-06-25 16:00:00', 12, NULL, NULL, NULL, NULL, NULL, NULL, 'B1-ACD3'),
(103, 2, 39, NULL, NULL, '2016-06-25 19:00:00', 12, NULL, NULL, NULL, NULL, NULL, NULL, 'D1-BEF3'),
(104, 2, 40, NULL, NULL, '2016-06-26 13:00:00', 12, NULL, NULL, NULL, NULL, NULL, NULL, 'A1-CDE3'),
(105, 2, 41, NULL, NULL, '2016-06-26 16:00:00', 12, NULL, NULL, NULL, NULL, NULL, NULL, 'C1-ABF3'),
(106, 2, 42, NULL, NULL, '2016-06-26 19:00:00', 12, NULL, NULL, NULL, NULL, NULL, NULL, 'F1-E2'),
(107, 2, 43, NULL, NULL, '2016-06-27 16:00:00', 12, NULL, NULL, NULL, NULL, NULL, NULL, 'E1-D2'),
(108, 2, 44, NULL, NULL, '2016-06-27 19:00:00', 12, NULL, NULL, NULL, NULL, NULL, NULL, 'B2-F2'),
(109, 2, 45, NULL, NULL, '2016-06-30 19:00:00', 13, NULL, NULL, NULL, NULL, NULL, NULL, 'W37-W39'),
(110, 2, 46, NULL, NULL, '2016-07-01 19:00:00', 13, NULL, NULL, NULL, NULL, NULL, NULL, 'W38-W42'),
(111, 2, 47, NULL, NULL, '2016-07-02 19:00:00', 13, NULL, NULL, NULL, NULL, NULL, NULL, 'W41-W43'),
(112, 2, 48, NULL, NULL, '2016-07-03 19:00:00', 13, NULL, NULL, NULL, NULL, NULL, NULL, 'W40-W44'),
(113, 2, 49, NULL, NULL, '2016-07-06 19:00:00', 14, NULL, NULL, NULL, NULL, NULL, NULL, 'W45-W46'),
(114, 2, 50, NULL, NULL, '2016-07-07 19:00:00', 14, NULL, NULL, NULL, NULL, NULL, NULL, 'W47-W48'),
(115, 2, 51, NULL, NULL, '2016-07-10 19:00:00', 15, NULL, NULL, NULL, NULL, NULL, NULL, 'W49-W50'),
(116, 3, 1, 57, 58, '2016-06-04 01:30:00', 16, NULL, NULL, NULL, NULL, NULL, NULL, NULL),
(117, 3, 2, 59, 60, '2016-06-04 21:00:00', 16, NULL, NULL, NULL, NULL, NULL, NULL, NULL),
(118, 3, 3, 63, 64, '2016-06-04 23:30:00', 16, NULL, NULL, NULL, NULL, NULL, NULL, NULL),
(119, 3, 4, 61, 62, '2016-06-05 02:00:00', 16, NULL, NULL, NULL, NULL, NULL, NULL, NULL),
(120, 3, 5, 67, 68, '2016-06-05 21:00:00', 16, NULL, NULL, NULL, NULL, NULL, NULL, NULL),
(121, 3, 6, 65, 66, '2016-06-06 00:00:00', 16, NULL, NULL, NULL, NULL, NULL, NULL, NULL),
(122, 3, 7, 71, 72, '2016-06-06 23:00:00', 16, NULL, NULL, NULL, NULL, NULL, NULL, NULL),
(123, 3, 8, 69, 70, '2016-06-07 02:00:00', 16, NULL, NULL, NULL, NULL, NULL, NULL, NULL),
(124, 3, 9, 57, 59, '2016-06-08 00:00:00', 17, NULL, NULL, NULL, NULL, NULL, NULL, NULL),
(125, 3, 10, 58, 60, '2016-06-08 02:30:00', 17, NULL, NULL, NULL, NULL, NULL, NULL, NULL),
(126, 3, 11, 61, 63, '2016-06-08 23:30:00', 17, NULL, NULL, NULL, NULL, NULL, NULL, NULL),
(127, 3, 12, 62, 64, '2016-06-09 02:00:00', 17, NULL, NULL, NULL, NULL, NULL, NULL, NULL),
(128, 3, 13, 66, 68, '2016-06-09 23:30:00', 17, NULL, NULL, NULL, NULL, NULL, NULL, NULL),
(129, 3, 14, 65, 67, '2016-06-10 02:00:00', 17, NULL, NULL, NULL, NULL, NULL, NULL, NULL),
(130, 3, 15, 70, 72, '2016-06-10 23:00:00', 17, NULL, NULL, NULL, NULL, NULL, NULL, NULL),
(131, 3, 16, 69, 71, '2016-06-11 01:30:00', 17, NULL, NULL, NULL, NULL, NULL, NULL, NULL),
(132, 3, 17, 57, 60, '2016-06-11 23:00:00', 18, NULL, NULL, NULL, NULL, NULL, NULL, NULL),
(133, 3, 18, 58, 59, '2016-06-12 01:00:00', 18, NULL, NULL, NULL, NULL, NULL, NULL, NULL),
(134, 3, 19, 62, 63, '2016-06-12 22:30:00', 18, NULL, NULL, NULL, NULL, NULL, NULL, NULL),
(135, 3, 20, 61, 64, '2016-06-13 00:30:00', 18, NULL, NULL, NULL, NULL, NULL, NULL, NULL),
(136, 3, 21, 65, 68, '2016-06-14 00:00:00', 18, NULL, NULL, NULL, NULL, NULL, NULL, NULL),
(137, 3, 22, 66, 67, '2016-06-14 02:00:00', 18, NULL, NULL, NULL, NULL, NULL, NULL, NULL),
(138, 3, 23, 70, 71, '2016-06-15 00:00:00', 18, NULL, NULL, NULL, NULL, NULL, NULL, NULL),
(139, 3, 24, 69, 72, '2016-06-15 02:00:00', 18, NULL, NULL, NULL, NULL, NULL, NULL, NULL),
(140, 3, 25, NULL, NULL, '2016-06-17 01:30:00', 19, NULL, NULL, NULL, NULL, NULL, NULL, 'A1-B2'),
(141, 3, 26, NULL, NULL, '2016-06-18 00:00:00', 19, NULL, NULL, NULL, NULL, NULL, NULL, 'B1-A2'),
(142, 3, 27, NULL, NULL, '2016-06-18 23:00:00', 19, NULL, NULL, NULL, NULL, NULL, NULL, 'D1-C2'),
(143, 3, 28, NULL, NULL, '2016-06-19 02:00:00', 19, NULL, NULL, NULL, NULL, NULL, NULL, 'C1-D2'),
(144, 3, 29, NULL, NULL, '2016-06-22 01:00:00', 20, NULL, NULL, NULL, NULL, NULL, NULL, 'W25-W27'),
(145, 3, 30, NULL, NULL, '2016-06-23 00:00:00', 20, NULL, NULL, NULL, NULL, NULL, NULL, 'W26-W28'),
(146, 3, 31, NULL, NULL, '2016-06-26 00:00:00', 21, NULL, NULL, NULL, NULL, NULL, NULL, 'L29-L30'),
(147, 3, 32, NULL, NULL, '2016-06-27 00:00:00', 22, NULL, NULL, NULL, NULL, NULL, NULL, 'W29-W30'),
(148, 4, 1, 95, 96, '2018-06-14 15:00:00', 23, NULL, NULL, NULL, NULL, NULL, NULL, NULL),
(149, 4, 2, 73, 104, '2018-06-15 12:00:00', 23, NULL, NULL, NULL, NULL, NULL, NULL, NULL),
(150, 4, 3, 88, 83, '2018-06-15 15:00:00', 23, NULL, NULL, NULL, NULL, NULL, NULL, NULL),
(151, 4, 4, 94, 101, '2018-06-15 18:00:00', 23, NULL, NULL, NULL, NULL, NULL, NULL, NULL),
(152, 4, 5, 82, 75, '2018-06-16 10:00:00', 23, NULL, NULL, NULL, NULL, NULL, NULL, NULL),
(153, 4, 6, 74, 84, '2018-06-16 13:00:00', 23, NULL, NULL, NULL, NULL, NULL, NULL, NULL),
(154, 4, 7, 92, 79, '2018-06-16 16:00:00', 23, NULL, NULL, NULL, NULL, NULL, NULL, NULL),
(155, 4, 8, 87, 90, '2018-06-16 19:00:00', 23, NULL, NULL, NULL, NULL, NULL, NULL, NULL),
(156, 4, 9, 78, 100, '2018-06-17 12:00:00', 23, NULL, NULL, NULL, NULL, NULL, NULL, NULL),
(157, 4, 10, 80, 89, '2018-06-17 15:00:00', 23, NULL, NULL, NULL, NULL, NULL, NULL, NULL),
(158, 4, 11, 77, 98, '2018-06-17 18:00:00', 23, NULL, NULL, NULL, NULL, NULL, NULL, NULL),
(159, 4, 12, 97, 102, '2018-06-18 12:00:00', 23, NULL, NULL, NULL, NULL, NULL, NULL, NULL),
(160, 4, 13, 76, 91, '2018-06-18 15:00:00', 23, NULL, NULL, NULL, NULL, NULL, NULL, NULL),
(161, 4, 14, 103, 81, '2018-06-18 18:00:00', 23, NULL, NULL, NULL, NULL, NULL, NULL, NULL),
(162, 4, 15, 86, 85, '2018-06-19 12:00:00', 23, NULL, NULL, NULL, NULL, NULL, NULL, NULL),
(163, 4, 16, 93, 99, '2018-06-19 15:00:00', 23, NULL, NULL, NULL, NULL, NULL, NULL, NULL),
(164, 4, 17, 95, 73, '2018-06-19 18:00:00', 24, NULL, NULL, NULL, NULL, NULL, NULL, NULL),
(165, 4, 18, 94, 88, '2018-06-20 12:00:00', 24, NULL, NULL, NULL, NULL, NULL, NULL, NULL),
(166, 4, 19, 104, 96, '2018-06-20 15:00:00', 24, NULL, NULL, NULL, NULL, NULL, NULL, NULL),
(167, 4, 20, 83, 101, '2018-06-20 18:00:00', 24, NULL, NULL, NULL, NULL, NULL, NULL, NULL),
(168, 4, 21, 79, 75, '2018-06-21 12:00:00', 24, NULL, NULL, NULL, NULL, NULL, NULL, NULL),
(169, 4, 22, 82, 92, '2018-06-21 15:00:00', 24, NULL, NULL, NULL, NULL, NULL, NULL, NULL),
(170, 4, 23, 74, 87, '2018-06-21 18:00:00', 24, NULL, NULL, NULL, NULL, NULL, NULL, NULL),
(171, 4, 24, 77, 78, '2018-06-22 12:00:00', 24, NULL, NULL, NULL, NULL, NULL, NULL, NULL),
(172, 4, 25, 90, 84, '2018-06-22 15:00:00', 24, NULL, NULL, NULL, NULL, NULL, NULL, NULL),
(173, 4, 26, 100, 98, '2018-06-22 18:00:00', 24, NULL, NULL, NULL, NULL, NULL, NULL, NULL),
(174, 4, 27, 76, 103, '2018-06-23 12:00:00', 24, NULL, NULL, NULL, NULL, NULL, NULL, NULL),
(175, 4, 28, 102, 89, '2018-06-23 15:00:00', 24, NULL, NULL, NULL, NULL, NULL, NULL, NULL),
(176, 4, 29, 80, 97, '2018-06-23 18:00:00', 24, NULL, NULL, NULL, NULL, NULL, NULL, NULL),
(177, 4, 30, 81, 91, '2018-06-24 12:00:00', 24, NULL, NULL, NULL, NULL, NULL, NULL, NULL),
(178, 4, 31, 85, 99, '2018-06-24 15:00:00', 24, NULL, NULL, NULL, NULL, NULL, NULL, NULL),
(179, 4, 32, 93, 86, '2018-06-24 18:00:00', 24, NULL, NULL, NULL, NULL, NULL, NULL, NULL),
(180, 4, 33, 104, 95, '2018-06-25 14:00:00', 25, NULL, NULL, NULL, NULL, NULL, NULL, NULL),
(181, 4, 34, 96, 73, '2018-06-25 14:00:00', 25, NULL, NULL, NULL, NULL, NULL, NULL, NULL),
(182, 4, 35, 83, 94, '2018-06-25 18:00:00', 25, NULL, NULL, NULL, NULL, NULL, NULL, NULL),
(183, 4, 36, 101, 88, '2018-06-25 18:00:00', 25, NULL, NULL, NULL, NULL, NULL, NULL, NULL),
(184, 4, 37, 79, 82, '2018-06-26 14:00:00', 25, NULL, NULL, NULL, NULL, NULL, NULL, NULL),
(185, 4, 38, 75, 92, '2018-06-26 14:00:00', 25, NULL, NULL, NULL, NULL, NULL, NULL, NULL),
(186, 4, 39, 90, 74, '2018-06-26 18:00:00', 25, NULL, NULL, NULL, NULL, NULL, NULL, NULL),
(187, 4, 40, 84, 87, '2018-06-26 18:00:00', 25, NULL, NULL, NULL, NULL, NULL, NULL, NULL),
(188, 4, 41, 102, 80, '2018-06-27 14:00:00', 25, NULL, NULL, NULL, NULL, NULL, NULL, NULL),
(189, 4, 42, 89, 97, '2018-06-27 14:00:00', 25, NULL, NULL, NULL, NULL, NULL, NULL, NULL),
(190, 4, 43, 100, 77, '2018-06-27 18:00:00', 25, NULL, NULL, NULL, NULL, NULL, NULL, NULL),
(191, 4, 44, 98, 78, '2018-06-27 18:00:00', 25, NULL, NULL, NULL, NULL, NULL, NULL, NULL),
(192, 4, 45, 85, 93, '2018-06-28 14:00:00', 25, NULL, NULL, NULL, NULL, NULL, NULL, NULL),
(193, 4, 46, 99, 86, '2018-06-28 14:00:00', 25, NULL, NULL, NULL, NULL, NULL, NULL, NULL),
(194, 4, 47, 81, 76, '2018-06-28 18:00:00', 25, NULL, NULL, NULL, NULL, NULL, NULL, NULL),
(195, 4, 48, 91, 103, '2018-06-28 18:00:00', 25, NULL, NULL, NULL, NULL, NULL, NULL, NULL),
(196, 4, 49, NULL, NULL, '2018-06-30 14:00:00', 26, NULL, NULL, NULL, NULL, NULL, NULL, 'C1-D2'),
(197, 4, 50, NULL, NULL, '2018-06-30 18:00:00', 26, NULL, NULL, NULL, NULL, NULL, NULL, 'A1-B2'),
(198, 4, 51, NULL, NULL, '2018-07-01 14:00:00', 26, NULL, NULL, NULL, NULL, NULL, NULL, 'B1-A2'),
(199, 4, 52, NULL, NULL, '2018-07-01 18:00:00', 26, NULL, NULL, NULL, NULL, NULL, NULL, 'D1-C2'),
(200, 4, 53, NULL, NULL, '2018-07-02 14:00:00', 26, NULL, NULL, NULL, NULL, NULL, NULL, 'E1-F2'),
(201, 4, 54, NULL, NULL, '2018-07-02 18:00:00', 26, NULL, NULL, NULL, NULL, NULL, NULL, 'G1-H2'),
(202, 4, 55, NULL, NULL, '2018-07-03 14:00:00', 26, NULL, NULL, NULL, NULL, NULL, NULL, 'F1-E2'),
(203, 4, 56, NULL, NULL, '2018-07-03 18:00:00', 26, NULL, NULL, NULL, NULL, NULL, NULL, 'H1-G2'),
(204, 4, 57, NULL, NULL, '2018-07-06 14:00:00', 27, NULL, NULL, NULL, NULL, NULL, NULL, 'W49-W50'),
(205, 4, 58, NULL, NULL, '2018-07-06 18:00:00', 27, NULL, NULL, NULL, NULL, NULL, NULL, 'W53-W54'),
(206, 4, 59, NULL, NULL, '2018-07-07 14:00:00', 27, NULL, NULL, NULL, NULL, NULL, NULL, 'W55-W56'),
(207, 4, 60, NULL, NULL, '2018-07-07 18:00:00', 27, NULL, NULL, NULL, NULL, NULL, NULL, 'W51-W52'),
(208, 4, 61, NULL, NULL, '2018-07-10 18:00:00', 28, NULL, NULL, NULL, NULL, NULL, NULL, 'W57-W58'),
(209, 4, 62, NULL, NULL, '2018-07-11 18:00:00', 28, NULL, NULL, NULL, NULL, NULL, NULL, 'W59-W60'),
(210, 4, 63, NULL, NULL, '2018-07-14 14:00:00', 29, NULL, NULL, NULL, NULL, NULL, NULL, 'L61-L62'),
(211, 4, 64, NULL, NULL, '2018-07-15 15:00:00', 30, NULL, NULL, NULL, NULL, NULL, NULL, 'W61-W62'),
(212, 5, 1, 127, 106, '2019-01-05 16:00:00', 31, NULL, NULL, NULL, NULL, NULL, NULL, NULL),
(213, 5, 2, 105, 113, '2019-01-06 11:00:00', 31, NULL, NULL, NULL, NULL, NULL, NULL, NULL),
(214, 5, 3, 124, 108, '2019-01-06 13:30:00', 31, NULL, NULL, NULL, NULL, NULL, NULL, NULL),
(215, 5, 4, 123, 119, '2019-01-06 16:00:00', 31, NULL, NULL, NULL, NULL, NULL, NULL, NULL),
(216, 5, 5, 107, 115, '2019-01-07 11:00:00', 31, NULL, NULL, NULL, NULL, NULL, NULL, NULL),
(217, 5, 6, 122, 120, '2019-01-07 13:30:00', 31, NULL, NULL, NULL, NULL, NULL, NULL, NULL),
(218, 5, 7, 110, 112, '2019-01-07 16:00:00', 31, NULL, NULL, NULL, NULL, NULL, NULL, NULL),
(219, 5, 8, 109, 128, '2019-01-08 13:30:00', 31, NULL, NULL, NULL, NULL, NULL, NULL, NULL),
(220, 5, 9, 121, 117, '2019-01-08 16:00:00', 31, NULL, NULL, NULL, NULL, NULL, NULL, NULL),
(221, 5, 10, 111, 125, '2019-01-09 11:00:00', 31, NULL, NULL, NULL, NULL, NULL, NULL, NULL),
(222, 5, 11, 126, 118, '2019-01-09 13:30:00', 31, NULL, NULL, NULL, NULL, NULL, NULL, NULL),
(223, 5, 12, 114, 116, '2019-01-09 16:00:00', 31, NULL, NULL, NULL, NULL, NULL, NULL, NULL),
(224, 5, 13, 106, 124, '2019-01-10 11:00:00', 32, NULL, NULL, NULL, NULL, NULL, NULL, NULL),
(225, 5, 14, 113, 123, '2019-01-10 13:30:00', 32, NULL, NULL, NULL, NULL, NULL, NULL, NULL),
(226, 5, 15, 108, 127, '2019-01-10 16:00:00', 32, NULL, NULL, NULL, NULL, NULL, NULL, NULL),
(227, 5, 16, 119, 105, '2019-01-11 11:00:00', 32, NULL, NULL, NULL, NULL, NULL, NULL, NULL),
(228, 5, 17, 120, 107, '2019-01-11 13:30:00', 32, NULL, NULL, NULL, NULL, NULL, NULL, NULL),
(229, 5, 18, 115, 122, '2019-01-11 16:00:00', 32, NULL, NULL, NULL, NULL, NULL, NULL, NULL),
(230, 5, 19, 128, 110, '2019-01-12 11:00:00', 32, NULL, NULL, NULL, NULL, NULL, NULL, NULL),
(231, 5, 20, 112, 109, '2019-01-12 13:30:00', 32, NULL, NULL, NULL, NULL, NULL, NULL, NULL),
(232, 5, 21, 116, 121, '2019-01-12 16:00:00', 32, NULL, NULL, NULL, NULL, NULL, NULL, NULL),
(233, 5, 22, 117, 114, '2019-01-13 11:00:00', 32, NULL, NULL, NULL, NULL, NULL, NULL, NULL),
(234, 5, 23, 118, 111, '2019-01-13 13:30:00', 32, NULL, NULL, NULL, NULL, NULL, NULL, NULL),
(235, 5, 24, 125, 126, '2019-01-13 16:00:00', 32, NULL, NULL, NULL, NULL, NULL, NULL, NULL),
(236, 5, 25, 127, 124, '2019-01-14 16:00:00', 33, NULL, NULL, NULL, NULL, NULL, NULL, NULL),
(237, 5, 26, 108, 106, '2019-01-14 16:00:00', 33, NULL, NULL, NULL, NULL, NULL, NULL, NULL),
(238, 5, 27, 105, 123, '2019-01-15 13:30:00', 33, NULL, NULL, NULL, NULL, NULL, NULL, NULL),
(239, 5, 28, 119, 113, '2019-01-15 13:30:00', 33, NULL, NULL, NULL, NULL, NULL, NULL, NULL),
(240, 5, 29, 122, 107, '2019-01-16 13:30:00', 33, NULL, NULL, NULL, NULL, NULL, NULL, NULL),
(241, 5, 30, 115, 120, '2019-01-16 13:30:00', 33, NULL, NULL, NULL, NULL, NULL, NULL, NULL),
(242, 5, 31, 128, 112, '2019-01-16 16:00:00', 33, NULL, NULL, NULL, NULL, NULL, NULL, NULL),
(243, 5, 32, 110, 109, '2019-01-16 16:00:00', 33, NULL, NULL, NULL, NULL, NULL, NULL, NULL),
(244, 5, 33, 118, 125, '2019-01-17 13:30:00', 33, NULL, NULL, NULL, NULL, NULL, NULL, NULL),
(245, 5, 34, 111, 126, '2019-01-17 13:30:00', 33, NULL, NULL, NULL, NULL, NULL, NULL, NULL),
(246, 5, 35, 121, 114, '2019-01-17 16:00:00', 33, NULL, NULL, NULL, NULL, NULL, NULL, NULL),
(247, 5, 36, 116, 117, '2019-01-17 16:00:00', 33, NULL, NULL, NULL, NULL, NULL, NULL, NULL),
(248, 5, 37, NULL, NULL, '2019-01-20 11:00:00', 34, NULL, NULL, NULL, NULL, NULL, NULL, 'B1-ACD3'),
(249, 5, 38, NULL, NULL, '2019-01-20 14:00:00', 34, NULL, NULL, NULL, NULL, NULL, NULL, 'A2-C2'),
(250, 5, 39, NULL, NULL, '2019-01-20 17:00:00', 34, NULL, NULL, NULL, NULL, NULL, NULL, 'D1-BEF3'),
(251, 5, 40, NULL, NULL, '2019-01-21 11:00:00', 34, NULL, NULL, NULL, NULL, NULL, NULL, 'F1-E2'),
(252, 5, 41, NULL, NULL, '2019-01-21 14:00:00', 34, NULL, NULL, NULL, NULL, NULL, NULL, 'B2-F2'),
(253, 5, 42, NULL, NULL, '2019-01-21 17:00:00', 34, NULL, NULL, NULL, NULL, NULL, NULL, 'A1-CDE3'),
(254, 5, 43, NULL, NULL, '2019-01-22 13:00:00', 34, NULL, NULL, NULL, NULL, NULL, NULL, 'C1-ABF3'),
(255, 5, 44, NULL, NULL, '2019-01-22 16:00:00', 34, NULL, NULL, NULL, NULL, NULL, NULL, 'E1-D2'),
(256, 5, 45, NULL, NULL, '2019-01-24 13:00:00', 35, NULL, NULL, NULL, NULL, NULL, NULL, 'W37-W40'),
(257, 5, 46, NULL, NULL, '2019-01-24 16:00:00', 35, NULL, NULL, NULL, NULL, NULL, NULL, 'W38-W39'),
(258, 5, 47, NULL, NULL, '2019-01-25 13:00:00', 35, NULL, NULL, NULL, NULL, NULL, NULL, 'W43-W44'),
(259, 5, 48, NULL, NULL, '2019-01-25 16:00:00', 35, NULL, NULL, NULL, NULL, NULL, NULL, 'W42-W41'),
(260, 5, 49, NULL, NULL, '2019-01-28 14:00:00', 36, NULL, NULL, NULL, NULL, NULL, NULL, 'W46-W45'),
(261, 5, 50, NULL, NULL, '2019-01-29 14:00:00', 36, NULL, NULL, NULL, NULL, NULL, NULL, 'W47-W48'),
(262, 5, 51, NULL, NULL, '2019-02-01 14:00:00', 37, NULL, NULL, NULL, NULL, NULL, NULL, 'W49-W50'),
(263, 6, 1, 131, 130, '2019-06-15 00:30:00', 38, NULL, NULL, NULL, NULL, NULL, NULL, NULL),
(264, 6, 2, 140, 138, '2019-06-15 19:00:00', 38, NULL, NULL, NULL, NULL, NULL, NULL, NULL),
(265, 6, 3, 129, 136, '2019-06-15 22:00:00', 38, NULL, NULL, NULL, NULL, NULL, NULL, NULL),
(266, 6, 4, 137, 135, '2019-06-16 19:00:00', 38, NULL, NULL, NULL, NULL, NULL, NULL, NULL),
(267, 6, 5, 139, 133, '2019-06-16 22:00:00', 38, NULL, NULL, NULL, NULL, NULL, NULL, NULL),
(268, 6, 6, 134, 132, '2019-06-17 23:00:00', 38, NULL, NULL, NULL, NULL, NULL, NULL, NULL),
(269, 6, 7, 130, 138, '2019-06-18 21:30:00', 39, NULL, NULL, NULL, NULL, NULL, NULL, NULL),
(270, 6, 8, 131, 140, '2019-06-19 00:30:00', 39, NULL, NULL, NULL, NULL, NULL, NULL, NULL),
(271, 6, 9, 136, 135, '2019-06-19 21:30:00', 39, NULL, NULL, NULL, NULL, NULL, NULL, NULL),
(272, 6, 10, 129, 137, '2019-06-20 00:30:00', 39, NULL, NULL, NULL, NULL, NULL, NULL, NULL),
(273, 6, 11, 139, 134, '2019-06-20 23:00:00', 39, NULL, NULL, NULL, NULL, NULL, NULL, NULL),
(274, 6, 12, 133, 132, '2019-06-21 23:00:00', 39, NULL, NULL, NULL, NULL, NULL, NULL, NULL),
(275, 6, 13, 138, 131, '2019-06-22 19:00:00', 40, NULL, NULL, NULL, NULL, NULL, NULL, NULL),
(276, 6, 14, 130, 140, '2019-06-22 19:00:00', 40, NULL, NULL, NULL, NULL, NULL, NULL, NULL),
(277, 6, 15, 135, 129, '2019-06-23 19:00:00', 40, NULL, NULL, NULL, NULL, NULL, NULL, NULL),
(278, 6, 16, 136, 137, '2019-06-23 19:00:00', 40, NULL, NULL, NULL, NULL, NULL, NULL, NULL),
(279, 6, 17, 132, 139, '2019-06-24 23:00:00', 40, NULL, NULL, NULL, NULL, NULL, NULL, NULL),
(280, 6, 18, 133, 134, '2019-06-24 23:00:00', 40, NULL, NULL, NULL, NULL, NULL, NULL, NULL),
(281, 6, 19, NULL, NULL, '2019-06-28 00:30:00', 41, NULL, NULL, NULL, NULL, NULL, NULL, 'A1-BC3'),
(282, 6, 20, NULL, NULL, '2019-06-28 19:00:00', 41, NULL, NULL, NULL, NULL, NULL, NULL, 'A2-B2'),
(283, 6, 21, NULL, NULL, '2019-06-28 23:00:00', 41, NULL, NULL, NULL, NULL, NULL, NULL, 'B1-C2'),
(284, 6, 22, NULL, NULL, '2019-06-29 19:00:00', 41, NULL, NULL, NULL, NULL, NULL, NULL, 'C1-AB3'),
(285, 6, 23, NULL, NULL, '2019-07-03 00:30:00', 42, NULL, NULL, NULL, NULL, NULL, NULL, 'W19-W20'),
(286, 6, 24, NULL, NULL, '2019-07-04 00:30:00', 42, NULL, NULL, NULL, NULL, NULL, NULL, 'W21-W22'),
(287, 6, 25, NULL, NULL, '2019-07-06 19:00:00', 43, NULL, NULL, NULL, NULL, NULL, NULL, 'L23-L24'),
(288, 6, 26, NULL, NULL, '2019-07-07 20:00:00', 44, NULL, NULL, NULL, NULL, NULL, NULL, 'W23-W24'),
(289, 7, 1, 141, 160, '2019-06-21 20:00:00', 45, NULL, NULL, NULL, NULL, NULL, NULL, NULL),
(290, 7, 2, 146, 164, '2019-06-22 14:30:00', 45, NULL, NULL, NULL, NULL, NULL, NULL, NULL),
(291, 7, 3, 158, 145, '2019-06-22 17:00:00', 45, NULL, NULL, NULL, NULL, NULL, NULL, NULL),
(292, 7, 4, 149, 153, '2019-06-22 20:00:00', 45, NULL, NULL, NULL, NULL, NULL, NULL, NULL),
(293, 7, 5, 155, 157, '2019-06-23 14:30:00', 45, NULL, NULL, NULL, NULL, NULL, NULL, NULL),
(294, 7, 6, 159, 162, '2019-06-23 17:00:00', 45, NULL, NULL, NULL, NULL, NULL, NULL, NULL),
(295, 7, 7, 142, 152, '2019-06-23 20:00:00', 45, NULL, NULL, NULL, NULL, NULL, NULL, NULL),
(296, 7, 8, 147, 161, '2019-06-24 14:30:00', 45, NULL, NULL, NULL, NULL, NULL, NULL, NULL),
(297, 7, 9, 163, 143, '2019-06-24 17:00:00', 45, NULL, NULL, NULL, NULL, NULL, NULL, NULL),
(298, 7, 10, 154, 156, '2019-06-24 20:00:00', 45, NULL, NULL, NULL, NULL, NULL, NULL, NULL),
(299, 7, 11, 151, 150, '2019-06-25 17:00:00', 45, NULL, NULL, NULL, NULL, NULL, NULL, NULL),
(300, 7, 12, 148, 144, '2019-06-25 20:00:00', 45, NULL, NULL, NULL, NULL, NULL, NULL, NULL),
(301, 7, 13, 158, 149, '2019-06-26 14:30:00', 46, NULL, NULL, NULL, NULL, NULL, NULL, NULL),
(302, 7, 14, 164, 160, '2019-06-26 17:00:00', 46, NULL, NULL, NULL, NULL, NULL, NULL, NULL),
(303, 7, 15, 141, 146, '2019-06-26 20:00:00', 46, NULL, NULL, NULL, NULL, NULL, NULL, NULL),
(304, 7, 16, 153, 145, '2019-06-27 14:30:00', 46, NULL, NULL, NULL, NULL, NULL, NULL, NULL),
(305, 7, 17, 159, 142, '2019-06-27 17:00:00', 46, NULL, NULL, NULL, NULL, NULL, NULL, NULL),
(306, 7, 18, 152, 162, '2019-06-27 20:00:00', 46, NULL, NULL, NULL, NULL, NULL, NULL, NULL),
(307, 7, 19, 163, 154, '2019-06-28 14:30:00', 46, NULL, NULL, NULL, NULL, NULL, NULL, NULL),
(308, 7, 20, 155, 147, '2019-06-28 17:00:00', 46, NULL, NULL, NULL, NULL, NULL, NULL, NULL),
(309, 7, 21, 161, 157, '2019-06-28 20:00:00', 46, NULL, NULL, NULL, NULL, NULL, NULL, NULL),
(310, 7, 22, 156, 143, '2019-06-29 14:30:00', 46, NULL, NULL, NULL, NULL, NULL, NULL, NULL),
(311, 7, 23, 151, 148, '2019-06-29 17:00:00', 46, NULL, NULL, NULL, NULL, NULL, NULL, NULL),
(312, 7, 24, 144, 150, '2019-06-29 20:00:00', 46, NULL, NULL, NULL, NULL, NULL, NULL, NULL),
(313, 7, 25, 153, 158, '2019-06-30 16:00:00', 47, NULL, NULL, NULL, NULL, NULL, NULL, NULL),
(314, 7, 26, 145, 149, '2019-06-30 16:00:00', 47, NULL, NULL, NULL, NULL, NULL, NULL, NULL),
(315, 7, 27, 164, 141, '2019-06-30 19:00:00', 47, NULL, NULL, NULL, NULL, NULL, NULL, NULL),
(316, 7, 28, 160, 146, '2019-06-30 19:00:00', 47, NULL, NULL, NULL, NULL, NULL, NULL, NULL),
(317, 7, 29, 161, 155, '2019-07-01 16:00:00', 47, NULL, NULL, NULL, NULL, NULL, NULL, NULL),
(318, 7, 30, 157, 147, '2019-07-01 16:00:00', 47, NULL, NULL, NULL, NULL, NULL, NULL, NULL),
(319, 7, 31, 152, 159, '2019-07-01 19:00:00', 47, NULL, NULL, NULL, NULL, NULL, NULL, NULL),
(320, 7, 32, 162, 142, '2019-07-01 19:00:00', 47, NULL, NULL, NULL, NULL, NULL, NULL, NULL),
(321, 7, 33, 144, 151, '2019-07-02 16:00:00', 47, NULL, NULL, NULL, NULL, NULL, NULL, NULL),
(322, 7, 34, 150, 148, '2019-07-02 16:00:00', 47, NULL, NULL, NULL, NULL, NULL, NULL, NULL),
(323, 7, 35, 156, 163, '2019-07-02 19:00:00', 47, NULL, NULL, NULL, NULL, NULL, NULL, NULL),
(324, 7, 36, 143, 154, '2019-07-02 19:00:00', 47, NULL, NULL, NULL, NULL, NULL, NULL, NULL),
(325, 7, 37, NULL, NULL, '2019-07-05 16:00:00', 48, NULL, NULL, NULL, NULL, NULL, NULL, 'D1-BEF3'),
(326, 7, 38, NULL, NULL, '2019-07-05 19:00:00', 48, NULL, NULL, NULL, NULL, NULL, NULL, 'A2-C2'),
(327, 7, 39, NULL, NULL, '2019-07-06 17:00:00', 48, NULL, NULL, NULL, NULL, NULL, NULL, 'B2-F2'),
(328, 7, 40, NULL, NULL, '2019-07-06 19:00:00', 48, NULL, NULL, NULL, NULL, NULL, NULL, 'A1-CDE3'),
(329, 7, 41, NULL, NULL, '2019-07-07 16:00:00', 48, NULL, NULL, NULL, NULL, NULL, NULL, 'B1-ACD3'),
(330, 7, 42, NULL, NULL, '2019-07-07 19:00:00', 48, NULL, NULL, NULL, NULL, NULL, NULL, 'C1-ABF3'),
(331, 7, 43, NULL, NULL, '2019-07-08 17:00:00', 48, NULL, NULL, NULL, NULL, NULL, NULL, 'E1-D2'),
(332, 7, 44, NULL, NULL, '2019-07-08 19:00:00', 48, NULL, NULL, NULL, NULL, NULL, NULL, 'F1-E2'),
(333, 7, 45, NULL, NULL, '2019-07-10 17:00:00', 49, NULL, NULL, NULL, NULL, NULL, NULL, 'W38-W38'),
(334, 7, 46, NULL, NULL, '2019-07-10 19:00:00', 49, NULL, NULL, NULL, NULL, NULL, NULL, 'W39-W40'),
(335, 7, 47, NULL, NULL, '2019-07-11 17:00:00', 49, NULL, NULL, NULL, NULL, NULL, NULL, 'W43-W42'),
(336, 7, 48, NULL, NULL, '2019-07-11 19:00:00', 49, NULL, NULL, NULL, NULL, NULL, NULL, 'W41-W44'),
(337, 7, 49, NULL, NULL, '2019-07-14 16:00:00', 50, NULL, NULL, NULL, NULL, NULL, NULL, 'W45-W46'),
(338, 7, 50, NULL, NULL, '2019-07-14 19:00:00', 50, NULL, NULL, NULL, NULL, NULL, NULL, 'W47-W48'),
(339, 7, 51, NULL, NULL, '2019-07-17 19:00:00', 51, NULL, NULL, NULL, NULL, NULL, NULL, 'L49-L50'),
(340, 7, 52, NULL, NULL, '2019-07-19 19:00:00', 52, NULL, NULL, NULL, NULL, NULL, NULL, 'W49-W50'),
(341, 8, 1, 185, 171, '2021-06-11 19:00:00', 53, NULL, NULL, NULL, NULL, NULL, NULL, NULL),
(342, 8, 2, 188, 181, '2021-06-12 13:00:00', 53, NULL, NULL, NULL, NULL, NULL, NULL, NULL),
(343, 8, 3, 166, 169, '2021-06-12 16:00:00', 53, NULL, NULL, NULL, NULL, NULL, NULL, NULL),
(344, 8, 4, 165, 178, '2021-06-12 19:00:00', 53, NULL, NULL, NULL, NULL, NULL, NULL, NULL),
(345, 8, 5, 168, 172, '2021-06-13 13:00:00', 53, NULL, NULL, NULL, NULL, NULL, NULL, NULL),
(346, 8, 6, 175, 174, '2021-06-13 16:00:00', 53, NULL, NULL, NULL, NULL, NULL, NULL, NULL),
(347, 8, 7, 173, 186, '2021-06-13 19:00:00', 53, NULL, NULL, NULL, NULL, NULL, NULL, NULL),
(348, 8, 8, 179, 184, '2021-06-14 13:00:00', 53, NULL, NULL, NULL, NULL, NULL, NULL, NULL),
(349, 8, 9, 176, 182, '2021-06-14 16:00:00', 53, NULL, NULL, NULL, NULL, NULL, NULL, NULL),
(350, 8, 10, 183, 180, '2021-06-14 19:00:00', 53, NULL, NULL, NULL, NULL, NULL, NULL, NULL),
(351, 8, 11, 187, 177, '2021-06-15 16:00:00', 53, NULL, NULL, NULL, NULL, NULL, NULL, NULL),
(352, 8, 12, 170, 167, '2021-06-15 19:00:00', 53, NULL, NULL, NULL, NULL, NULL, NULL, NULL),
(353, 8, 13, 169, 178, '2021-06-16 13:00:00', 54, NULL, NULL, NULL, NULL, NULL, NULL, NULL),
(354, 8, 14, 185, 188, '2021-06-16 16:00:00', 54, NULL, NULL, NULL, NULL, NULL, NULL, NULL),
(355, 8, 15, 171, 181, '2021-06-16 19:00:00', 54, NULL, NULL, NULL, NULL, NULL, NULL, NULL),
(356, 8, 16, 186, 174, '2021-06-17 13:00:00', 54, NULL, NULL, NULL, NULL, NULL, NULL, NULL),
(357, 8, 17, 166, 165, '2021-06-17 16:00:00', 54, NULL, NULL, NULL, NULL, NULL, NULL, NULL),
(358, 8, 18, 173, 175, '2021-06-17 19:00:00', 54, NULL, NULL, NULL, NULL, NULL, NULL, NULL),
(359, 8, 19, 180, 182, '2021-06-18 13:00:00', 54, NULL, NULL, NULL, NULL, NULL, NULL, NULL),
(360, 8, 20, 172, 184, '2021-06-18 16:00:00', 54, NULL, NULL, NULL, NULL, NULL, NULL, NULL),
(361, 8, 21, 168, 179, '2021-06-18 19:00:00', 54, NULL, NULL, NULL, NULL, NULL, NULL, NULL),
(362, 8, 22, 187, 170, '2021-06-19 13:00:00', 54, NULL, NULL, NULL, NULL, NULL, NULL, NULL),
(363, 8, 23, 177, 167, '2021-06-19 16:00:00', 54, NULL, NULL, NULL, NULL, NULL, NULL, NULL),
(364, 8, 24, 183, 176, '2021-06-19 19:00:00', 54, NULL, NULL, NULL, NULL, NULL, NULL, NULL),
(365, 8, 25, 171, 188, '2021-06-20 16:00:00', 55, NULL, NULL, NULL, NULL, NULL, NULL, NULL),
(366, 8, 26, 181, 185, '2021-06-20 16:00:00', 55, NULL, NULL, NULL, NULL, NULL, NULL, NULL),
(367, 8, 27, 186, 175, '2021-06-21 16:00:00', 55, NULL, NULL, NULL, NULL, NULL, NULL, NULL),
(368, 8, 28, 174, 173, '2021-06-21 16:00:00', 55, NULL, NULL, NULL, NULL, NULL, NULL, NULL),
(369, 8, 29, 178, 166, '2021-06-21 19:00:00', 55, NULL, NULL, NULL, NULL, NULL, NULL, NULL),
(370, 8, 30, 169, 165, '2021-06-21 19:00:00', 55, NULL, NULL, NULL, NULL, NULL, NULL, NULL),
(371, 8, 31, 184, 168, '2021-06-22 19:00:00', 55, NULL, NULL, NULL, NULL, NULL, NULL, NULL),
(372, 8, 32, 172, 179, '2021-06-22 19:00:00', 55, NULL, NULL, NULL, NULL, NULL, NULL, NULL),
(373, 8, 33, 180, 176, '2021-06-23 16:00:00', 55, NULL, NULL, NULL, NULL, NULL, NULL, NULL),
(374, 8, 34, 182, 183, '2021-06-23 16:00:00', 55, NULL, NULL, NULL, NULL, NULL, NULL, NULL),
(375, 8, 35, 177, 170, '2021-06-23 19:00:00', 55, NULL, NULL, NULL, NULL, NULL, NULL, NULL),
(376, 8, 36, 167, 187, '2021-06-23 19:00:00', 55, NULL, NULL, NULL, NULL, NULL, NULL, NULL),
(377, 8, 37, NULL, NULL, '2021-06-26 19:00:00', 56, NULL, NULL, NULL, NULL, NULL, NULL, 'A1-C2'),
(378, 8, 38, NULL, NULL, '2021-06-26 16:00:00', 56, NULL, NULL, NULL, NULL, NULL, NULL, 'A2-B2'),
(379, 8, 39, NULL, NULL, '2021-06-27 19:00:00', 56, NULL, NULL, NULL, NULL, NULL, NULL, 'B1-ADEF3'),
(380, 8, 40, NULL, NULL, '2021-06-27 16:00:00', 56, NULL, NULL, NULL, NULL, NULL, NULL, 'C1-DEF3'),
(381, 8, 41, NULL, NULL, '2021-06-28 19:00:00', 56, NULL, NULL, NULL, NULL, NULL, NULL, 'F1-ABC3'),
(382, 8, 42, NULL, NULL, '2021-06-28 16:00:00', 56, NULL, NULL, NULL, NULL, NULL, NULL, 'D2-E2'),
(383, 8, 43, NULL, NULL, '2021-06-29 19:00:00', 56, NULL, NULL, NULL, NULL, NULL, NULL, 'E1-ABCD3'),
(384, 8, 44, NULL, NULL, '2021-06-29 16:00:00', 56, NULL, NULL, NULL, NULL, NULL, NULL, 'D1-F2'),
(385, 8, 45, NULL, NULL, '2021-07-02 16:00:00', 57, NULL, NULL, NULL, NULL, NULL, NULL, 'W41-W42'),
(386, 8, 46, NULL, NULL, '2021-07-02 19:00:00', 57, NULL, NULL, NULL, NULL, NULL, NULL, 'W39-W37'),
(387, 8, 47, NULL, NULL, '2021-07-03 16:00:00', 57, NULL, NULL, NULL, NULL, NULL, NULL, 'W40-W38'),
(388, 8, 48, NULL, NULL, '2021-07-03 19:00:00', 57, NULL, NULL, NULL, NULL, NULL, NULL, 'W43-W44'),
(389, 8, 49, NULL, NULL, '2021-07-06 19:00:00', 58, NULL, NULL, NULL, NULL, NULL, NULL, 'W46-W45'),
(390, 8, 50, NULL, NULL, '2021-07-07 19:00:00', 58, NULL, NULL, NULL, NULL, NULL, NULL, 'W48-W47'),
(391, 8, 51, NULL, NULL, '2021-07-11 19:00:00', 59, NULL, NULL, NULL, NULL, NULL, NULL, 'W49-W50'),
(392, 9, 1, 191, 198, '2021-06-13 21:00:00', 60, NULL, NULL, NULL, NULL, NULL, NULL, NULL),
(393, 9, 2, 194, 193, '2021-06-14 00:00:00', 60, NULL, NULL, NULL, NULL, NULL, NULL, NULL),
(394, 9, 3, 189, 192, '2021-06-14 21:00:00', 60, NULL, NULL, NULL, NULL, NULL, NULL, NULL),
(395, 9, 4, 195, 190, '2021-06-15 00:00:00', 60, NULL, NULL, NULL, NULL, NULL, NULL, NULL),
(396, 9, 5, 194, 198, '2021-06-17 21:00:00', 60, NULL, NULL, NULL, NULL, NULL, NULL, NULL),
(397, 9, 6, 191, 196, '2021-06-18 00:00:00', 60, NULL, NULL, NULL, NULL, NULL, NULL, NULL),
(398, 9, 7, 192, 190, '2021-06-18 21:00:00', 60, NULL, NULL, NULL, NULL, NULL, NULL, NULL),
(399, 9, 8, 189, 197, '2021-06-19 00:00:00', 60, NULL, NULL, NULL, NULL, NULL, NULL, NULL),
(400, 9, 9, 198, 193, '2021-06-20 21:00:00', 60, NULL, NULL, NULL, NULL, NULL, NULL, NULL),
(401, 9, 10, 194, 196, '2021-06-21 00:00:00', 60, NULL, NULL, NULL, NULL, NULL, NULL, NULL),
(402, 9, 11, 197, 192, '2021-06-21 21:00:00', 60, NULL, NULL, NULL, NULL, NULL, NULL, NULL),
(403, 9, 12, 189, 195, '2021-06-22 00:00:00', 60, NULL, NULL, NULL, NULL, NULL, NULL, NULL),
(404, 9, 13, 193, 196, '2021-06-23 21:00:00', 60, NULL, NULL, NULL, NULL, NULL, NULL, NULL),
(405, 9, 14, 191, 194, '2021-06-24 00:00:00', 60, NULL, NULL, NULL, NULL, NULL, NULL, NULL),
(406, 9, 15, 190, 197, '2021-06-24 21:00:00', 60, NULL, NULL, NULL, NULL, NULL, NULL, NULL),
(407, 9, 16, 192, 195, '2021-06-25 00:00:00', 60, NULL, NULL, NULL, NULL, NULL, NULL, NULL),
(408, 9, 17, 191, 193, '2021-06-27 21:00:00', 60, NULL, NULL, NULL, NULL, NULL, NULL, NULL),
(409, 9, 18, 198, 196, '2021-06-27 21:00:00', 60, NULL, NULL, NULL, NULL, NULL, NULL, NULL),
(410, 9, 19, 190, 189, '2021-06-29 00:00:00', 60, NULL, NULL, NULL, NULL, NULL, NULL, NULL),
(411, 9, 20, 197, 195, '2021-06-29 00:00:00', 60, NULL, NULL, NULL, NULL, NULL, NULL, NULL),
(412, 9, 21, NULL, NULL, '2021-07-02 21:00:00', 61, NULL, NULL, NULL, NULL, NULL, NULL, 'B2-A3'),
(413, 9, 22, NULL, NULL, '2021-07-03 00:00:00', 61, NULL, NULL, NULL, NULL, NULL, NULL, 'B1-A4'),
(414, 9, 23, NULL, NULL, '2021-07-03 22:00:00', 61, NULL, NULL, NULL, NULL, NULL, NULL, 'A2-B3'),
(415, 9, 24, NULL, NULL, '2021-07-04 01:00:00', 61, NULL, NULL, NULL, NULL, NULL, NULL, 'A1-B4'),
(416, 9, 25, NULL, NULL, '2021-07-05 23:00:00', 62, NULL, NULL, NULL, NULL, NULL, NULL, 'W22-W21'),
(417, 9, 26, NULL, NULL, '2021-07-07 01:00:00', 62, NULL, NULL, NULL, NULL, NULL, NULL, 'W24-W23'),
(418, 9, 27, NULL, NULL, '2021-07-10 00:00:00', 63, NULL, NULL, NULL, NULL, NULL, NULL, 'L26-L25'),
(419, 9, 28, NULL, NULL, '2021-07-11 00:00:00', 64, NULL, NULL, NULL, NULL, NULL, NULL, 'W26-W25'),
(420, 10, 1, 209, 200, '2021-11-30 16:00:00', 65, NULL, NULL, NULL, NULL, NULL, NULL, NULL),
(421, 10, 2, 213, 205, '2021-11-30 10:00:00', 65, NULL, NULL, NULL, NULL, NULL, NULL, NULL),
(422, 10, 3, 202, 207, '2021-11-30 13:00:00', 65, NULL, NULL, NULL, NULL, NULL, NULL, NULL),
(423, 10, 4, 214, 212, '2021-11-30 19:00:00', 65, NULL, NULL, NULL, NULL, NULL, NULL, NULL),
(424, 10, 5, 199, 211, '2021-12-01 10:00:00', 65, NULL, NULL, NULL, NULL, NULL, NULL, NULL),
(425, 10, 6, 201, 204, '2021-12-01 13:00:00', 65, NULL, NULL, NULL, NULL, NULL, NULL, NULL),
(426, 10, 7, 206, 208, '2021-12-01 16:00:00', 65, NULL, NULL, NULL, NULL, NULL, NULL, NULL),
(427, 10, 8, 210, 203, '2021-12-01 19:00:00', 65, NULL, NULL, NULL, NULL, NULL, NULL, NULL),
(428, 10, 9, 200, 202, '2021-12-03 10:00:00', 66, NULL, NULL, NULL, NULL, NULL, NULL, NULL),
(429, 10, 10, 207, 209, '2021-12-03 13:00:00', 66, NULL, NULL, NULL, NULL, NULL, NULL, NULL),
(430, 10, 11, 205, 214, '2021-12-03 16:00:00', 66, NULL, NULL, NULL, NULL, NULL, NULL, NULL),
(431, 10, 12, 212, 213, '2021-12-03 19:00:00', 66, NULL, NULL, NULL, NULL, NULL, NULL, NULL),
(432, 10, 13, 203, 206, '2021-12-04 10:00:00', 66, NULL, NULL, NULL, NULL, NULL, NULL, NULL),
(433, 10, 14, 204, 199, '2021-12-04 13:00:00', 66, NULL, NULL, NULL, NULL, NULL, NULL, NULL),
(434, 10, 15, 211, 201, '2021-12-04 16:00:00', 66, NULL, NULL, NULL, NULL, NULL, NULL, NULL),
(435, 10, 16, 208, 210, '2021-12-04 19:00:00', 66, NULL, NULL, NULL, NULL, NULL, NULL, NULL),
(436, 10, 17, 212, 205, '2021-12-06 15:00:00', 67, NULL, NULL, NULL, NULL, NULL, NULL, NULL),
(437, 10, 18, 213, 214, '2021-12-06 15:00:00', 67, NULL, NULL, NULL, NULL, NULL, NULL, NULL),
(438, 10, 19, 207, 200, '2021-12-06 19:00:00', 67, NULL, NULL, NULL, NULL, NULL, NULL, NULL),
(439, 10, 20, 209, 202, '2021-12-06 19:00:00', 67, NULL, NULL, NULL, NULL, NULL, NULL, NULL),
(440, 10, 21, 206, 210, '2021-12-07 15:00:00', 67, NULL, NULL, NULL, NULL, NULL, NULL, NULL),
(441, 10, 22, 203, 208, '2021-12-07 15:00:00', 67, NULL, NULL, NULL, NULL, NULL, NULL, NULL),
(442, 10, 23, 199, 201, '2021-12-07 19:00:00', 67, NULL, NULL, NULL, NULL, NULL, NULL, NULL),
(443, 10, 24, 204, 211, '2021-12-07 19:00:00', 67, NULL, NULL, NULL, NULL, NULL, NULL, NULL),
(444, 10, 25, NULL, NULL, '2021-12-10 15:00:00', 68, NULL, NULL, NULL, NULL, NULL, NULL, 'B1-A2'),
(445, 10, 26, NULL, NULL, '2021-12-10 19:00:00', 68, NULL, NULL, NULL, NULL, NULL, NULL, 'A1-B2'),
(446, 10, 27, NULL, NULL, '2021-12-11 15:00:00', 68, NULL, NULL, NULL, NULL, NULL, NULL, 'D1-C2'),
(447, 10, 28, NULL, NULL, '2021-12-11 19:00:00', 68, NULL, NULL, NULL, NULL, NULL, NULL, 'C1-D2'),
(448, 10, 29, NULL, NULL, '2021-12-15 15:00:00', 69, NULL, NULL, NULL, NULL, NULL, NULL, 'W25-W27'),
(449, 10, 30, NULL, NULL, '2021-12-15 19:00:00', 69, NULL, NULL, NULL, NULL, NULL, NULL, 'W26-W28'),
(450, 10, 31, NULL, NULL, '2021-12-18 10:00:00', 70, NULL, NULL, NULL, NULL, NULL, NULL, 'L29-L30'),
(451, 10, 32, NULL, NULL, '2021-12-18 15:00:00', 71, NULL, NULL, NULL, NULL, NULL, NULL, 'W29-W30');

-- --------------------------------------------------------

--
-- Table structure for table `role`
--

CREATE TABLE `role` (
  `role_id` int NOT NULL,
  `role` varchar(16) CHARACTER SET utf8mb4 COLLATE utf8mb4_unicode_ci NOT NULL,
  `name` varchar(50) CHARACTER SET utf8mb4 COLLATE utf8mb4_unicode_ci NOT NULL
) ENGINE=InnoDB DEFAULT CHARSET=utf8mb4 COLLATE=utf8mb4_unicode_ci;

--
-- Dumping data for table `role`
--

INSERT INTO `role` (`role_id`, `role`, `name`) VALUES
(1, 'ADMIN', 'Administrator'),
(2, 'USER', 'User');

-- --------------------------------------------------------

--
-- Table structure for table `round`
--

CREATE TABLE `round` (
  `round_id` int NOT NULL,
  `event_id` int NOT NULL,
  `name` varchar(50) CHARACTER SET utf8mb4 COLLATE utf8mb4_unicode_ci NOT NULL,
  `is_groupmatch` tinyint(1) NOT NULL COMMENT '1 if the matches belongs to this round are group-matches, 0 otherwise',
  `is_overtime` tinyint(1) DEFAULT NULL COMMENT '0/1 if there is/not overtime in case of non-group-matches belongs to this round, NULL in case of group-matches'
) ENGINE=InnoDB DEFAULT CHARSET=utf8mb4 COLLATE=utf8mb4_unicode_ci;

--
-- Dumping data for table `round`
--

INSERT INTO `round` (`round_id`, `event_id`, `name`, `is_groupmatch`, `is_overtime`) VALUES
(1, 1, '1st round', 1, NULL),
(2, 1, '2nd round', 1, NULL),
(3, 1, '3rd round', 1, NULL),
(4, 1, 'Round of 16', 0, 1),
(5, 1, 'Quarter-finals', 0, 1),
(6, 1, 'Semi-finals', 0, 1),
(7, 1, 'Third place play-off', 0, 1),
(8, 1, 'Final', 0, 1),
(9, 2, '1st round', 1, NULL),
(10, 2, '2nd round', 1, NULL),
(11, 2, '3rd round', 1, NULL),
(12, 2, 'Round of 16', 0, 1),
(13, 2, 'Quarter-finals', 0, 1),
(14, 2, 'Semi-finals', 0, 1),
(15, 2, 'Final', 0, 1),
(16, 3, '1st round', 1, NULL),
(17, 3, '2nd round', 1, NULL),
(18, 3, '3rd round', 1, NULL),
(19, 3, 'Quarter-finals', 0, 1),
(20, 3, 'Semi-finals', 0, 1),
(21, 3, 'Third place play-off', 0, 1),
(22, 3, 'Final', 0, 1),
(23, 4, '1st round', 1, NULL),
(24, 4, '2nd round', 1, NULL),
(25, 4, '3rd round', 1, NULL),
(26, 4, 'Round of 16', 0, 1),
(27, 4, 'Quarter-finals', 0, 1),
(28, 4, 'Semi-finals', 0, 1),
(29, 4, 'Third place play-off', 0, 1),
(30, 4, 'Final', 0, 1),
(31, 5, '1st round', 1, NULL),
(32, 5, '2nd round', 1, NULL),
(33, 5, '3rd round', 1, NULL),
(34, 5, 'Round of 16', 0, 1),
(35, 5, 'Quarter-finals', 0, 1),
(36, 5, 'Semi-finals', 0, 1),
(37, 5, 'Final', 0, 1),
(38, 6, '1st round', 1, NULL),
(39, 6, '2nd round', 1, NULL),
(40, 6, '3rd round', 1, NULL),
(41, 6, 'Quarter-finals', 0, 0),
(42, 6, 'Semi-finals', 0, 1),
(43, 6, 'Third place play-off', 0, 0),
(44, 6, 'Final', 0, 1),
(45, 7, '1st round', 1, NULL),
(46, 7, '2nd round', 1, NULL),
(47, 7, '3rd round', 1, NULL),
(48, 7, 'Round of 16', 0, 1),
(49, 7, 'Quarter-finals', 0, 1),
(50, 7, 'Semi-finals', 0, 1),
(51, 7, 'Third place play-off', 0, 1),
(52, 7, 'Final', 0, 1),
(53, 8, '1st round', 1, NULL),
(54, 8, '2nd round', 1, NULL),
(55, 8, '3rd round', 1, NULL),
(56, 8, 'Round of 16', 0, 1),
(57, 8, 'Quarter-finals', 0, 1),
(58, 8, 'Semi-finals', 0, 1),
(59, 8, 'Final', 0, 1),
(60, 9, 'Preliminary round', 1, NULL),
(61, 9, 'Quarter-finals', 0, 0),
(62, 9, 'Semi-finals', 0, 0),
(63, 9, 'Third place play-off', 0, 0),
(64, 9, 'Final', 0, 1),
(65, 10, '1st round', 1, NULL),
(66, 10, '2nd round', 1, NULL),
(67, 10, '3rd round', 1, NULL),
(68, 10, 'Quarter-finals', 0, 1),
(69, 10, 'Semi-finals', 0, 1),
(70, 10, 'Third place play-off', 0, 1),
(71, 10, 'Final', 0, 1);

-- --------------------------------------------------------

--
-- Table structure for table `team`
--

CREATE TABLE `team` (
  `team_id` int NOT NULL,
  `event_id` int NOT NULL,
  `name` varchar(50) CHARACTER SET utf8mb4 COLLATE utf8mb4_unicode_ci NOT NULL,
  `flag` varchar(3) CHARACTER SET utf8mb4 COLLATE utf8mb4_unicode_ci NOT NULL,
  `group_id` int NOT NULL,
  `fifa_points` smallint DEFAULT '0',
  `ws_id` int DEFAULT NULL
) ENGINE=InnoDB DEFAULT CHARSET=utf8mb4 COLLATE=utf8mb4_unicode_ci;

--
-- Dumping data for table `team`
--

INSERT INTO `team` (`team_id`, `event_id`, `name`, `flag`, `group_id`, `fifa_points`, `ws_id`) VALUES
(1, 1, 'Algeria', 'ALG', 8, 0, 844),
(2, 1, 'Argentina', 'ARG', 6, 0, 764),
(3, 1, 'Australia', 'AUS', 2, 0, 750),
(4, 1, 'Belgium', 'BEL', 8, 0, 2673),
(5, 1, 'Bosnia and Herzegovina', 'BIH', 6, 0, 2671),
(6, 1, 'Brazil', 'BRA', 1, 0, 753),
(7, 1, 'Cameroon', 'CMR', 1, 0, 845),
(8, 1, 'Chile', 'CHI', 2, 0, 760),
(9, 1, 'Colombia', 'COL', 3, 0, 1469),
(10, 1, 'Costa Rica', 'CRC', 4, 0, 2669),
(11, 1, 'Ivory Coast', 'CIV', 3, 0, 757),
(12, 1, 'Croatia', 'CRO', 1, 0, 146),
(13, 1, 'Ecuador', 'ECU', 5, 0, 2670),
(14, 1, 'England', 'ENG', 4, 0, 755),
(15, 1, 'France', 'FRA', 5, 0, 144),
(16, 1, 'Germany', 'GER', 7, 0, 139),
(17, 1, 'Ghana', 'GHA', 7, 0, 754),
(18, 1, 'Greece', 'GRE', 3, 0, 142),
(19, 1, 'Honduras', 'HON', 5, 0, 765),
(20, 1, 'Iran', 'IRN', 6, 0, 2672),
(21, 1, 'Italy', 'ITA', 4, 0, 145),
(22, 1, 'Japan', 'JPN', 3, 0, 749),
(23, 1, 'South Korea', 'KOR', 8, 0, 751),
(24, 1, 'Mexico', 'MEX', 1, 0, 761),
(25, 1, 'Netherlands', 'NED', 2, 0, 147),
(26, 1, 'Nigeria', 'NGA', 6, 0, 847),
(27, 1, 'Portugal', 'POR', 7, 0, 149),
(28, 1, 'Russia', 'RUS', 8, 0, 150),
(29, 1, 'Spain', 'ESP', 2, 0, 170),
(30, 1, 'Switzerland', 'SUI', 5, 0, 38),
(31, 1, 'Uruguay', 'URU', 4, 0, 849),
(32, 1, 'United States', 'USA', 7, 0, 762),
(33, 2, 'France', 'FRA', 9, 0, 144),
(34, 2, 'Romania', 'ROU', 9, 0, 143),
(35, 2, 'Albania', 'ALB', 9, 0, 2889),
(36, 2, 'Switzerland', 'SUI', 9, 0, 38),
(37, 2, 'England', 'ENG', 10, 0, 755),
(38, 2, 'Russia', 'RUS', 10, 0, 150),
(39, 2, 'Wales', 'WAL', 10, 0, 2939),
(40, 2, 'Slovakia', 'SVK', 10, 0, 763),
(41, 2, 'Germany', 'GER', 11, 0, 139),
(42, 2, 'Ukraine', 'UKR', 11, 0, 2004),
(43, 2, 'Poland', 'POL', 11, 0, 1410),
(44, 2, 'Northern Ireland', 'NIR', 11, 0, 2920),
(45, 2, 'Spain', 'ESP', 12, 0, 170),
(46, 2, 'Czech Republic', 'CZE', 12, 0, 141),
(47, 2, 'Turkey', 'TUR', 12, 0, 153),
(48, 2, 'Croatia', 'CRO', 12, 0, 146),
(49, 2, 'Belgium', 'BEL', 13, 0, 2673),
(50, 2, 'Italy', 'ITA', 13, 0, 145),
(51, 2, 'Republic of Ireland', 'IRL', 13, 0, 2003),
(52, 2, 'Sweden', 'SWE', 13, 0, 151),
(53, 2, 'Portugal', 'POR', 14, 0, 149),
(54, 2, 'Iceland', 'ISL', 14, 0, 1394),
(55, 2, 'Austria', 'AUT', 14, 0, 37),
(56, 2, 'Hungary', 'HUN', 14, 0, 1395),
(57, 3, 'United States', 'USA', 15, 0, 762),
(58, 3, 'Colombia', 'COL', 15, 0, 1469),
(59, 3, 'Costa Rica', 'CRC', 15, 0, 2669),
(60, 3, 'Paraguay', 'PAR', 15, 0, -1),
(61, 3, 'Brazil', 'BRA', 16, 0, 753),
(62, 3, 'Ecuador', 'ECU', 16, 0, 2670),
(63, 3, 'Haiti', 'HAI', 16, 0, NULL),
(64, 3, 'Peru', 'PER', 16, 0, NULL),
(65, 3, 'Mexico', 'MEX', 17, 0, 761),
(66, 3, 'Uruguay', 'URU', 17, 0, 849),
(67, 3, 'Jamaica', 'JAM', 17, 0, NULL),
(68, 3, 'Venezuela', 'VEN', 17, 0, NULL),
(69, 3, 'Argentina', 'ARG', 18, 0, 764),
(70, 3, 'Chile', 'CHI', 18, 0, 760),
(71, 3, 'Panama', 'PAN', 18, 0, NULL),
(72, 3, 'Bolivia', 'BOL', 18, 0, NULL),
(73, 4, 'Egypt', 'EGY', 19, 0, 1392),
(74, 4, 'Argentina', 'ARG', 22, 0, 764),
(75, 4, 'Australia', 'AUS', 21, 0, 750),
(76, 4, 'Belgium', 'BEL', 25, 0, 2673),
(77, 4, 'Brazil', 'BRA', 23, 0, 753),
(78, 4, 'Costa Rica', 'CRC', 23, 0, 2669),
(79, 4, 'Denmark', 'DEN', 21, 0, 758),
(80, 4, 'Germany', 'GER', 24, 0, 139),
(81, 4, 'England', 'ENG', 25, 0, 755),
(82, 4, 'France', 'FRA', 21, 0, 144),
(83, 4, 'Iran', 'IRN', 20, 0, 2672),
(84, 4, 'Iceland', 'ISL', 22, 0, 1394),
(85, 4, 'Japan', 'JPN', 26, 0, 749),
(86, 4, 'Colombia', 'COL', 26, 0, 1469),
(87, 4, 'Croatia', 'CRO', 22, 0, 146),
(88, 4, 'Morocco', 'MAR', 20, 0, 4629),
(89, 4, 'Mexico', 'MEX', 24, 0, 761),
(90, 4, 'Nigeria', 'NGA', 22, 0, 847),
(91, 4, 'Panama', 'PAN', 25, 0, 4631),
(92, 4, 'Peru', 'PER', 21, 0, 3177),
(93, 4, 'Poland', 'POL', 26, 0, 1410),
(94, 4, 'Portugal', 'POR', 20, 0, 149),
(95, 4, 'Russia', 'RUS', 19, 0, 150),
(96, 4, 'Saudi Arabia', 'KSA', 19, 0, 2408),
(97, 4, 'Sweden', 'SWE', 24, 0, 151),
(98, 4, 'Switzerland', 'SUI', 23, 0, 38),
(99, 4, 'Senegal', 'SEN', 26, 0, 4630),
(100, 4, 'Serbia', 'SRB', 23, 0, 1404),
(101, 4, 'Spain', 'ESP', 20, 0, 170),
(102, 4, 'South Korea', 'KOR', 24, 0, 751),
(103, 4, 'Tunisia', 'TUN', 25, 0, 1391),
(104, 4, 'Uruguay', 'URU', 19, 0, 849),
(105, 5, 'Australia', 'AUS', 28, 0, 750),
(106, 5, 'Bahrain', 'BHR', 27, 0, 4914),
(107, 5, 'China', 'CHN', 29, 0, 2864),
(108, 5, 'India', 'IND', 27, 0, 4907),
(109, 5, 'Iraq', 'IRQ', 30, 0, 4911),
(110, 5, 'Iran', 'IRN', 30, 0, 2672),
(111, 5, 'Japan', 'JPN', 32, 0, 749),
(112, 5, 'Yemen', 'YEM', 30, 0, 4916),
(113, 5, 'Jordan', 'JOR', 28, 0, 4915),
(114, 5, 'Qatar', 'QAT', 31, 0, 4912),
(115, 5, 'Kyrgyzstan', 'KGZ', 29, 0, 4903),
(116, 5, 'Lebanon', 'LIB', 31, 0, 4904),
(117, 5, 'North Korea', 'PRK', 31, 0, 752),
(118, 5, 'Oman', 'OMA', 32, 0, 4906),
(119, 5, 'Palestine', 'PLE', 28, 0, 4905),
(120, 5, 'Philippines', 'PHI', 29, 0, 4913),
(121, 5, 'Saudi Arabia', 'KSA', 31, 0, 2408),
(122, 5, 'South Korea', 'KOR', 29, 0, 751),
(123, 5, 'Syria', 'SYR', 28, 0, 4909),
(124, 5, 'Thailand', 'THA', 27, 0, 2865),
(125, 5, 'Turkmenistan', 'TKM', 32, 0, 4917),
(126, 5, 'Uzbekistan', 'UZB', 32, 0, 4910),
(127, 5, 'United Arab Emirates', 'UAE', 27, 0, 4902),
(128, 5, 'Vietnam', 'VIE', 30, 0, 4908),
(129, 6, 'Argentina', 'ARG', 34, 0, 764),
(130, 6, 'Bolivia', 'BOL', 33, 0, 3178),
(131, 6, 'Brazil', 'BRA', 33, 0, 753),
(132, 6, 'Chile', 'CHI', 35, 0, 760),
(133, 6, 'Ecuador', 'ECU', 35, 0, 2670),
(134, 6, 'Japan', 'JPN', 35, 0, 749),
(135, 6, 'Qatar', 'QAT', 34, 0, 4912),
(136, 6, 'Colombia', 'COL', 34, 0, 1469),
(137, 6, 'Paraguay', 'PAR', 34, 0, 756),
(138, 6, 'Peru', 'PER', 33, 0, 3177),
(139, 6, 'Uruguay', 'URU', 35, 0, 849),
(140, 6, 'Venezuela', 'VEN', 33, 0, 3179),
(141, 7, 'Egypt', 'EGY', 36, 0, 4766),
(142, 7, 'Algeria', 'ALG', 38, 0, 844),
(143, 7, 'Angola', 'ANG', 40, 0, 4306),
(144, 7, 'Benin', 'BEN', 41, 0, 4987),
(145, 7, 'Burundi', 'BDI', 37, 0, 5001),
(146, 7, 'Democratic Republic of the Congo', 'COD', 36, 0, 4991),
(147, 7, 'Ivory Coast', 'CIV', 39, 0, 4993),
(148, 7, 'Ghana', 'GHA', 41, 0, 754),
(149, 7, 'Guinea', 'GUI', 37, 0, 4994),
(150, 7, 'Guinea-Bissau', 'GNB', 41, 0, 4997),
(151, 7, 'Cameroon', 'CMR', 41, 0, 845),
(152, 7, 'Kenya', 'KEN', 38, 0, 4990),
(153, 7, 'Madagascar', 'MAD', 37, 0, 4989),
(154, 7, 'Mali', 'MLI', 40, 0, 4992),
(155, 7, 'Morocco', 'MAR', 39, 0, 4629),
(156, 7, 'Mauritania', 'MTN', 40, 0, 4988),
(157, 7, 'Namibia', 'NAM', 39, 0, 4996),
(158, 7, 'Nigeria', 'NGA', 37, 0, 847),
(159, 7, 'Senegal', 'SEN', 38, 0, 4630),
(160, 7, 'Zimbabwe', 'ZIM', 36, 0, 4995),
(161, 7, 'South Africa', 'RSA', 39, 0, 677),
(162, 7, 'Tanzania', 'TAN', 38, 0, 5000),
(163, 7, 'Tunisia', 'TUN', 40, 0, 1391),
(164, 7, 'Uganda', 'UGA', 36, 0, 4986),
(165, 8, 'Belgium', 'BEL', 43, 0, 2673),
(166, 8, 'Denmark', 'DEN', 43, 0, 758),
(167, 8, 'Germany', 'GER', 47, 0, 3196),
(168, 8, 'England', 'ENG', 45, 0, 3197),
(169, 8, 'Finland', 'FIN', 43, 0, 2425),
(170, 8, 'France', 'FRA', 47, 0, 3202),
(171, 8, 'Italy', 'ITA', 42, 0, 3203),
(172, 8, 'Croatia', 'CRO', 45, 0, 146),
(173, 8, 'Netherlands', 'NED', 44, 0, 4353),
(174, 8, 'North Macedonia', 'MKD', 44, 0, 2006),
(175, 8, 'Austria', 'AUT', 44, 0, 4354),
(176, 8, 'Poland', 'POL', 46, 0, 1410),
(177, 8, 'Portugal', 'POR', 47, 0, 3198),
(178, 8, 'Russia', 'RUS', 43, 0, 150),
(179, 8, 'Scotland', 'SCO', 45, 0, 5271),
(180, 8, 'Sweden', 'SWE', 46, 0, 2691),
(181, 8, 'Switzerland', 'SUI', 42, 0, 38),
(182, 8, 'Slovakia', 'SVK', 46, 0, 3201),
(183, 8, 'Spain', 'ESP', 46, 0, 170),
(184, 8, 'Czech Republic', 'CZE', 45, 0, 141),
(185, 8, 'Turkey', 'TUR', 42, 0, 3205),
(186, 8, 'Ukraine', 'UKR', 44, 0, 3204),
(187, 8, 'Hungary', 'HUN', 47, 0, 1395),
(188, 8, 'Wales', 'WAL', 42, 0, 5101),
(189, 9, 'Argentina', 'ARG', 48, 0, 764),
(190, 9, 'Bolivia', 'BOL', 48, 0, 3178),
(191, 9, 'Brazil', 'BRA', 49, 0, 753),
(192, 9, 'Chile', 'CHI', 48, 0, 760),
(193, 9, 'Ecuador', 'ECU', 49, 0, 2670),
(194, 9, 'Colombia', 'COL', 49, 0, 1469),
(195, 9, 'Paraguay', 'PAR', 48, 0, 756),
(196, 9, 'Peru', 'PER', 49, 0, 3177),
(197, 9, 'Uruguay', 'URU', 48, 0, 849),
(198, 9, 'Venezuela', 'VEN', 49, 0, 3179),
(199, 10, 'Algeria', 'ALG', 53, 0, 844),
(200, 10, 'Bahrain', 'BHR', 50, 0, 4914),
(201, 10, 'Egypt', 'EGY', 53, 0, 1392),
(202, 10, 'Iraq', 'IRQ', 50, 0, 4911),
(203, 10, 'Jordan', 'JOR', 52, 0, 4915),
(204, 10, 'Lebanon', 'LBN', 53, 0, 4904),
(205, 10, 'Mauritania', 'MTN', 51, 0, 4988),
(206, 10, 'Morocco', 'MAR', 52, 0, 4629),
(207, 10, 'Oman', 'OMA', 50, 0, 4906),
(208, 10, 'Palestine', 'PLE', 52, 0, 4905),
(209, 10, 'Qatar', 'QAT', 50, 0, 4912),
(210, 10, 'Saudi Arabia', 'KSA', 52, 0, 2408),
(211, 10, 'Sudan', 'SDN', 53, 0, 5657),
(212, 10, 'Syria', 'SYR', 51, 0, 4909),
(213, 10, 'Tunisia', 'TUN', 51, 0, 1391),
(214, 10, 'United Arab Emirates', 'UAE', 51, 0, 4902);

-- --------------------------------------------------------

--
-- Table structure for table `user`
--

CREATE TABLE `user` (
  `user_id` int NOT NULL,
  `full_name` varchar(50) CHARACTER SET utf8mb4 COLLATE utf8mb4_unicode_ci NOT NULL,
  `login_name` varchar(25) CHARACTER SET utf8mb4 COLLATE utf8mb4_unicode_ci NOT NULL,
  `login_password` varchar(128) CHARACTER SET utf8mb4 COLLATE utf8mb4_unicode_ci NOT NULL COMMENT 'Default user''s password is ${login_name}_! Remember to change it!',
  `reset_password` varchar(128) CHARACTER SET utf8mb4 COLLATE utf8mb4_unicode_ci DEFAULT NULL COMMENT 'Temporary password in case of password reset',
  `email_addr` varchar(50) CHARACTER SET utf8mb4 COLLATE utf8mb4_unicode_ci NOT NULL,
  `email_new` varchar(50) CHARACTER SET utf8mb4 COLLATE utf8mb4_unicode_ci DEFAULT NULL,
  `user_status_id` int NOT NULL,
  `token` varchar(20) CHARACTER SET utf8mb4 COLLATE utf8mb4_unicode_ci NOT NULL,
  `zone_id` varchar(50) CHARACTER SET utf8mb4 COLLATE utf8mb4_unicode_ci NOT NULL COMMENT 'Time zone id',
  `modification_time` datetime NOT NULL COMMENT 'UTC timezone used'
) ENGINE=InnoDB DEFAULT CHARSET=utf8mb4 COLLATE=utf8mb4_unicode_ci;

--
-- Dumping data for table `user`
--

INSERT INTO `user` (`user_id`, `full_name`, `login_name`, `login_password`, `reset_password`, `email_addr`, `email_new`, `user_status_id`, `token`, `zone_id`, `modification_time`) VALUES
(1, 'Administrator', 'admin', '87326fa89d072eb3f575e62350184dc70131fae2645728b278e2c683799a951327fa3bcb06ec7d045c7543edf1c79ab1dc1ec3bacf054e2c1eae39148b9a5c29', NULL, 'worldcup@zematix.hu', NULL, 1, 'IF2YCcPnNulH8UEEkAIP', 'CET', '2014-06-10 12:00:00'),
(2, 'Normal Dummy', 'normal', '3f3786256b7bccf0c6616d23632e2308a3abb498fc6645517d61bde6722e31c5f2afe6f9b4a4a3eea599d7eb6da9422372373dc4547b323b22599ee6555e7ec4', NULL, 'normal.dummy@zematix.hu', NULL, 1, 'IF2YCcPnNulH8UEEkAIS', 'Europe/Budapest', '2014-06-10 12:00:00'),
(3, 'Candidate Dummy', 'candidate', 'f6a2fd6df1ba0d39505a3c3f5f822a7265b36bc8243720745856214af581fe53b122b208a4ebaa6f9a03b0fc6ca08aeea23fb3f8c71ab4a77601cb5a64f14683', NULL, 'candidate.dummy@zematix.hu', NULL, 2, 'IF2YCcPnNulH8UEEkAIQ', 'Europe/Budapest', '2014-06-10 12:00:00'),
(4, 'Locked Dummy', 'locked', 'e4724b0626b8f3b0af1abf98133f4d0dfdbd0a768d4adbeaf2acf6af3d1223b590ba97f2c1b90642db91a61386cbac58b60b3705305c11eb24aea8cf0844f03b', NULL, 'locked.dummy@zematix.hu', NULL, 3, 'IF2YCcPnNulH8UEEkAIR', 'Europe/Budapest', '2014-06-10 12:00:00'),
(5, 'Deprecated Password SHA256 Dummy', 'deprecated_sha256', '3f3786256b7bccf0c6616d23632e2308a3abb498fc6645517d61bde6722e31c5', NULL, 'deprecated_sha256.dummy@zematix.hu', NULL, 1, 'DPTmleKjkvPrzLk9X4xS', 'Europe/Budapest', '2018-11-28 12:00:00');

-- --------------------------------------------------------

--
-- Table structure for table `user_group`
--

CREATE TABLE `user_group` (
  `user_group_id` int NOT NULL,
  `priority` tinyint(1) NOT NULL DEFAULT '2',
  `name` varchar(50) CHARACTER SET utf8mb4 COLLATE utf8mb4_unicode_ci NOT NULL,
  `event_id` int NOT NULL,
  `owner` int NOT NULL,
  `is_public_visible` tinyint(1) NOT NULL,
  `is_public_editable` tinyint(1) NOT NULL
) ENGINE=InnoDB DEFAULT CHARSET=utf8mb4 COLLATE=utf8mb4_unicode_ci;

-- --------------------------------------------------------

--
-- Table structure for table `user_of_event`
--

CREATE TABLE `user_of_event` (
  `user_of_event_id` int NOT NULL,
  `user_id` int NOT NULL,
  `event_id` int NOT NULL,
  `fav_group_team_id` int DEFAULT NULL COMMENT 'Favourite team among the group teams',
  `fav_knockout_team_id` int DEFAULT NULL COMMENT 'Favourite team among the knockout teams'
) ENGINE=InnoDB DEFAULT CHARSET=utf8mb4 COLLATE=utf8mb4_unicode_ci;

-- --------------------------------------------------------

--
-- Table structure for table `user_status`
--

CREATE TABLE `user_status` (
  `user_status_id` int NOT NULL,
  `status` varchar(16) CHARACTER SET utf8mb4 COLLATE utf8mb4_unicode_ci NOT NULL,
  `name` varchar(50) CHARACTER SET utf8mb4 COLLATE utf8mb4_unicode_ci NOT NULL
) ENGINE=InnoDB DEFAULT CHARSET=utf8mb4 COLLATE=utf8mb4_unicode_ci;

--
-- Dumping data for table `user_status`
--

INSERT INTO `user_status` (`user_status_id`, `status`, `name`) VALUES
(1, 'NORMAL', 'Normal'),
(2, 'CANDIDATE', 'Candidate'),
(3, 'LOCKED', 'Locked');

-- --------------------------------------------------------

--
-- Table structure for table `user__role`
--

CREATE TABLE `user__role` (
  `user_id` int NOT NULL,
  `role_id` int NOT NULL
) ENGINE=InnoDB DEFAULT CHARSET=utf8mb4 COLLATE=utf8mb4_unicode_ci;

--
-- Dumping data for table `user__role`
--

INSERT INTO `user__role` (`user_id`, `role_id`) VALUES
(1, 1),
(2, 2),
(3, 2),
(4, 2),
(5, 2);

-- --------------------------------------------------------

--
-- Table structure for table `user__user_group`
--

CREATE TABLE `user__user_group` (
  `user_id` int NOT NULL,
  `user_group_id` int NOT NULL DEFAULT '1'
) ENGINE=InnoDB DEFAULT CHARSET=utf8mb4 COLLATE=utf8mb4_unicode_ci;

-- --------------------------------------------------------

--
-- Table structure for table `web_service`
--

CREATE TABLE `web_service` (
  `web_service_id` int NOT NULL,
  `event_id` int NOT NULL,
  `priority` tinyint(1) NOT NULL,
  `league_shortcut` varchar(64) CHARACTER SET utf8mb4 COLLATE utf8mb4_unicode_ci NOT NULL,
  `league_saison` varchar(10) CHARACTER SET utf8mb4 COLLATE utf8mb4_unicode_ci NOT NULL,
  `result_normal_label` varchar(64) CHARACTER SET utf8mb4 COLLATE utf8mb4_unicode_ci NOT NULL,
  `result_normal_extra_label` varchar(64) CHARACTER SET utf8mb4 COLLATE utf8mb4_unicode_ci DEFAULT NULL,
  `result_extra_label` varchar(64) CHARACTER SET utf8mb4 COLLATE utf8mb4_unicode_ci NOT NULL,
  `result_penalty_label` varchar(64) CHARACTER SET utf8mb4 COLLATE utf8mb4_unicode_ci DEFAULT NULL
) ENGINE=InnoDB DEFAULT CHARSET=utf8mb4 COLLATE=utf8mb4_unicode_ci;

--
-- Dumping data for table `web_service`
--

INSERT INTO `web_service` (`web_service_id`, `event_id`, `priority`, `league_shortcut`, `league_saison`, `result_normal_label`, `result_normal_extra_label`, `result_extra_label`, `result_penalty_label`) VALUES
(1, 1, 1, 'WM-2014', '2014', 'Endergebnis', NULL, 'nach Verlngerung', 'nach Elfmeterschieen'),
(2, 1, 2, 'wm_brasilien', '2014', 'Endergebnis', NULL, 'Verlngerung', 'Nach Elfmeterschieen'),
(3, 1, 3, 'fifa2014', '2014', 'Endergebnis', 'nach 90 Minuten', 'nach Verlngerung', NULL),
(4, 2, 1, 'EM-2016', '2016', 'Endergebnis', NULL, 'nach Verlngerung', 'nach Elfmeterschieen'),
(5, 2, 2, 'em2016', '2016', 'Endergebnis', NULL, 'nach Verlngerung', 'nach Elfmeterschieen'),
(6, 4, 1, 'fifa18', '2018', 'Endergebnis', NULL, 'n. V.', 'n. E.'),
(7, 4, 2, 'wmrussland', '2018', 'Endergebnis', '90min', 'Verlaengerung', NULL),
(8, 5, 1, 'AFC2019', '2019', 'nach Nachspielzeit', NULL, 'nach Verlngerung', 'nach Elfmeterschieen'),
(9, 6, 1, 'CA2019', '2019', 'nach Nachspielzeit', NULL, 'nach Verlngerung', 'nach Elfmeterschieen'),
(10, 7, 1, 'CAF2019', '2019', 'nach Nachspielzeit', NULL, 'nach Verlngerung', 'nach Elfmeterschieen'),
(11, 8, 1, 'em20', '2020', 'Endergebnis', NULL, 'nach Verlngerung', 'nach Elfmeterscheien'),
(12, 9, 1, 'CA2021', '2021', 'nach Nachspielzeit', NULL, 'nach Verlngerung', 'nach Elfmeterschieen'),
(13, 10, 1, 'ABC2021', '2021', 'nach Nachspielzeit', NULL, 'nach Verlngerung', 'nach Elfmeterschieen');

--
-- Indexes for dumped tables
--

--
-- Indexes for table `bet`
--
ALTER TABLE `bet`
  ADD PRIMARY KEY (`bet_id`),
  ADD UNIQUE KEY `bet__user_match` (`user_id`,`match_id`),
  ADD KEY `bet__user` (`user_id`),
  ADD KEY `bet__match` (`match_id`),
  ADD KEY `bet__event` (`event_id`);

--
-- Indexes for table `chat`
--
ALTER TABLE `chat`
  ADD PRIMARY KEY (`chat_id`),
  ADD KEY `chat__event` (`event_id`),
  ADD KEY `chat__user` (`user_id`),
  ADD KEY `chat__target_user` (`target_user_id`),
  ADD KEY `chat__user_group` (`user_group_id`);

--
-- Indexes for table `event`
--
ALTER TABLE `event`
  ADD PRIMARY KEY (`event_id`),
  ADD UNIQUE KEY `year__short_desc` (`year`,`short_desc`);

--
-- Indexes for table `group_`
--
ALTER TABLE `group_`
  ADD PRIMARY KEY (`group_id`),
  ADD KEY `group__team2` (`team2_id`),
  ADD KEY `group__team1` (`team1_id`),
  ADD KEY `event_id` (`event_id`);

--
-- Indexes for table `match_`
--
ALTER TABLE `match_`
  ADD PRIMARY KEY (`match_id`),
  ADD KEY `match__team1` (`team1_id`),
  ADD KEY `match__round` (`round_id`),
  ADD KEY `match__team2` (`team2_id`),
  ADD KEY `event_id` (`event_id`);

--
-- Indexes for table `role`
--
ALTER TABLE `role`
  ADD PRIMARY KEY (`role_id`),
  ADD UNIQUE KEY `role` (`role`);

--
-- Indexes for table `round`
--
ALTER TABLE `round`
  ADD PRIMARY KEY (`round_id`),
  ADD KEY `event_id` (`event_id`);

--
-- Indexes for table `team`
--
ALTER TABLE `team`
  ADD PRIMARY KEY (`team_id`),
  ADD KEY `team__group` (`group_id`),
  ADD KEY `event_id` (`event_id`);

--
-- Indexes for table `user`
--
ALTER TABLE `user`
  ADD PRIMARY KEY (`user_id`),
  ADD UNIQUE KEY `login_name` (`login_name`),
  ADD UNIQUE KEY `email_addr` (`email_addr`),
  ADD UNIQUE KEY `token` (`token`),
  ADD KEY `user_status_id` (`user_status_id`);

--
-- Indexes for table `user_group`
--
ALTER TABLE `user_group`
  ADD PRIMARY KEY (`user_group_id`),
  ADD UNIQUE KEY `name__event_id` (`name`,`event_id`),
  ADD KEY `owner` (`owner`),
  ADD KEY `event_id` (`event_id`);

--
-- Indexes for table `user_of_event`
--
ALTER TABLE `user_of_event`
  ADD PRIMARY KEY (`user_of_event_id`),
  ADD KEY `user_id` (`user_id`),
  ADD KEY `event_id` (`event_id`),
  ADD KEY `fav_group_team_id` (`fav_group_team_id`),
  ADD KEY `fav_knockout_team_id` (`fav_knockout_team_id`);

--
-- Indexes for table `user_status`
--
ALTER TABLE `user_status`
  ADD PRIMARY KEY (`user_status_id`),
  ADD UNIQUE KEY `status` (`status`);

--
-- Indexes for table `user__role`
--
ALTER TABLE `user__role`
  ADD PRIMARY KEY (`user_id`,`role_id`),
  ADD KEY `role_id` (`role_id`);

--
-- Indexes for table `user__user_group`
--
ALTER TABLE `user__user_group`
  ADD PRIMARY KEY (`user_id`,`user_group_id`),
  ADD KEY `user_group_id` (`user_group_id`);

--
-- Indexes for table `web_service`
--
ALTER TABLE `web_service`
  ADD PRIMARY KEY (`web_service_id`),
  ADD UNIQUE KEY `league_shortcut__league_saison` (`league_shortcut`,`league_saison`),
  ADD KEY `event_id` (`event_id`);

--
-- AUTO_INCREMENT for dumped tables
--

--
-- AUTO_INCREMENT for table `bet`
--
ALTER TABLE `bet`
  MODIFY `bet_id` int NOT NULL AUTO_INCREMENT;

--
-- AUTO_INCREMENT for table `chat`
--
ALTER TABLE `chat`
  MODIFY `chat_id` int NOT NULL AUTO_INCREMENT;

--
-- AUTO_INCREMENT for table `event`
--
ALTER TABLE `event`
  MODIFY `event_id` int NOT NULL AUTO_INCREMENT, AUTO_INCREMENT=11;

--
-- AUTO_INCREMENT for table `group_`
--
ALTER TABLE `group_`
  MODIFY `group_id` int NOT NULL AUTO_INCREMENT, AUTO_INCREMENT=54;

--
-- AUTO_INCREMENT for table `match_`
--
ALTER TABLE `match_`
  MODIFY `match_id` int NOT NULL AUTO_INCREMENT, AUTO_INCREMENT=452;

--
-- AUTO_INCREMENT for table `role`
--
ALTER TABLE `role`
  MODIFY `role_id` int NOT NULL AUTO_INCREMENT, AUTO_INCREMENT=3;

--
-- AUTO_INCREMENT for table `round`
--
ALTER TABLE `round`
  MODIFY `round_id` int NOT NULL AUTO_INCREMENT, AUTO_INCREMENT=72;

--
-- AUTO_INCREMENT for table `team`
--
ALTER TABLE `team`
  MODIFY `team_id` int NOT NULL AUTO_INCREMENT, AUTO_INCREMENT=215;

--
-- AUTO_INCREMENT for table `user`
--
ALTER TABLE `user`
  MODIFY `user_id` int NOT NULL AUTO_INCREMENT, AUTO_INCREMENT=6;

--
-- AUTO_INCREMENT for table `user_group`
--
ALTER TABLE `user_group`
  MODIFY `user_group_id` int NOT NULL AUTO_INCREMENT;

--
-- AUTO_INCREMENT for table `user_of_event`
--
ALTER TABLE `user_of_event`
  MODIFY `user_of_event_id` int NOT NULL AUTO_INCREMENT;

--
-- AUTO_INCREMENT for table `user_status`
--
ALTER TABLE `user_status`
  MODIFY `user_status_id` int NOT NULL AUTO_INCREMENT, AUTO_INCREMENT=4;

--
-- AUTO_INCREMENT for table `web_service`
--
ALTER TABLE `web_service`
  MODIFY `web_service_id` int NOT NULL AUTO_INCREMENT, AUTO_INCREMENT=14;

--
-- Constraints for dumped tables
--

--
-- Constraints for table `bet`
--
ALTER TABLE `bet`
  ADD CONSTRAINT `bet_ibfk_1` FOREIGN KEY (`user_id`) REFERENCES `user` (`user_id`),
  ADD CONSTRAINT `bet_ibfk_2` FOREIGN KEY (`match_id`) REFERENCES `match_` (`match_id`),
  ADD CONSTRAINT `bet_ibfk_3` FOREIGN KEY (`event_id`) REFERENCES `event` (`event_id`);

--
-- Constraints for table `chat`
--
ALTER TABLE `chat`
  ADD CONSTRAINT `chat_ibfk_1` FOREIGN KEY (`event_id`) REFERENCES `event` (`event_id`),
  ADD CONSTRAINT `chat_ibfk_2` FOREIGN KEY (`user_id`) REFERENCES `user` (`user_id`),
  ADD CONSTRAINT `chat_ibfk_3` FOREIGN KEY (`target_user_id`) REFERENCES `user` (`user_id`),
  ADD CONSTRAINT `chat_ibfk_4` FOREIGN KEY (`user_group_id`) REFERENCES `user_group` (`user_group_id`);

--
-- Constraints for table `group_`
--
ALTER TABLE `group_`
  ADD CONSTRAINT `group_ibfk_1` FOREIGN KEY (`team1_id`) REFERENCES `team` (`team_id`),
  ADD CONSTRAINT `group_ibfk_2` FOREIGN KEY (`team2_id`) REFERENCES `team` (`team_id`),
  ADD CONSTRAINT `group_ibfk_3` FOREIGN KEY (`event_id`) REFERENCES `event` (`event_id`);

--
-- Constraints for table `match_`
--
ALTER TABLE `match_`
  ADD CONSTRAINT `match_ibfk_1` FOREIGN KEY (`team1_id`) REFERENCES `team` (`team_id`),
  ADD CONSTRAINT `match_ibfk_2` FOREIGN KEY (`team2_id`) REFERENCES `team` (`team_id`),
  ADD CONSTRAINT `match_ibfk_3` FOREIGN KEY (`round_id`) REFERENCES `round` (`round_id`),
  ADD CONSTRAINT `match_ibfk_4` FOREIGN KEY (`event_id`) REFERENCES `event` (`event_id`);

--
-- Constraints for table `round`
--
ALTER TABLE `round`
  ADD CONSTRAINT `round_ibfk_1` FOREIGN KEY (`event_id`) REFERENCES `event` (`event_id`);

--
-- Constraints for table `team`
--
ALTER TABLE `team`
  ADD CONSTRAINT `team_ibfk_1` FOREIGN KEY (`group_id`) REFERENCES `group_` (`group_id`),
  ADD CONSTRAINT `team_ibfk_2` FOREIGN KEY (`event_id`) REFERENCES `event` (`event_id`);

--
-- Constraints for table `user`
--
ALTER TABLE `user`
  ADD CONSTRAINT `user_ibfk_1` FOREIGN KEY (`user_status_id`) REFERENCES `user_status` (`user_status_id`);

--
-- Constraints for table `user_group`
--
ALTER TABLE `user_group`
  ADD CONSTRAINT `user_group_ibfk_1` FOREIGN KEY (`owner`) REFERENCES `user` (`user_id`),
  ADD CONSTRAINT `user_group_ibfk_2` FOREIGN KEY (`event_id`) REFERENCES `event` (`event_id`);

--
-- Constraints for table `user_of_event`
--
ALTER TABLE `user_of_event`
  ADD CONSTRAINT `user_of_event_ibfk_1` FOREIGN KEY (`user_id`) REFERENCES `user` (`user_id`),
  ADD CONSTRAINT `user_of_event_ibfk_2` FOREIGN KEY (`event_id`) REFERENCES `event` (`event_id`),
  ADD CONSTRAINT `user_of_event_ibfk_3` FOREIGN KEY (`fav_group_team_id`) REFERENCES `team` (`team_id`),
  ADD CONSTRAINT `user_of_event_ibfk_4` FOREIGN KEY (`fav_knockout_team_id`) REFERENCES `team` (`team_id`);

--
-- Constraints for table `user__role`
--
ALTER TABLE `user__role`
  ADD CONSTRAINT `user__role_ibfk_1` FOREIGN KEY (`user_id`) REFERENCES `user` (`user_id`),
  ADD CONSTRAINT `user__role_ibfk_2` FOREIGN KEY (`role_id`) REFERENCES `role` (`role_id`);

--
-- Constraints for table `user__user_group`
--
ALTER TABLE `user__user_group`
  ADD CONSTRAINT `user__user_group_ibfk_1` FOREIGN KEY (`user_id`) REFERENCES `user` (`user_id`),
  ADD CONSTRAINT `user__user_group_ibfk_2` FOREIGN KEY (`user_group_id`) REFERENCES `user_group` (`user_group_id`);

--
-- Constraints for table `web_service`
--
ALTER TABLE `web_service`
  ADD CONSTRAINT `web_service_ibfk_1` FOREIGN KEY (`event_id`) REFERENCES `event` (`event_id`);
COMMIT;

/*!40101 SET CHARACTER_SET_CLIENT=@OLD_CHARACTER_SET_CLIENT */;
/*!40101 SET CHARACTER_SET_RESULTS=@OLD_CHARACTER_SET_RESULTS */;
/*!40101 SET COLLATION_CONNECTION=@OLD_COLLATION_CONNECTION */;

