-- phpMyAdmin SQL Dump
-- version 5.0.0
-- https://www.phpmyadmin.net/
--
-- Host: localhost
-- Generation Time: Jan 06, 2024 at 12:06 AM
-- Server version: 8.0.25
-- PHP Version: 7.4.1

SET SQL_MODE = "NO_AUTO_VALUE_ON_ZERO";
SET AUTOCOMMIT = 0;
START TRANSACTION;
SET time_zone = "+00:00";


/*!40101 SET @OLD_CHARACTER_SET_CLIENT=@@CHARACTER_SET_CLIENT */;
/*!40101 SET @OLD_CHARACTER_SET_RESULTS=@@CHARACTER_SET_RESULTS */;
/*!40101 SET @OLD_COLLATION_CONNECTION=@@COLLATION_CONNECTION */;
/*!40101 SET NAMES utf8mb4 */;

--
-- Database: `worldcup_test`
--

-- --------------------------------------------------------

--
-- Table structure for table `bet`
--

CREATE TABLE `bet` (
  `bet_id` int NOT NULL,
  `event_id` int NOT NULL,
  `user_id` int NOT NULL,
  `match_id` int NOT NULL,
  `goal_normal_by_team1` tinyint NOT NULL,
  `goal_normal_by_team2` tinyint NOT NULL
) ENGINE=InnoDB DEFAULT CHARSET=utf8mb4 COLLATE=utf8mb4_unicode_ci;

-- --------------------------------------------------------

--
-- Table structure for table `chat`
--

CREATE TABLE `chat` (
  `chat_id` int NOT NULL,
  `event_id` int NOT NULL,
  `user_id` int NOT NULL COMMENT 'source user',
  `user_group_id` int DEFAULT NULL COMMENT 'target user group, null means to everybody or to private user',
  `target_user_id` int DEFAULT NULL COMMENT 'private to target user',
  `modification_time` datetime NOT NULL COMMENT 'UTC timezone used',
  `access_time` datetime DEFAULT NULL COMMENT 'used only at private, UTC timezone used',
  `message` varchar(256) CHARACTER SET utf8mb4 COLLATE utf8mb4_unicode_ci NOT NULL
) ENGINE=InnoDB DEFAULT CHARSET=utf8mb4 COLLATE=utf8mb4_unicode_ci;

-- --------------------------------------------------------

--
-- Table structure for table `dictionary`
--

CREATE TABLE `dictionary` (
  `dictionary_id` int NOT NULL,
  `key_` varchar(50) CHARACTER SET utf8mb4 COLLATE utf8mb4_unicode_ci NOT NULL COMMENT 'key is a MySQL reserved word',
  `value` varchar(16) CHARACTER SET utf8mb4 COLLATE utf8mb4_unicode_ci NOT NULL,
  `name` varchar(50) CHARACTER SET utf8mb4 COLLATE utf8mb4_unicode_ci DEFAULT NULL
) ENGINE=InnoDB DEFAULT CHARSET=utf8mb4 COLLATE=utf8mb4_unicode_ci;

--
-- Dumping data for table `dictionary`
--

INSERT INTO `dictionary` (`dictionary_id`, `key_`, `value`, `name`) VALUES
(1, 'USER_NOTIFICATION', 'GPDR', 'General Data Protection Regulation'),
(2, 'ROLE', 'ADMIN', 'Administrator'),
(3, 'ROLE', 'USER', 'User'),
(4, 'USER_STATUS', 'NORMAL', 'Normal'),
(5, 'USER_STATUS', 'CANDIDATE', 'Candidate'),
(6, 'USER_STATUS', 'LOCKED', 'Locked'),
(7, 'WS_TEAM_ID', '151', '3122'),
(8, 'EC2016_1ST3RD', 'ABCD', 'AC,BD,CA,DB'),
(9, 'EC2016_1ST3RD', 'ABCE', 'AC,BA,CB,DE'),
(11, 'EC2016_1ST3RD', 'ABCF', 'AC,BA,CB,DF'),
(12, 'EC2016_1ST3RD', 'ABDE', 'AD,BA,CB,DE'),
(13, 'EC2016_1ST3RD', 'ABDF', 'AD,BA,CB,DF'),
(14, 'EC2016_1ST3RD', 'ABEF', 'AE,BA,CB,DF'),
(15, 'EC2016_1ST3RD', 'ACDE', 'AC,BD,CA,DE'),
(16, 'EC2016_1ST3RD', 'ACDF', 'AC,BD,CA,DF'),
(17, 'EC2016_1ST3RD', 'ACEF', 'AC,BA,CF,DE'),
(18, 'EC2016_1ST3RD', 'ADEF', 'AD,BA,CF,DE'),
(19, 'EC2016_1ST3RD', 'BCDE', 'AC,BD,CB,DE'),
(20, 'EC2016_1ST3RD', 'BCDF', 'AC,BD,CB,DF'),
(21, 'EC2016_1ST3RD', 'BCEF', 'AE,BC,CB,DF'),
(22, 'EC2016_1ST3RD', 'BDEF', 'AE,BD,CB,DF'),
(23, 'EC2016_1ST3RD', 'CDEF', 'AC,BD,CF,DE'),
(24, 'EC2024_1ST3RD', 'ABCD', 'BA,CD,EB,FC'),
(25, 'EC2024_1ST3RD', 'ABCE', 'BA,CE,EB,FC'),
(26, 'EC2024_1ST3RD', 'ABCF', 'BA,CF,EB,FC'),
(27, 'EC2024_1ST3RD', 'ABDE', 'BD,CE,EA,FB'),
(28, 'EC2024_1ST3RD', 'ABDF', 'BD,CF,EA,FB'),
(29, 'EC2024_1ST3RD', 'ABEF', 'BE,CF,EB,FA'),
(30, 'EC2024_1ST3RD', 'ACDE', 'BE,CD,EC,FA'),
(31, 'EC2024_1ST3RD', 'ACDF', 'BF,CD,EC,FA'),
(32, 'EC2024_1ST3RD', 'ACEF', 'BE,CF,EC,FA'),
(33, 'EC2024_1ST3RD', 'ADEF', 'BE,CF,ED,FA'),
(34, 'EC2024_1ST3RD', 'BCDE', 'BE,CD,EB,FC'),
(35, 'EC2024_1ST3RD', 'BCDF', 'BF,CD,EC,FB'),
(36, 'EC2024_1ST3RD', 'BCEF', 'BF,CE,EC,FB'),
(37, 'EC2024_1ST3RD', 'BDEF', 'BF,CE,ED,FB'),
(38, 'EC2024_1ST3RD', 'CDEF', 'BF,CE,ED,FC'),
(39, 'CAF2025_1ST3RD', 'ABCD', 'AC,BD,CA,DB'),
(40, 'CAF2025_1ST3RD', 'ABCE', 'AC,BA,CB,DE'),
(41, 'CAF2025_1ST3RD', 'ABCF', 'AC,BA,CB,DF'),
(42, 'CAF2025_1ST3RD', 'ABDE', 'AD,BA,CB,DE'),
(43, 'CAF2025_1ST3RD', 'ABDF', 'AD,BA,CB,DF'),
(44, 'CAF2025_1ST3RD', 'ABEF', 'AE,BA,CB,DF'),
(45, 'CAF2025_1ST3RD', 'ACDE', 'AC,BD,CA,DE'),
(46, 'CAF2025_1ST3RD', 'ACDF', 'AC,BD,CA,DF'),
(47, 'CAF2025_1ST3RD', 'ACEF', 'AC,BA,CF,DE'),
(48, 'CAF2025_1ST3RD', 'ADEF', 'AD,BA,CF,DE'),
(49, 'CAF2025_1ST3RD', 'BCDE', 'AC,BD,CB,DE'),
(50, 'CAF2025_1ST3RD', 'BCDF', 'AC,BD,CB,DF'),
(51, 'CAF2025_1ST3RD', 'BCEF', 'AE,BC,CB,DF'),
(52, 'CAF2025_1ST3RD', 'BDEF', 'AE,BD,CB,DF'),
(53, 'CAF2025_1ST3RD', 'CDEF', 'AC,BD,CF,DE'),
(54, 'WC2026_1ST3RD', 'EFGHIJKL', 'AE,BJ,DI,EF,GH,IG,KL,LK'),
(55, 'WC2026_1ST3RD', 'DFGHIJKL', 'AH,BG,DI,ED,GJ,IF,KL,LK'),
(56, 'WC2026_1ST3RD', 'DEGHIJKL', 'AE,BJ,DI,ED,GH,IG,KL,LK'),
(57, 'WC2026_1ST3RD', 'DEFHIJKL', 'AE,BJ,DI,ED,GH,IF,KL,LK'),
(58, 'WC2026_1ST3RD', 'DEFGIJKL', 'AE,BG,DI,ED,GJ,IF,KL,LK'),
(59, 'WC2026_1ST3RD', 'DEFGHJKL', 'AE,BG,DJ,ED,GH,IF,KL,LK'),
(60, 'WC2026_1ST3RD', 'DEFGHIKL', 'AE,BG,DI,ED,GH,IF,KL,LK'),
(61, 'WC2026_1ST3RD', 'DEFGHIJL', 'AE,BG,DJ,ED,GH,IF,KL,LI'),
(62, 'WC2026_1ST3RD', 'DEFGHIJK', 'AE,BG,DJ,ED,GH,IF,KI,LK'),
(63, 'WC2026_1ST3RD', 'CFGHIJKL', 'AH,BG,DI,EC,GJ,IF,KL,LK'),
(64, 'WC2026_1ST3RD', 'CEGHIJKL', 'AE,BJ,DI,EC,GH,IG,KL,LK'),
(65, 'WC2026_1ST3RD', 'CEFHIJKL', 'AE,BJ,DI,EC,GH,IF,KL,LK'),
(66, 'WC2026_1ST3RD', 'CEFGIJKL', 'AE,BG,DI,EC,GJ,IF,KL,LK'),
(67, 'WC2026_1ST3RD', 'CEFGHJKL', 'AE,BG,DJ,EC,GH,IF,KL,LK'),
(68, 'WC2026_1ST3RD', 'CEFGHIKL', 'AE,BG,DI,EC,GH,IF,KL,LK'),
(69, 'WC2026_1ST3RD', 'CEFGHIJL', 'AE,BG,DJ,EC,GH,IF,KL,LI'),
(70, 'WC2026_1ST3RD', 'CEFGHIJK', 'AE,BG,DJ,EC,GH,IF,KI,LK'),
(71, 'WC2026_1ST3RD', 'CDGHIJKL', 'AH,BG,DI,EC,GJ,ID,KL,LK'),
(72, 'WC2026_1ST3RD', 'CDFHIJKL', 'AC,BJ,DI,ED,GH,IF,KL,LK'),
(73, 'WC2026_1ST3RD', 'CDFGIJKL', 'AC,BG,DI,ED,GJ,IF,KL,LK'),
(74, 'WC2026_1ST3RD', 'CDFGHJKL', 'AC,BG,DJ,ED,GH,IF,KL,LK'),
(75, 'WC2026_1ST3RD', 'CDFGHIKL', 'AC,BG,DI,ED,GH,IF,KL,LK'),
(76, 'WC2026_1ST3RD', 'CDFGHIJL', 'AC,BG,DJ,ED,GH,IF,KL,LI'),
(77, 'WC2026_1ST3RD', 'CDFGHIJK', 'AC,BG,DJ,ED,GH,IF,KI,LK'),
(78, 'WC2026_1ST3RD', 'CDEHIJKL', 'AE,BJ,DI,EC,GH,ID,KL,LK'),
(79, 'WC2026_1ST3RD', 'CDEGIJKL', 'AE,BG,DI,EC,GJ,ID,KL,LK'),
(80, 'WC2026_1ST3RD', 'CDEGHJKL', 'AE,BG,DJ,EC,GH,ID,KL,LK'),
(81, 'WC2026_1ST3RD', 'CDEGHIKL', 'AE,BG,DI,EC,GH,ID,KL,LK'),
(82, 'WC2026_1ST3RD', 'CDEGHIJL', 'AE,BG,DJ,EC,GH,ID,KL,LI'),
(83, 'WC2026_1ST3RD', 'CDEGHIJK', 'AE,BG,DJ,EC,GH,ID,KI,LK'),
(84, 'WC2026_1ST3RD', 'CDEFIJKL', 'AC,BJ,DE,ED,GI,IF,KL,LK'),
(85, 'WC2026_1ST3RD', 'CDEFHJKL', 'AC,BJ,DE,ED,GH,IF,KL,LK'),
(86, 'WC2026_1ST3RD', 'CDEFHIKL', 'AC,BE,DI,ED,GH,IF,KL,LK'),
(87, 'WC2026_1ST3RD', 'CDEFHIJL', 'AC,BJ,DE,ED,GH,IF,KL,LI'),
(88, 'WC2026_1ST3RD', 'CDEFHIJK', 'AC,BJ,DE,ED,GH,IF,KI,LK'),
(89, 'WC2026_1ST3RD', 'CDEFGJKL', 'AC,BG,DE,ED,GJ,IF,KL,LK'),
(90, 'WC2026_1ST3RD', 'CDEFGIKL', 'AC,BG,DE,ED,GI,IF,KL,LK'),
(91, 'WC2026_1ST3RD', 'CDEFGIJL', 'AC,BG,DE,ED,GJ,IF,KL,LI'),
(92, 'WC2026_1ST3RD', 'CDEFGIJK', 'AC,BG,DE,ED,GJ,IF,KI,LK'),
(93, 'WC2026_1ST3RD', 'CDEFGHKL', 'AC,BG,DE,ED,GH,IF,KL,LK'),
(94, 'WC2026_1ST3RD', 'CDEFGHJL', 'AC,BG,DJ,ED,GH,IF,KL,LE'),
(95, 'WC2026_1ST3RD', 'CDEFGHJK', 'AC,BG,DJ,ED,GH,IF,KE,LK'),
(96, 'WC2026_1ST3RD', 'CDEFGHIL', 'AC,BG,DE,ED,GH,IF,KL,LI'),
(97, 'WC2026_1ST3RD', 'CDEFGHIK', 'AC,BG,DE,ED,GH,IF,KI,LK'),
(98, 'WC2026_1ST3RD', 'CDEFGHIJ', 'AC,BG,DJ,ED,GH,IF,KE,LI'),
(99, 'WC2026_1ST3RD', 'BFGHIJKL', 'AH,BJ,DB,EF,GI,IG,KL,LK'),
(100, 'WC2026_1ST3RD', 'BEGHIJKL', 'AE,BJ,DI,EB,GH,IG,KL,LK'),
(101, 'WC2026_1ST3RD', 'BEFHIJKL', 'AE,BJ,DB,EF,GI,IH,KL,LK'),
(102, 'WC2026_1ST3RD', 'BEFGIJKL', 'AE,BJ,DB,EF,GI,IG,KL,LK'),
(103, 'WC2026_1ST3RD', 'BEFGHJKL', 'AE,BJ,DB,EF,GH,IG,KL,LK'),
(104, 'WC2026_1ST3RD', 'BEFGHIKL', 'AE,BG,DB,EF,GI,IH,KL,LK'),
(105, 'WC2026_1ST3RD', 'BEFGHIJL', 'AE,BJ,DB,EF,GH,IG,KL,LI'),
(106, 'WC2026_1ST3RD', 'BEFGHIJK', 'AE,BJ,DB,EF,GH,IG,KI,LK'),
(107, 'WC2026_1ST3RD', 'BDGHIJKL', 'AH,BJ,DB,ED,GI,IG,KL,LK'),
(108, 'WC2026_1ST3RD', 'BDFHIJKL', 'AH,BJ,DB,ED,GI,IF,KL,LK'),
(109, 'WC2026_1ST3RD', 'BDFGIJKL', 'AI,BG,DB,ED,GJ,IF,KL,LK'),
(110, 'WC2026_1ST3RD', 'BDFGHJKL', 'AH,BG,DB,ED,GJ,IF,KL,LK'),
(111, 'WC2026_1ST3RD', 'BDFGHIKL', 'AH,BG,DB,ED,GI,IF,KL,LK'),
(112, 'WC2026_1ST3RD', 'BDFGHIJL', 'AH,BG,DB,ED,GJ,IF,KL,LI'),
(113, 'WC2026_1ST3RD', 'BDFGHIJK', 'AH,BG,DB,ED,GJ,IF,KI,LK'),
(114, 'WC2026_1ST3RD', 'BDEHIJKL', 'AE,BJ,DB,ED,GI,IH,KL,LK'),
(115, 'WC2026_1ST3RD', 'BDEGIJKL', 'AE,BJ,DB,ED,GI,IG,KL,LK'),
(116, 'WC2026_1ST3RD', 'BDEGHJKL', 'AE,BJ,DB,ED,GH,IG,KL,LK'),
(117, 'WC2026_1ST3RD', 'BDEGHIKL', 'AE,BG,DB,ED,GI,IH,KL,LK'),
(118, 'WC2026_1ST3RD', 'BDEGHIJL', 'AE,BJ,DB,ED,GH,IG,KL,LI'),
(119, 'WC2026_1ST3RD', 'BDEGHIJK', 'AE,BJ,DB,ED,GH,IG,KI,LK'),
(120, 'WC2026_1ST3RD', 'BDEFIJKL', 'AE,BJ,DB,ED,GI,IF,KL,LK'),
(121, 'WC2026_1ST3RD', 'BDEFHJKL', 'AE,BJ,DB,ED,GH,IF,KL,LK'),
(122, 'WC2026_1ST3RD', 'BDEFHIKL', 'AE,BI,DB,ED,GH,IF,KL,LK'),
(123, 'WC2026_1ST3RD', 'BDEFHIJL', 'AE,BJ,DB,ED,GH,IF,KL,LI'),
(124, 'WC2026_1ST3RD', 'BDEFHIJK', 'AE,BJ,DB,ED,GH,IF,KI,LK'),
(125, 'WC2026_1ST3RD', 'BDEFGJKL', 'AE,BG,DB,ED,GJ,IF,KL,LK'),
(126, 'WC2026_1ST3RD', 'BDEFGIKL', 'AE,BG,DB,ED,GI,IF,KL,LK'),
(127, 'WC2026_1ST3RD', 'BDEFGIJL', 'AE,BG,DB,ED,GJ,IF,KL,LI'),
(128, 'WC2026_1ST3RD', 'BDEFGIJK', 'AE,BG,DB,ED,GJ,IF,KI,LK'),
(129, 'WC2026_1ST3RD', 'BDEFGHKL', 'AE,BG,DB,ED,GH,IF,KL,LK'),
(130, 'WC2026_1ST3RD', 'BDEFGHJL', 'AH,BG,DB,ED,GJ,IF,KL,LE'),
(131, 'WC2026_1ST3RD', 'BDEFGHJK', 'AH,BG,DB,ED,GJ,IF,KE,LK'),
(132, 'WC2026_1ST3RD', 'BDEFGHIL', 'AE,BG,DB,ED,GH,IF,KL,LI'),
(133, 'WC2026_1ST3RD', 'BDEFGHIK', 'AE,BG,DB,ED,GH,IF,KI,LK'),
(134, 'WC2026_1ST3RD', 'BDEFGHIJ', 'AH,BG,DB,ED,GJ,IF,KE,LI'),
(135, 'WC2026_1ST3RD', 'BCGHIJKL', 'AH,BJ,DB,EC,GI,IG,KL,LK'),
(136, 'WC2026_1ST3RD', 'BCFHIJKL', 'AH,BJ,DB,EC,GI,IF,KL,LK'),
(137, 'WC2026_1ST3RD', 'BCFGIJKL', 'AI,BG,DB,EC,GJ,IF,KL,LK'),
(138, 'WC2026_1ST3RD', 'BCFGHJKL', 'AH,BG,DB,EC,GJ,IF,KL,LK'),
(139, 'WC2026_1ST3RD', 'BCFGHIKL', 'AH,BG,DB,EC,GI,IF,KL,LK'),
(140, 'WC2026_1ST3RD', 'BCFGHIJL', 'AH,BG,DB,EC,GJ,IF,KL,LI'),
(141, 'WC2026_1ST3RD', 'BCFGHIJK', 'AH,BG,DB,EC,GJ,IF,KI,LK'),
(142, 'WC2026_1ST3RD', 'BCEHIJKL', 'AE,BJ,DB,EC,GI,IH,KL,LK'),
(143, 'WC2026_1ST3RD', 'BCEGIJKL', 'AE,BJ,DB,EC,GI,IG,KL,LK'),
(144, 'WC2026_1ST3RD', 'BCEGHJKL', 'AE,BJ,DB,EC,GH,IG,KL,LK'),
(145, 'WC2026_1ST3RD', 'BCEGHIKL', 'AE,BG,DB,EC,GI,IH,KL,LK'),
(146, 'WC2026_1ST3RD', 'BCEGHIJL', 'AE,BJ,DB,EC,GH,IG,KL,LI'),
(147, 'WC2026_1ST3RD', 'BCEGHIJK', 'AE,BJ,DB,EC,GH,IG,KI,LK'),
(148, 'WC2026_1ST3RD', 'BCEFIJKL', 'AE,BJ,DB,EC,GI,IF,KL,LK'),
(149, 'WC2026_1ST3RD', 'BCEFHJKL', 'AE,BJ,DB,EC,GH,IF,KL,LK'),
(150, 'WC2026_1ST3RD', 'BCEFHIKL', 'AE,BI,DB,EC,GH,IF,KL,LK'),
(151, 'WC2026_1ST3RD', 'BCEFHIJL', 'AE,BJ,DB,EC,GH,IF,KL,LI'),
(152, 'WC2026_1ST3RD', 'BCEFHIJK', 'AE,BJ,DB,EC,GH,IF,KI,LK'),
(153, 'WC2026_1ST3RD', 'BCEFGJKL', 'AE,BG,DB,EC,GJ,IF,KL,LK'),
(154, 'WC2026_1ST3RD', 'BCEFGIKL', 'AE,BG,DB,EC,GI,IF,KL,LK'),
(155, 'WC2026_1ST3RD', 'BCEFGIJL', 'AE,BG,DB,EC,GJ,IF,KL,LI'),
(156, 'WC2026_1ST3RD', 'BCEFGIJK', 'AE,BG,DB,EC,GJ,IF,KI,LK'),
(157, 'WC2026_1ST3RD', 'BCEFGHKL', 'AE,BG,DB,EC,GH,IF,KL,LK'),
(158, 'WC2026_1ST3RD', 'BCEFGHJL', 'AH,BG,DB,EC,GJ,IF,KL,LE'),
(159, 'WC2026_1ST3RD', 'BCEFGHJK', 'AH,BG,DB,EC,GJ,IF,KE,LK'),
(160, 'WC2026_1ST3RD', 'BCEFGHIL', 'AE,BG,DB,EC,GH,IF,KL,LI'),
(161, 'WC2026_1ST3RD', 'BCEFGHIK', 'AE,BG,DB,EC,GH,IF,KI,LK'),
(162, 'WC2026_1ST3RD', 'BCEFGHIJ', 'AH,BG,DB,EC,GJ,IF,KE,LI'),
(163, 'WC2026_1ST3RD', 'BCDHIJKL', 'AH,BJ,DB,EC,GI,ID,KL,LK'),
(164, 'WC2026_1ST3RD', 'BCDGIJKL', 'AI,BG,DB,EC,GJ,ID,KL,LK'),
(165, 'WC2026_1ST3RD', 'BCDGHJKL', 'AH,BG,DB,EC,GJ,ID,KL,LK'),
(166, 'WC2026_1ST3RD', 'BCDGHIKL', 'AH,BG,DB,EC,GI,ID,KL,LK'),
(167, 'WC2026_1ST3RD', 'BCDGHIJL', 'AH,BG,DB,EC,GJ,ID,KL,LI'),
(168, 'WC2026_1ST3RD', 'BCDGHIJK', 'AH,BG,DB,EC,GJ,ID,KI,LK'),
(169, 'WC2026_1ST3RD', 'BCDFIJKL', 'AC,BJ,DB,ED,GI,IF,KL,LK'),
(170, 'WC2026_1ST3RD', 'BCDFHJKL', 'AC,BJ,DB,ED,GH,IF,KL,LK'),
(171, 'WC2026_1ST3RD', 'BCDFHIKL', 'AC,BI,DB,ED,GH,IF,KL,LK'),
(172, 'WC2026_1ST3RD', 'BCDFHIJL', 'AC,BJ,DB,ED,GH,IF,KL,LI'),
(173, 'WC2026_1ST3RD', 'BCDFHIJK', 'AC,BJ,DB,ED,GH,IF,KI,LK'),
(174, 'WC2026_1ST3RD', 'BCDFGJKL', 'AC,BG,DB,ED,GJ,IF,KL,LK'),
(175, 'WC2026_1ST3RD', 'BCDFGIKL', 'AC,BG,DB,ED,GI,IF,KL,LK'),
(176, 'WC2026_1ST3RD', 'BCDFGIJL', 'AC,BG,DB,ED,GJ,IF,KL,LI'),
(177, 'WC2026_1ST3RD', 'BCDFGIJK', 'AC,BG,DB,ED,GJ,IF,KI,LK'),
(178, 'WC2026_1ST3RD', 'BCDFGHKL', 'AC,BG,DB,ED,GH,IF,KL,LK'),
(179, 'WC2026_1ST3RD', 'BCDFGHJL', 'AC,BG,DB,ED,GH,IF,KL,LJ'),
(180, 'WC2026_1ST3RD', 'BCDFGHJK', 'AH,BG,DB,EC,GJ,IF,KD,LK'),
(181, 'WC2026_1ST3RD', 'BCDFGHIL', 'AC,BG,DB,ED,GH,IF,KL,LI'),
(182, 'WC2026_1ST3RD', 'BCDFGHIK', 'AC,BG,DB,ED,GH,IF,KI,LK'),
(183, 'WC2026_1ST3RD', 'BCDFGHIJ', 'AH,BG,DB,EC,GJ,IF,KD,LI'),
(184, 'WC2026_1ST3RD', 'BCDEIJKL', 'AE,BJ,DB,EC,GI,ID,KL,LK'),
(185, 'WC2026_1ST3RD', 'BCDEHJKL', 'AE,BJ,DB,EC,GH,ID,KL,LK'),
(186, 'WC2026_1ST3RD', 'BCDEHIKL', 'AE,BI,DB,EC,GH,ID,KL,LK'),
(187, 'WC2026_1ST3RD', 'BCDEHIJL', 'AE,BJ,DB,EC,GH,ID,KL,LI'),
(188, 'WC2026_1ST3RD', 'BCDEHIJK', 'AE,BJ,DB,EC,GH,ID,KI,LK'),
(189, 'WC2026_1ST3RD', 'BCDEGJKL', 'AE,BG,DB,EC,GJ,ID,KL,LK'),
(190, 'WC2026_1ST3RD', 'BCDEGIKL', 'AE,BG,DB,EC,GI,ID,KL,LK'),
(191, 'WC2026_1ST3RD', 'BCDEGIJL', 'AE,BG,DB,EC,GJ,ID,KL,LI'),
(192, 'WC2026_1ST3RD', 'BCDEGIJK', 'AE,BG,DB,EC,GJ,ID,KI,LK'),
(193, 'WC2026_1ST3RD', 'BCDEGHKL', 'AE,BG,DB,EC,GH,ID,KL,LK'),
(194, 'WC2026_1ST3RD', 'BCDEGHJL', 'AH,BG,DB,EC,GJ,ID,KL,LE'),
(195, 'WC2026_1ST3RD', 'BCDEGHJK', 'AH,BG,DB,EC,GJ,ID,KE,LK'),
(196, 'WC2026_1ST3RD', 'BCDEGHIL', 'AE,BG,DB,EC,GH,ID,KL,LI'),
(197, 'WC2026_1ST3RD', 'BCDEGHIK', 'AE,BG,DB,EC,GH,ID,KI,LK'),
(198, 'WC2026_1ST3RD', 'BCDEGHIJ', 'AH,BG,DB,EC,GJ,ID,KE,LI'),
(199, 'WC2026_1ST3RD', 'BCDEFJKL', 'AC,BJ,DB,ED,GE,IF,KL,LK'),
(200, 'WC2026_1ST3RD', 'BCDEFIKL', 'AC,BE,DB,ED,GI,IF,KL,LK'),
(201, 'WC2026_1ST3RD', 'BCDEFIJL', 'AC,BJ,DB,ED,GE,IF,KL,LI'),
(202, 'WC2026_1ST3RD', 'BCDEFIJK', 'AC,BJ,DB,ED,GE,IF,KI,LK'),
(203, 'WC2026_1ST3RD', 'BCDEFHKL', 'AC,BE,DB,ED,GH,IF,KL,LK'),
(204, 'WC2026_1ST3RD', 'BCDEFHJL', 'AC,BJ,DB,ED,GH,IF,KL,LE'),
(205, 'WC2026_1ST3RD', 'BCDEFHJK', 'AC,BJ,DB,ED,GH,IF,KE,LK'),
(206, 'WC2026_1ST3RD', 'BCDEFHIL', 'AC,BE,DB,ED,GH,IF,KL,LI'),
(207, 'WC2026_1ST3RD', 'BCDEFHIK', 'AC,BE,DB,ED,GH,IF,KI,LK'),
(208, 'WC2026_1ST3RD', 'BCDEFHIJ', 'AC,BJ,DB,ED,GH,IF,KE,LI'),
(209, 'WC2026_1ST3RD', 'BCDEFGKL', 'AC,BG,DB,ED,GE,IF,KL,LK'),
(210, 'WC2026_1ST3RD', 'BCDEFGJL', 'AC,BG,DB,ED,GJ,IF,KL,LE'),
(211, 'WC2026_1ST3RD', 'BCDEFGJK', 'AC,BG,DB,ED,GJ,IF,KE,LK'),
(212, 'WC2026_1ST3RD', 'BCDEFGIL', 'AC,BG,DB,ED,GE,IF,KL,LI'),
(213, 'WC2026_1ST3RD', 'BCDEFGIK', 'AC,BG,DB,ED,GE,IF,KI,LK'),
(214, 'WC2026_1ST3RD', 'BCDEFGIJ', 'AC,BG,DB,ED,GJ,IF,KE,LI'),
(215, 'WC2026_1ST3RD', 'BCDEFGHL', 'AC,BG,DB,ED,GH,IF,KL,LE'),
(216, 'WC2026_1ST3RD', 'BCDEFGHK', 'AC,BG,DB,ED,GH,IF,KE,LK'),
(217, 'WC2026_1ST3RD', 'BCDEFGHJ', 'AH,BG,DB,EC,GJ,IF,KD,LE'),
(218, 'WC2026_1ST3RD', 'BCDEFGHI', 'AC,BG,DB,ED,GH,IF,KE,LI'),
(219, 'WC2026_1ST3RD', 'AFGHIJKL', 'AH,BJ,DI,EF,GA,IG,KL,LK'),
(220, 'WC2026_1ST3RD', 'AEGHIJKL', 'AE,BJ,DI,EA,GH,IG,KL,LK'),
(221, 'WC2026_1ST3RD', 'AEFHIJKL', 'AE,BJ,DI,EF,GA,IH,KL,LK'),
(222, 'WC2026_1ST3RD', 'AEFGIJKL', 'AE,BJ,DI,EF,GA,IG,KL,LK'),
(223, 'WC2026_1ST3RD', 'AEFGHJKL', 'AE,BG,DJ,EF,GA,IH,KL,LK'),
(224, 'WC2026_1ST3RD', 'AEFGHIKL', 'AE,BG,DI,EF,GA,IH,KL,LK'),
(225, 'WC2026_1ST3RD', 'AEFGHIJL', 'AE,BG,DJ,EF,GA,IH,KL,LI'),
(226, 'WC2026_1ST3RD', 'AEFGHIJK', 'AE,BG,DJ,EF,GA,IH,KI,LK'),
(227, 'WC2026_1ST3RD', 'ADGHIJKL', 'AH,BJ,DI,ED,GA,IG,KL,LK'),
(228, 'WC2026_1ST3RD', 'ADFHIJKL', 'AH,BJ,DI,ED,GA,IF,KL,LK'),
(229, 'WC2026_1ST3RD', 'ADFGIJKL', 'AI,BG,DJ,ED,GA,IF,KL,LK'),
(230, 'WC2026_1ST3RD', 'ADFGHJKL', 'AH,BG,DJ,ED,GA,IF,KL,LK'),
(231, 'WC2026_1ST3RD', 'ADFGHIKL', 'AH,BG,DI,ED,GA,IF,KL,LK'),
(232, 'WC2026_1ST3RD', 'ADFGHIJL', 'AH,BG,DJ,ED,GA,IF,KL,LI'),
(233, 'WC2026_1ST3RD', 'ADFGHIJK', 'AH,BG,DJ,ED,GA,IF,KI,LK'),
(234, 'WC2026_1ST3RD', 'ADEHIJKL', 'AE,BJ,DI,ED,GA,IH,KL,LK'),
(235, 'WC2026_1ST3RD', 'ADEGIJKL', 'AE,BJ,DI,ED,GA,IG,KL,LK'),
(236, 'WC2026_1ST3RD', 'ADEGHJKL', 'AE,BG,DJ,ED,GA,IH,KL,LK'),
(237, 'WC2026_1ST3RD', 'ADEGHIKL', 'AE,BG,DI,ED,GA,IH,KL,LK'),
(238, 'WC2026_1ST3RD', 'ADEGHIJL', 'AE,BG,DJ,ED,GA,IH,KL,LI'),
(239, 'WC2026_1ST3RD', 'ADEGHIJK', 'AE,BG,DJ,ED,GA,IH,KI,LK'),
(240, 'WC2026_1ST3RD', 'ADEFIJKL', 'AE,BJ,DI,ED,GA,IF,KL,LK'),
(241, 'WC2026_1ST3RD', 'ADEFHJKL', 'AH,BJ,DE,ED,GA,IF,KL,LK'),
(242, 'WC2026_1ST3RD', 'ADEFHIKL', 'AH,BE,DI,ED,GA,IF,KL,LK'),
(243, 'WC2026_1ST3RD', 'ADEFHIJL', 'AH,BJ,DE,ED,GA,IF,KL,LI'),
(244, 'WC2026_1ST3RD', 'ADEFHIJK', 'AH,BJ,DE,ED,GA,IF,KI,LK'),
(245, 'WC2026_1ST3RD', 'ADEFGJKL', 'AE,BG,DJ,ED,GA,IF,KL,LK'),
(246, 'WC2026_1ST3RD', 'ADEFGIKL', 'AE,BG,DI,ED,GA,IF,KL,LK'),
(247, 'WC2026_1ST3RD', 'ADEFGIJL', 'AE,BG,DJ,ED,GA,IF,KL,LI'),
(248, 'WC2026_1ST3RD', 'ADEFGIJK', 'AE,BG,DJ,ED,GA,IF,KI,LK'),
(249, 'WC2026_1ST3RD', 'ADEFGHKL', 'AH,BG,DE,ED,GA,IF,KL,LK'),
(250, 'WC2026_1ST3RD', 'ADEFGHJL', 'AH,BG,DJ,ED,GA,IF,KL,LE'),
(251, 'WC2026_1ST3RD', 'ADEFGHJK', 'AH,BG,DJ,ED,GA,IF,KE,LK'),
(252, 'WC2026_1ST3RD', 'ADEFGHIL', 'AH,BG,DE,ED,GA,IF,KL,LI'),
(253, 'WC2026_1ST3RD', 'ADEFGHIK', 'AH,BG,DE,ED,GA,IF,KI,LK'),
(254, 'WC2026_1ST3RD', 'ADEFGHIJ', 'AH,BG,DJ,ED,GA,IF,KE,LI'),
(255, 'WC2026_1ST3RD', 'ACGHIJKL', 'AH,BJ,DI,EC,GA,IG,KL,LK'),
(256, 'WC2026_1ST3RD', 'ACFHIJKL', 'AH,BJ,DI,EC,GA,IF,KL,LK'),
(257, 'WC2026_1ST3RD', 'ACFGIJKL', 'AI,BG,DJ,EC,GA,IF,KL,LK'),
(258, 'WC2026_1ST3RD', 'ACFGHJKL', 'AH,BG,DJ,EC,GA,IF,KL,LK'),
(259, 'WC2026_1ST3RD', 'ACFGHIKL', 'AH,BG,DI,EC,GA,IF,KL,LK'),
(260, 'WC2026_1ST3RD', 'ACFGHIJL', 'AH,BG,DJ,EC,GA,IF,KL,LI'),
(261, 'WC2026_1ST3RD', 'ACFGHIJK', 'AH,BG,DJ,EC,GA,IF,KI,LK'),
(262, 'WC2026_1ST3RD', 'ACEHIJKL', 'AE,BJ,DI,EC,GA,IH,KL,LK'),
(263, 'WC2026_1ST3RD', 'ACEGIJKL', 'AE,BJ,DI,EC,GA,IG,KL,LK'),
(264, 'WC2026_1ST3RD', 'ACEGHJKL', 'AE,BG,DJ,EC,GA,IH,KL,LK'),
(265, 'WC2026_1ST3RD', 'ACEGHIKL', 'AE,BG,DI,EC,GA,IH,KL,LK'),
(266, 'WC2026_1ST3RD', 'ACEGHIJL', 'AE,BG,DJ,EC,GA,IH,KL,LI'),
(267, 'WC2026_1ST3RD', 'ACEGHIJK', 'AE,BG,DJ,EC,GA,IH,KI,LK'),
(268, 'WC2026_1ST3RD', 'ACEFIJKL', 'AE,BJ,DI,EC,GA,IF,KL,LK'),
(269, 'WC2026_1ST3RD', 'ACEFHJKL', 'AH,BJ,DE,EC,GA,IF,KL,LK'),
(270, 'WC2026_1ST3RD', 'ACEFHIKL', 'AH,BE,DI,EC,GA,IF,KL,LK'),
(271, 'WC2026_1ST3RD', 'ACEFHIJL', 'AH,BJ,DE,EC,GA,IF,KL,LI'),
(272, 'WC2026_1ST3RD', 'ACEFHIJK', 'AH,BJ,DE,EC,GA,IF,KI,LK'),
(273, 'WC2026_1ST3RD', 'ACEFGJKL', 'AE,BG,DJ,EC,GA,IF,KL,LK'),
(274, 'WC2026_1ST3RD', 'ACEFGIKL', 'AE,BG,DI,EC,GA,IF,KL,LK'),
(275, 'WC2026_1ST3RD', 'ACEFGIJL', 'AE,BG,DJ,EC,GA,IF,KL,LI'),
(276, 'WC2026_1ST3RD', 'ACEFGIJK', 'AE,BG,DJ,EC,GA,IF,KI,LK'),
(277, 'WC2026_1ST3RD', 'ACEFGHKL', 'AH,BG,DE,EC,GA,IF,KL,LK'),
(278, 'WC2026_1ST3RD', 'ACEFGHJL', 'AH,BG,DJ,EC,GA,IF,KL,LE'),
(279, 'WC2026_1ST3RD', 'ACEFGHJK', 'AH,BG,DJ,EC,GA,IF,KE,LK'),
(280, 'WC2026_1ST3RD', 'ACEFGHIL', 'AH,BG,DE,EC,GA,IF,KL,LI'),
(281, 'WC2026_1ST3RD', 'ACEFGHIK', 'AH,BG,DE,EC,GA,IF,KI,LK'),
(282, 'WC2026_1ST3RD', 'ACEFGHIJ', 'AH,BG,DJ,EC,GA,IF,KE,LI'),
(283, 'WC2026_1ST3RD', 'ACDHIJKL', 'AH,BJ,DI,EC,GA,ID,KL,LK'),
(284, 'WC2026_1ST3RD', 'ACDGIJKL', 'AI,BG,DJ,EC,GA,ID,KL,LK'),
(285, 'WC2026_1ST3RD', 'ACDGHJKL', 'AH,BG,DJ,EC,GA,ID,KL,LK'),
(286, 'WC2026_1ST3RD', 'ACDGHIKL', 'AH,BG,DI,EC,GA,ID,KL,LK'),
(287, 'WC2026_1ST3RD', 'ACDGHIJL', 'AH,BG,DJ,EC,GA,ID,KL,LI'),
(288, 'WC2026_1ST3RD', 'ACDGHIJK', 'AH,BG,DJ,EC,GA,ID,KI,LK'),
(289, 'WC2026_1ST3RD', 'ACDFIJKL', 'AC,BJ,DI,ED,GA,IF,KL,LK'),
(290, 'WC2026_1ST3RD', 'ACDFHJKL', 'AH,BJ,DF,EC,GA,ID,KL,LK'),
(291, 'WC2026_1ST3RD', 'ACDFHIKL', 'AH,BF,DI,EC,GA,ID,KL,LK'),
(292, 'WC2026_1ST3RD', 'ACDFHIJL', 'AH,BJ,DF,EC,GA,ID,KL,LI'),
(293, 'WC2026_1ST3RD', 'ACDFHIJK', 'AH,BJ,DF,EC,GA,ID,KI,LK'),
(294, 'WC2026_1ST3RD', 'ACDFGJKL', 'AC,BG,DJ,ED,GA,IF,KL,LK'),
(295, 'WC2026_1ST3RD', 'ACDFGIKL', 'AC,BG,DI,ED,GA,IF,KL,LK'),
(296, 'WC2026_1ST3RD', 'ACDFGIJL', 'AC,BG,DJ,ED,GA,IF,KL,LI'),
(297, 'WC2026_1ST3RD', 'ACDFGIJK', 'AC,BG,DJ,ED,GA,IF,KI,LK'),
(298, 'WC2026_1ST3RD', 'ACDFGHKL', 'AH,BG,DF,EC,GA,ID,KL,LK'),
(299, 'WC2026_1ST3RD', 'ACDFGHJL', 'AC,BG,DJ,ED,GA,IF,KL,LH'),
(300, 'WC2026_1ST3RD', 'ACDFGHJK', 'AH,BG,DJ,EC,GA,IF,KD,LK'),
(301, 'WC2026_1ST3RD', 'ACDFGHIL', 'AH,BG,DF,EC,GA,ID,KL,LI'),
(302, 'WC2026_1ST3RD', 'ACDFGHIK', 'AH,BG,DF,EC,GA,ID,KI,LK'),
(303, 'WC2026_1ST3RD', 'ACDFGHIJ', 'AH,BG,DJ,EC,GA,IF,KD,LI'),
(304, 'WC2026_1ST3RD', 'ACDEIJKL', 'AE,BJ,DI,EC,GA,ID,KL,LK'),
(305, 'WC2026_1ST3RD', 'ACDEHJKL', 'AH,BJ,DE,EC,GA,ID,KL,LK'),
(306, 'WC2026_1ST3RD', 'ACDEHIKL', 'AH,BE,DI,EC,GA,ID,KL,LK'),
(307, 'WC2026_1ST3RD', 'ACDEHIJL', 'AH,BJ,DE,EC,GA,ID,KL,LI'),
(308, 'WC2026_1ST3RD', 'ACDEHIJK', 'AH,BJ,DE,EC,GA,ID,KI,LK'),
(309, 'WC2026_1ST3RD', 'ACDEGJKL', 'AE,BG,DJ,EC,GA,ID,KL,LK'),
(310, 'WC2026_1ST3RD', 'ACDEGIKL', 'AE,BG,DI,EC,GA,ID,KL,LK'),
(311, 'WC2026_1ST3RD', 'ACDEGIJL', 'AE,BG,DJ,EC,GA,ID,KL,LI'),
(312, 'WC2026_1ST3RD', 'ACDEGIJK', 'AE,BG,DJ,EC,GA,ID,KI,LK'),
(313, 'WC2026_1ST3RD', 'ACDEGHKL', 'AH,BG,DE,EC,GA,ID,KL,LK'),
(314, 'WC2026_1ST3RD', 'ACDEGHJL', 'AH,BG,DJ,EC,GA,ID,KL,LE'),
(315, 'WC2026_1ST3RD', 'ACDEGHJK', 'AH,BG,DJ,EC,GA,ID,KE,LK'),
(316, 'WC2026_1ST3RD', 'ACDEGHIL', 'AH,BG,DE,EC,GA,ID,KL,LI'),
(317, 'WC2026_1ST3RD', 'ACDEGHIK', 'AH,BG,DE,EC,GA,ID,KI,LK'),
(318, 'WC2026_1ST3RD', 'ACDEGHIJ', 'AH,BG,DJ,EC,GA,ID,KE,LI'),
(319, 'WC2026_1ST3RD', 'ACDEFJKL', 'AC,BJ,DE,ED,GA,IF,KL,LK'),
(320, 'WC2026_1ST3RD', 'ACDEFIKL', 'AC,BE,DI,ED,GA,IF,KL,LK'),
(321, 'WC2026_1ST3RD', 'ACDEFIJL', 'AC,BJ,DE,ED,GA,IF,KL,LI'),
(322, 'WC2026_1ST3RD', 'ACDEFIJK', 'AC,BJ,DE,ED,GA,IF,KI,LK'),
(323, 'WC2026_1ST3RD', 'ACDEFHKL', 'AH,BE,DF,EC,GA,ID,KL,LK'),
(324, 'WC2026_1ST3RD', 'ACDEFHJL', 'AH,BJ,DF,EC,GA,ID,KL,LE'),
(325, 'WC2026_1ST3RD', 'ACDEFHJK', 'AH,BJ,DE,EC,GA,IF,KD,LK'),
(326, 'WC2026_1ST3RD', 'ACDEFHIL', 'AH,BE,DF,EC,GA,ID,KL,LI'),
(327, 'WC2026_1ST3RD', 'ACDEFHIK', 'AH,BE,DF,EC,GA,ID,KI,LK'),
(328, 'WC2026_1ST3RD', 'ACDEFHIJ', 'AH,BJ,DE,EC,GA,IF,KD,LI'),
(329, 'WC2026_1ST3RD', 'ACDEFGKL', 'AC,BG,DE,ED,GA,IF,KL,LK'),
(330, 'WC2026_1ST3RD', 'ACDEFGJL', 'AC,BG,DJ,ED,GA,IF,KL,LE'),
(331, 'WC2026_1ST3RD', 'ACDEFGJK', 'AC,BG,DJ,ED,GA,IF,KE,LK'),
(332, 'WC2026_1ST3RD', 'ACDEFGIL', 'AC,BG,DE,ED,GA,IF,KL,LI'),
(333, 'WC2026_1ST3RD', 'ACDEFGIK', 'AC,BG,DE,ED,GA,IF,KI,LK'),
(334, 'WC2026_1ST3RD', 'ACDEFGIJ', 'AC,BG,DJ,ED,GA,IF,KE,LI'),
(335, 'WC2026_1ST3RD', 'ACDEFGHL', 'AH,BG,DF,EC,GA,ID,KL,LE'),
(336, 'WC2026_1ST3RD', 'ACDEFGHK', 'AH,BG,DE,EC,GA,IF,KD,LK'),
(337, 'WC2026_1ST3RD', 'ACDEFGHJ', 'AH,BG,DJ,EC,GA,IF,KD,LE'),
(338, 'WC2026_1ST3RD', 'ACDEFGHI', 'AH,BG,DE,EC,GA,IF,KD,LI'),
(339, 'WC2026_1ST3RD', 'ABGHIJKL', 'AH,BJ,DB,EA,GI,IG,KL,LK'),
(340, 'WC2026_1ST3RD', 'ABFHIJKL', 'AH,BJ,DB,EA,GI,IF,KL,LK'),
(341, 'WC2026_1ST3RD', 'ABFGIJKL', 'AI,BJ,DB,EF,GA,IG,KL,LK'),
(342, 'WC2026_1ST3RD', 'ABFGHJKL', 'AH,BJ,DB,EF,GA,IG,KL,LK'),
(343, 'WC2026_1ST3RD', 'ABFGHIKL', 'AH,BG,DB,EA,GI,IF,KL,LK'),
(344, 'WC2026_1ST3RD', 'ABFGHIJL', 'AH,BJ,DB,EF,GA,IG,KL,LI'),
(345, 'WC2026_1ST3RD', 'ABFGHIJK', 'AH,BJ,DB,EF,GA,IG,KI,LK'),
(346, 'WC2026_1ST3RD', 'ABEHIJKL', 'AE,BJ,DB,EA,GI,IH,KL,LK'),
(347, 'WC2026_1ST3RD', 'ABEGIJKL', 'AE,BJ,DB,EA,GI,IG,KL,LK'),
(348, 'WC2026_1ST3RD', 'ABEGHJKL', 'AE,BJ,DB,EA,GH,IG,KL,LK'),
(349, 'WC2026_1ST3RD', 'ABEGHIKL', 'AE,BG,DB,EA,GI,IH,KL,LK'),
(350, 'WC2026_1ST3RD', 'ABEGHIJL', 'AE,BJ,DB,EA,GH,IG,KL,LI'),
(351, 'WC2026_1ST3RD', 'ABEGHIJK', 'AE,BJ,DB,EA,GH,IG,KI,LK'),
(352, 'WC2026_1ST3RD', 'ABEFIJKL', 'AE,BJ,DB,EA,GI,IF,KL,LK'),
(353, 'WC2026_1ST3RD', 'ABEFHJKL', 'AE,BJ,DB,EF,GA,IH,KL,LK'),
(354, 'WC2026_1ST3RD', 'ABEFHIKL', 'AE,BI,DB,EF,GA,IH,KL,LK'),
(355, 'WC2026_1ST3RD', 'ABEFHIJL', 'AE,BJ,DB,EF,GA,IH,KL,LI'),
(356, 'WC2026_1ST3RD', 'ABEFHIJK', 'AE,BJ,DB,EF,GA,IH,KI,LK'),
(357, 'WC2026_1ST3RD', 'ABEFGJKL', 'AE,BJ,DB,EF,GA,IG,KL,LK'),
(358, 'WC2026_1ST3RD', 'ABEFGIKL', 'AE,BG,DB,EA,GI,IF,KL,LK'),
(359, 'WC2026_1ST3RD', 'ABEFGIJL', 'AE,BJ,DB,EF,GA,IG,KL,LI'),
(360, 'WC2026_1ST3RD', 'ABEFGIJK', 'AE,BJ,DB,EF,GA,IG,KI,LK'),
(361, 'WC2026_1ST3RD', 'ABEFGHKL', 'AE,BG,DB,EF,GA,IH,KL,LK'),
(362, 'WC2026_1ST3RD', 'ABEFGHJL', 'AH,BJ,DB,EF,GA,IG,KL,LE'),
(363, 'WC2026_1ST3RD', 'ABEFGHJK', 'AH,BJ,DB,EF,GA,IG,KE,LK'),
(364, 'WC2026_1ST3RD', 'ABEFGHIL', 'AE,BG,DB,EF,GA,IH,KL,LI'),
(365, 'WC2026_1ST3RD', 'ABEFGHIK', 'AE,BG,DB,EF,GA,IH,KI,LK'),
(366, 'WC2026_1ST3RD', 'ABEFGHIJ', 'AH,BJ,DB,EF,GA,IG,KE,LI'),
(367, 'WC2026_1ST3RD', 'ABDHIJKL', 'AI,BJ,DB,ED,GA,IH,KL,LK'),
(368, 'WC2026_1ST3RD', 'ABDGIJKL', 'AI,BJ,DB,ED,GA,IG,KL,LK'),
(369, 'WC2026_1ST3RD', 'ABDGHJKL', 'AH,BJ,DB,ED,GA,IG,KL,LK'),
(370, 'WC2026_1ST3RD', 'ABDGHIKL', 'AI,BG,DB,ED,GA,IH,KL,LK'),
(371, 'WC2026_1ST3RD', 'ABDGHIJL', 'AH,BJ,DB,ED,GA,IG,KL,LI'),
(372, 'WC2026_1ST3RD', 'ABDGHIJK', 'AH,BJ,DB,ED,GA,IG,KI,LK'),
(373, 'WC2026_1ST3RD', 'ABDFIJKL', 'AI,BJ,DB,ED,GA,IF,KL,LK'),
(374, 'WC2026_1ST3RD', 'ABDFHJKL', 'AH,BJ,DB,ED,GA,IF,KL,LK'),
(375, 'WC2026_1ST3RD', 'ABDFHIKL', 'AH,BI,DB,ED,GA,IF,KL,LK'),
(376, 'WC2026_1ST3RD', 'ABDFHIJL', 'AH,BJ,DB,ED,GA,IF,KL,LI'),
(377, 'WC2026_1ST3RD', 'ABDFHIJK', 'AH,BJ,DB,ED,GA,IF,KI,LK'),
(378, 'WC2026_1ST3RD', 'ABDFGJKL', 'AF,BJ,DB,ED,GA,IG,KL,LK'),
(379, 'WC2026_1ST3RD', 'ABDFGIKL', 'AI,BG,DB,ED,GA,IF,KL,LK'),
(380, 'WC2026_1ST3RD', 'ABDFGIJL', 'AF,BJ,DB,ED,GA,IG,KL,LI'),
(381, 'WC2026_1ST3RD', 'ABDFGIJK', 'AF,BJ,DB,ED,GA,IG,KI,LK'),
(382, 'WC2026_1ST3RD', 'ABDFGHKL', 'AH,BG,DB,ED,GA,IF,KL,LK'),
(383, 'WC2026_1ST3RD', 'ABDFGHJL', 'AH,BG,DB,ED,GA,IF,KL,LJ'),
(384, 'WC2026_1ST3RD', 'ABDFGHJK', 'AH,BG,DB,ED,GA,IF,KJ,LK'),
(385, 'WC2026_1ST3RD', 'ABDFGHIL', 'AH,BG,DB,ED,GA,IF,KL,LI'),
(386, 'WC2026_1ST3RD', 'ABDFGHIK', 'AH,BG,DB,ED,GA,IF,KI,LK'),
(387, 'WC2026_1ST3RD', 'ABDFGHIJ', 'AH,BG,DB,ED,GA,IF,KI,LJ'),
(388, 'WC2026_1ST3RD', 'ABDEIJKL', 'AE,BJ,DB,EA,GI,ID,KL,LK'),
(389, 'WC2026_1ST3RD', 'ABDEHJKL', 'AE,BJ,DB,ED,GA,IH,KL,LK'),
(390, 'WC2026_1ST3RD', 'ABDEHIKL', 'AE,BI,DB,ED,GA,IH,KL,LK'),
(391, 'WC2026_1ST3RD', 'ABDEHIJL', 'AE,BJ,DB,ED,GA,IH,KL,LI'),
(392, 'WC2026_1ST3RD', 'ABDEHIJK', 'AE,BJ,DB,ED,GA,IH,KI,LK'),
(393, 'WC2026_1ST3RD', 'ABDEGJKL', 'AE,BJ,DB,ED,GA,IG,KL,LK'),
(394, 'WC2026_1ST3RD', 'ABDEGIKL', 'AE,BG,DB,EA,GI,ID,KL,LK'),
(395, 'WC2026_1ST3RD', 'ABDEGIJL', 'AE,BJ,DB,ED,GA,IG,KL,LI'),
(396, 'WC2026_1ST3RD', 'ABDEGIJK', 'AE,BJ,DB,ED,GA,IG,KI,LK'),
(397, 'WC2026_1ST3RD', 'ABDEGHKL', 'AE,BG,DB,ED,GA,IH,KL,LK'),
(398, 'WC2026_1ST3RD', 'ABDEGHJL', 'AH,BJ,DB,ED,GA,IG,KL,LE'),
(399, 'WC2026_1ST3RD', 'ABDEGHJK', 'AH,BJ,DB,ED,GA,IG,KE,LK'),
(400, 'WC2026_1ST3RD', 'ABDEGHIL', 'AE,BG,DB,ED,GA,IH,KL,LI'),
(401, 'WC2026_1ST3RD', 'ABDEGHIK', 'AE,BG,DB,ED,GA,IH,KI,LK'),
(402, 'WC2026_1ST3RD', 'ABDEGHIJ', 'AH,BJ,DB,ED,GA,IG,KE,LI'),
(403, 'WC2026_1ST3RD', 'ABDEFJKL', 'AE,BJ,DB,ED,GA,IF,KL,LK'),
(404, 'WC2026_1ST3RD', 'ABDEFIKL', 'AE,BI,DB,ED,GA,IF,KL,LK'),
(405, 'WC2026_1ST3RD', 'ABDEFIJL', 'AE,BJ,DB,ED,GA,IF,KL,LI'),
(406, 'WC2026_1ST3RD', 'ABDEFIJK', 'AE,BJ,DB,ED,GA,IF,KI,LK'),
(407, 'WC2026_1ST3RD', 'ABDEFHKL', 'AH,BE,DB,ED,GA,IF,KL,LK'),
(408, 'WC2026_1ST3RD', 'ABDEFHJL', 'AH,BJ,DB,ED,GA,IF,KL,LE'),
(409, 'WC2026_1ST3RD', 'ABDEFHJK', 'AH,BJ,DB,ED,GA,IF,KE,LK'),
(410, 'WC2026_1ST3RD', 'ABDEFHIL', 'AH,BE,DB,ED,GA,IF,KL,LI'),
(411, 'WC2026_1ST3RD', 'ABDEFHIK', 'AH,BE,DB,ED,GA,IF,KI,LK'),
(412, 'WC2026_1ST3RD', 'ABDEFHIJ', 'AH,BJ,DB,ED,GA,IF,KE,LI'),
(413, 'WC2026_1ST3RD', 'ABDEFGKL', 'AE,BG,DB,ED,GA,IF,KL,LK'),
(414, 'WC2026_1ST3RD', 'ABDEFGJL', 'AE,BG,DB,ED,GA,IF,KL,LJ'),
(415, 'WC2026_1ST3RD', 'ABDEFGJK', 'AE,BG,DB,ED,GA,IF,KJ,LK'),
(416, 'WC2026_1ST3RD', 'ABDEFGIL', 'AE,BG,DB,ED,GA,IF,KL,LI'),
(417, 'WC2026_1ST3RD', 'ABDEFGIK', 'AE,BG,DB,ED,GA,IF,KI,LK'),
(418, 'WC2026_1ST3RD', 'ABDEFGIJ', 'AE,BG,DB,ED,GA,IF,KI,LJ'),
(419, 'WC2026_1ST3RD', 'ABDEFGHL', 'AH,BG,DB,ED,GA,IF,KL,LE'),
(420, 'WC2026_1ST3RD', 'ABDEFGHK', 'AH,BG,DB,ED,GA,IF,KE,LK'),
(421, 'WC2026_1ST3RD', 'ABDEFGHJ', 'AH,BG,DB,ED,GA,IF,KE,LJ'),
(422, 'WC2026_1ST3RD', 'ABDEFGHI', 'AH,BG,DB,ED,GA,IF,KE,LI'),
(423, 'WC2026_1ST3RD', 'ABCHIJKL', 'AI,BJ,DB,EC,GA,IH,KL,LK'),
(424, 'WC2026_1ST3RD', 'ABCGIJKL', 'AI,BJ,DB,EC,GA,IG,KL,LK'),
(425, 'WC2026_1ST3RD', 'ABCGHJKL', 'AH,BJ,DB,EC,GA,IG,KL,LK'),
(426, 'WC2026_1ST3RD', 'ABCGHIKL', 'AI,BG,DB,EC,GA,IH,KL,LK'),
(427, 'WC2026_1ST3RD', 'ABCGHIJL', 'AH,BJ,DB,EC,GA,IG,KL,LI'),
(428, 'WC2026_1ST3RD', 'ABCGHIJK', 'AH,BJ,DB,EC,GA,IG,KI,LK'),
(429, 'WC2026_1ST3RD', 'ABCFIJKL', 'AI,BJ,DB,EC,GA,IF,KL,LK'),
(430, 'WC2026_1ST3RD', 'ABCFHJKL', 'AH,BJ,DB,EC,GA,IF,KL,LK'),
(431, 'WC2026_1ST3RD', 'ABCFHIKL', 'AH,BI,DB,EC,GA,IF,KL,LK'),
(432, 'WC2026_1ST3RD', 'ABCFHIJL', 'AH,BJ,DB,EC,GA,IF,KL,LI'),
(433, 'WC2026_1ST3RD', 'ABCFHIJK', 'AH,BJ,DB,EC,GA,IF,KI,LK'),
(434, 'WC2026_1ST3RD', 'ABCFGJKL', 'AC,BJ,DB,EF,GA,IG,KL,LK'),
(435, 'WC2026_1ST3RD', 'ABCFGIKL', 'AI,BG,DB,EC,GA,IF,KL,LK'),
(436, 'WC2026_1ST3RD', 'ABCFGIJL', 'AC,BJ,DB,EF,GA,IG,KL,LI'),
(437, 'WC2026_1ST3RD', 'ABCFGIJK', 'AC,BJ,DB,EF,GA,IG,KI,LK'),
(438, 'WC2026_1ST3RD', 'ABCFGHKL', 'AH,BG,DB,EC,GA,IF,KL,LK'),
(439, 'WC2026_1ST3RD', 'ABCFGHJL', 'AH,BG,DB,EC,GA,IF,KL,LJ'),
(440, 'WC2026_1ST3RD', 'ABCFGHJK', 'AH,BG,DB,EC,GA,IF,KJ,LK'),
(441, 'WC2026_1ST3RD', 'ABCFGHIL', 'AH,BG,DB,EC,GA,IF,KL,LI'),
(442, 'WC2026_1ST3RD', 'ABCFGHIK', 'AH,BG,DB,EC,GA,IF,KI,LK'),
(443, 'WC2026_1ST3RD', 'ABCFGHIJ', 'AH,BG,DB,EC,GA,IF,KI,LJ'),
(444, 'WC2026_1ST3RD', 'ABCEIJKL', 'AE,BJ,DB,EA,GI,IC,KL,LK'),
(445, 'WC2026_1ST3RD', 'ABCEHJKL', 'AE,BJ,DB,EC,GA,IH,KL,LK'),
(446, 'WC2026_1ST3RD', 'ABCEHIKL', 'AE,BI,DB,EC,GA,IH,KL,LK'),
(447, 'WC2026_1ST3RD', 'ABCEHIJL', 'AE,BJ,DB,EC,GA,IH,KL,LI'),
(448, 'WC2026_1ST3RD', 'ABCEHIJK', 'AE,BJ,DB,EC,GA,IH,KI,LK'),
(449, 'WC2026_1ST3RD', 'ABCEGJKL', 'AE,BJ,DB,EC,GA,IG,KL,LK'),
(450, 'WC2026_1ST3RD', 'ABCEGIKL', 'AE,BG,DB,EA,GI,IC,KL,LK'),
(451, 'WC2026_1ST3RD', 'ABCEGIJL', 'AE,BJ,DB,EC,GA,IG,KL,LI'),
(452, 'WC2026_1ST3RD', 'ABCEGIJK', 'AE,BJ,DB,EC,GA,IG,KI,LK'),
(453, 'WC2026_1ST3RD', 'ABCEGHKL', 'AE,BG,DB,EC,GA,IH,KL,LK'),
(454, 'WC2026_1ST3RD', 'ABCEGHJL', 'AH,BJ,DB,EC,GA,IG,KL,LE'),
(455, 'WC2026_1ST3RD', 'ABCEGHJK', 'AH,BJ,DB,EC,GA,IG,KE,LK'),
(456, 'WC2026_1ST3RD', 'ABCEGHIL', 'AE,BG,DB,EC,GA,IH,KL,LI'),
(457, 'WC2026_1ST3RD', 'ABCEGHIK', 'AE,BG,DB,EC,GA,IH,KI,LK'),
(458, 'WC2026_1ST3RD', 'ABCEGHIJ', 'AH,BJ,DB,EC,GA,IG,KE,LI'),
(459, 'WC2026_1ST3RD', 'ABCEFJKL', 'AE,BJ,DB,EC,GA,IF,KL,LK'),
(460, 'WC2026_1ST3RD', 'ABCEFIKL', 'AE,BI,DB,EC,GA,IF,KL,LK'),
(461, 'WC2026_1ST3RD', 'ABCEFIJL', 'AE,BJ,DB,EC,GA,IF,KL,LI'),
(462, 'WC2026_1ST3RD', 'ABCEFIJK', 'AE,BJ,DB,EC,GA,IF,KI,LK'),
(463, 'WC2026_1ST3RD', 'ABCEFHKL', 'AH,BE,DB,EC,GA,IF,KL,LK'),
(464, 'WC2026_1ST3RD', 'ABCEFHJL', 'AH,BJ,DB,EC,GA,IF,KL,LE'),
(465, 'WC2026_1ST3RD', 'ABCEFHJK', 'AH,BJ,DB,EC,GA,IF,KE,LK'),
(466, 'WC2026_1ST3RD', 'ABCEFHIL', 'AH,BE,DB,EC,GA,IF,KL,LI'),
(467, 'WC2026_1ST3RD', 'ABCEFHIK', 'AH,BE,DB,EC,GA,IF,KI,LK'),
(468, 'WC2026_1ST3RD', 'ABCEFHIJ', 'AH,BJ,DB,EC,GA,IF,KE,LI'),
(469, 'WC2026_1ST3RD', 'ABCEFGKL', 'AE,BG,DB,EC,GA,IF,KL,LK'),
(470, 'WC2026_1ST3RD', 'ABCEFGJL', 'AE,BG,DB,EC,GA,IF,KL,LJ'),
(471, 'WC2026_1ST3RD', 'ABCEFGJK', 'AE,BG,DB,EC,GA,IF,KJ,LK'),
(472, 'WC2026_1ST3RD', 'ABCEFGIL', 'AE,BG,DB,EC,GA,IF,KL,LI'),
(473, 'WC2026_1ST3RD', 'ABCEFGIK', 'AE,BG,DB,EC,GA,IF,KI,LK'),
(474, 'WC2026_1ST3RD', 'ABCEFGIJ', 'AE,BG,DB,EC,GA,IF,KI,LJ'),
(475, 'WC2026_1ST3RD', 'ABCEFGHL', 'AH,BG,DB,EC,GA,IF,KL,LE'),
(476, 'WC2026_1ST3RD', 'ABCEFGHK', 'AH,BG,DB,EC,GA,IF,KE,LK'),
(477, 'WC2026_1ST3RD', 'ABCEFGHJ', 'AH,BG,DB,EC,GA,IF,KE,LJ'),
(478, 'WC2026_1ST3RD', 'ABCEFGHI', 'AH,BG,DB,EC,GA,IF,KE,LI'),
(479, 'WC2026_1ST3RD', 'ABCDIJKL', 'AI,BJ,DB,EC,GA,ID,KL,LK'),
(480, 'WC2026_1ST3RD', 'ABCDHJKL', 'AH,BJ,DB,EC,GA,ID,KL,LK'),
(481, 'WC2026_1ST3RD', 'ABCDHIKL', 'AH,BI,DB,EC,GA,ID,KL,LK'),
(482, 'WC2026_1ST3RD', 'ABCDHIJL', 'AH,BJ,DB,EC,GA,ID,KL,LI'),
(483, 'WC2026_1ST3RD', 'ABCDHIJK', 'AH,BJ,DB,EC,GA,ID,KI,LK'),
(484, 'WC2026_1ST3RD', 'ABCDGJKL', 'AC,BJ,DB,ED,GA,IG,KL,LK'),
(485, 'WC2026_1ST3RD', 'ABCDGIKL', 'AI,BG,DB,EC,GA,ID,KL,LK'),
(486, 'WC2026_1ST3RD', 'ABCDGIJL', 'AC,BJ,DB,ED,GA,IG,KL,LI'),
(487, 'WC2026_1ST3RD', 'ABCDGIJK', 'AC,BJ,DB,ED,GA,IG,KI,LK'),
(488, 'WC2026_1ST3RD', 'ABCDGHKL', 'AH,BG,DB,EC,GA,ID,KL,LK'),
(489, 'WC2026_1ST3RD', 'ABCDGHJL', 'AH,BG,DB,EC,GA,ID,KL,LJ'),
(490, 'WC2026_1ST3RD', 'ABCDGHJK', 'AH,BG,DB,EC,GA,ID,KJ,LK'),
(491, 'WC2026_1ST3RD', 'ABCDGHIL', 'AH,BG,DB,EC,GA,ID,KL,LI'),
(492, 'WC2026_1ST3RD', 'ABCDGHIK', 'AH,BG,DB,EC,GA,ID,KI,LK'),
(493, 'WC2026_1ST3RD', 'ABCDGHIJ', 'AH,BG,DB,EC,GA,ID,KI,LJ'),
(494, 'WC2026_1ST3RD', 'ABCDFJKL', 'AC,BJ,DB,ED,GA,IF,KL,LK'),
(495, 'WC2026_1ST3RD', 'ABCDFIKL', 'AC,BI,DB,ED,GA,IF,KL,LK'),
(496, 'WC2026_1ST3RD', 'ABCDFIJL', 'AC,BJ,DB,ED,GA,IF,KL,LI'),
(497, 'WC2026_1ST3RD', 'ABCDFIJK', 'AC,BJ,DB,ED,GA,IF,KI,LK'),
(498, 'WC2026_1ST3RD', 'ABCDFHKL', 'AH,BF,DB,EC,GA,ID,KL,LK'),
(499, 'WC2026_1ST3RD', 'ABCDFHJL', 'AC,BJ,DB,ED,GA,IF,KL,LH'),
(500, 'WC2026_1ST3RD', 'ABCDFHJK', 'AH,BJ,DB,EC,GA,IF,KD,LK'),
(501, 'WC2026_1ST3RD', 'ABCDFHIL', 'AH,BF,DB,EC,GA,ID,KL,LI'),
(502, 'WC2026_1ST3RD', 'ABCDFHIK', 'AH,BF,DB,EC,GA,ID,KI,LK'),
(503, 'WC2026_1ST3RD', 'ABCDFHIJ', 'AH,BJ,DB,EC,GA,IF,KD,LI'),
(504, 'WC2026_1ST3RD', 'ABCDFGKL', 'AC,BG,DB,ED,GA,IF,KL,LK'),
(505, 'WC2026_1ST3RD', 'ABCDFGJL', 'AC,BG,DB,ED,GA,IF,KL,LJ'),
(506, 'WC2026_1ST3RD', 'ABCDFGJK', 'AC,BG,DB,ED,GA,IF,KJ,LK'),
(507, 'WC2026_1ST3RD', 'ABCDFGIL', 'AC,BG,DB,ED,GA,IF,KL,LI'),
(508, 'WC2026_1ST3RD', 'ABCDFGIK', 'AC,BG,DB,ED,GA,IF,KI,LK'),
(509, 'WC2026_1ST3RD', 'ABCDFGIJ', 'AC,BG,DB,ED,GA,IF,KI,LJ'),
(510, 'WC2026_1ST3RD', 'ABCDFGHL', 'AC,BG,DB,ED,GA,IF,KL,LH'),
(511, 'WC2026_1ST3RD', 'ABCDFGHK', 'AH,BG,DB,EC,GA,IF,KD,LK'),
(512, 'WC2026_1ST3RD', 'ABCDFGHJ', 'AH,BG,DB,EC,GA,IF,KD,LJ'),
(513, 'WC2026_1ST3RD', 'ABCDFGHI', 'AH,BG,DB,EC,GA,IF,KD,LI'),
(514, 'WC2026_1ST3RD', 'ABCDEJKL', 'AE,BJ,DB,EC,GA,ID,KL,LK'),
(515, 'WC2026_1ST3RD', 'ABCDEIKL', 'AE,BI,DB,EC,GA,ID,KL,LK'),
(516, 'WC2026_1ST3RD', 'ABCDEIJL', 'AE,BJ,DB,EC,GA,ID,KL,LI'),
(517, 'WC2026_1ST3RD', 'ABCDEIJK', 'AE,BJ,DB,EC,GA,ID,KI,LK'),
(518, 'WC2026_1ST3RD', 'ABCDEHKL', 'AH,BE,DB,EC,GA,ID,KL,LK'),
(519, 'WC2026_1ST3RD', 'ABCDEHJL', 'AH,BJ,DB,EC,GA,ID,KL,LE'),
(520, 'WC2026_1ST3RD', 'ABCDEHJK', 'AH,BJ,DB,EC,GA,ID,KE,LK'),
(521, 'WC2026_1ST3RD', 'ABCDEHIL', 'AH,BE,DB,EC,GA,ID,KL,LI'),
(522, 'WC2026_1ST3RD', 'ABCDEHIK', 'AH,BE,DB,EC,GA,ID,KI,LK'),
(523, 'WC2026_1ST3RD', 'ABCDEHIJ', 'AH,BJ,DB,EC,GA,ID,KE,LI'),
(524, 'WC2026_1ST3RD', 'ABCDEGKL', 'AE,BG,DB,EC,GA,ID,KL,LK'),
(525, 'WC2026_1ST3RD', 'ABCDEGJL', 'AE,BG,DB,EC,GA,ID,KL,LJ'),
(526, 'WC2026_1ST3RD', 'ABCDEGJK', 'AE,BG,DB,EC,GA,ID,KJ,LK'),
(527, 'WC2026_1ST3RD', 'ABCDEGIL', 'AE,BG,DB,EC,GA,ID,KL,LI'),
(528, 'WC2026_1ST3RD', 'ABCDEGIK', 'AE,BG,DB,EC,GA,ID,KI,LK'),
(529, 'WC2026_1ST3RD', 'ABCDEGIJ', 'AE,BG,DB,EC,GA,ID,KI,LJ'),
(530, 'WC2026_1ST3RD', 'ABCDEGHL', 'AH,BG,DB,EC,GA,ID,KL,LE'),
(531, 'WC2026_1ST3RD', 'ABCDEGHK', 'AH,BG,DB,EC,GA,ID,KE,LK'),
(532, 'WC2026_1ST3RD', 'ABCDEGHJ', 'AH,BG,DB,EC,GA,ID,KE,LJ'),
(533, 'WC2026_1ST3RD', 'ABCDEGHI', 'AH,BG,DB,EC,GA,ID,KE,LI'),
(534, 'WC2026_1ST3RD', 'ABCDEFKL', 'AC,BE,DB,ED,GA,IF,KL,LK'),
(535, 'WC2026_1ST3RD', 'ABCDEFJL', 'AC,BJ,DB,ED,GA,IF,KL,LE'),
(536, 'WC2026_1ST3RD', 'ABCDEFJK', 'AC,BJ,DB,ED,GA,IF,KE,LK'),
(537, 'WC2026_1ST3RD', 'ABCDEFIL', 'AC,BE,DB,ED,GA,IF,KL,LI'),
(538, 'WC2026_1ST3RD', 'ABCDEFIK', 'AC,BE,DB,ED,GA,IF,KI,LK'),
(539, 'WC2026_1ST3RD', 'ABCDEFIJ', 'AC,BJ,DB,ED,GA,IF,KE,LI'),
(540, 'WC2026_1ST3RD', 'ABCDEFHL', 'AH,BF,DB,EC,GA,ID,KL,LE'),
(541, 'WC2026_1ST3RD', 'ABCDEFHK', 'AH,BE,DB,EC,GA,IF,KD,LK'),
(542, 'WC2026_1ST3RD', 'ABCDEFHJ', 'AH,BJ,DB,EC,GA,IF,KD,LE'),
(543, 'WC2026_1ST3RD', 'ABCDEFHI', 'AH,BE,DB,EC,GA,IF,KD,LI'),
(544, 'WC2026_1ST3RD', 'ABCDEFGL', 'AC,BG,DB,ED,GA,IF,KL,LE'),
(545, 'WC2026_1ST3RD', 'ABCDEFGK', 'AC,BG,DB,ED,GA,IF,KE,LK'),
(546, 'WC2026_1ST3RD', 'ABCDEFGJ', 'AC,BG,DB,ED,GA,IF,KE,LJ'),
(547, 'WC2026_1ST3RD', 'ABCDEFGI', 'AC,BG,DB,ED,GA,IF,KE,LI'),
(548, 'WC2026_1ST3RD', 'ABCDEFGH', 'AH,BG,DB,EC,GA,IF,KD,LE');

-- --------------------------------------------------------

--
-- Table structure for table `event`
--

CREATE TABLE `event` (
  `event_id` int NOT NULL,
  `location` varchar(50) CHARACTER SET utf8mb4 COLLATE utf8mb4_unicode_ci NOT NULL COMMENT 'Host country of the event',
  `year` smallint NOT NULL,
  `description` varchar(100) CHARACTER SET utf8mb4 COLLATE utf8mb4_unicode_ci NOT NULL,
  `short_desc` varchar(10) CHARACTER SET utf8mb4 COLLATE utf8mb4_unicode_ci NOT NULL,
  `organizer` varchar(10) CHARACTER SET utf8mb4 COLLATE utf8mb4_unicode_ci NOT NULL,
  `website` varchar(255) CHARACTER SET utf8mb4 COLLATE utf8mb4_unicode_ci DEFAULT NULL,
  `tiebreaker` smallint NOT NULL COMMENT 'Tiebreaker rule'
) ENGINE=InnoDB DEFAULT CHARSET=utf8mb4 COLLATE=utf8mb4_unicode_ci;

--
-- Dumping data for table `event`
--

INSERT INTO `event` (`event_id`, `location`, `year`, `description`, `short_desc`, `organizer`, `website`, `tiebreaker`) VALUES
(1, 'Brazil', 2014, 'World Cup', 'WC', 'FIFA', 'https://en.wikipedia.org/wiki/2014_FIFA_World_Cup', 1),
(2, 'France', 2016, 'Euro Cup', 'EC', 'UEFA', 'https://en.wikipedia.org/wiki/UEFA_Euro_2016', 1),
(3, 'United States', 2016, 'Copa America', 'CA', 'CONMEBOL', 'https://en.wikipedia.org/wiki/Copa_América_Centenario', 2),
(4, 'Russia', 2018, 'World Cup', 'WC', 'FIFA', 'https://en.wikipedia.org/wiki/2018_FIFA_World_Cup', 1),
(5, 'United Arab Emirates', 2019, 'Asian Cup', 'AFC', 'AFC', 'https://en.wikipedia.org/wiki/2019_AFC_Asian_Cup', 1),
(6, 'Brazil', 2019, 'Copa America', 'CA', 'CONMEBOL', 'https://en.wikipedia.org/wiki/2019_Copa_América', 2),
(7, 'Egypt', 2019, 'Africa Cup of Nations', 'CAF', 'CAF', 'https://en.wikipedia.org/wiki/2019_Africa_Cup_of_Nations', 1),
(8, 'England and others', 2020, 'Euro Cup', 'EC', 'UEFA', 'https://en.wikipedia.org/wiki/UEFA_Euro_2020', 1),
(9, 'Brazil', 2021, 'Copa America', 'CA', 'CONMEBOL', 'https://en.wikipedia.org/wiki/2021_Copa_América', 2),
(10, 'Qatar', 2021, 'Arab Cup', 'ABC', 'FIFA', 'https://en.wikipedia.org/wiki/2021_AFC_Cup', 2),
(11, 'Qatar', 2022, 'World Cup', 'WC', 'FIFA', 'https://en.wikipedia.org/wiki/2022_FIFA_World_Cup', 1),
(12, 'Qatar', 2023, 'Asian Cup', 'AFC', 'AFC', 'https://en.wikipedia.org/wiki/2023_AFC_Asian_Cup', 1),
(13, 'Ivory Coast', 2023, 'Africa Cup of Nations', 'CAF', 'CAF', 'https://en.wikipedia.org/wiki/2023_Africa_Cup_of_Nations', 1),
(14, 'Germany', 2024, 'Euro Cup', 'EC', 'UEFA', 'https://en.wikipedia.org/wiki/UEFA_Euro_2024', 1),
(15, 'United States', 2024, 'Copa America', 'CA', 'CONMEBOL', 'https://en.wikipedia.org/wiki/2024_Copa_América', 2),
(16, 'Morocco', 2025, 'Africa Cup of Nations', 'CAF', 'CAF', 'https://en.wikipedia.org/wiki/2025_Africa_Cup_of_Nations', 1),
(17, 'United States, Canada, Mexico', 2026, 'World Cup', 'WC', 'FIFA', 'https://en.wikipedia.org/wiki/2026_FIFA_World_Cup', 1);


-- --------------------------------------------------------

--
-- Table structure for table `group_`
--

CREATE TABLE `group_` (
  `group_id` int NOT NULL,
  `event_id` int NOT NULL,
  `name` enum('A','B','C','D','E','F','G','H','I','J','K','L') CHARACTER SET utf8mb4 COLLATE utf8mb4_unicode_ci NOT NULL,
  `team1_id` int DEFAULT NULL COMMENT 'final winner of the team',
  `team2_id` int DEFAULT NULL COMMENT 'final 2nd position in team'
) ENGINE=InnoDB DEFAULT CHARSET=utf8mb4 COLLATE=utf8mb4_unicode_ci;

--
-- Dumping data for table `group_`
--

INSERT INTO `group_` (`group_id`, `event_id`, `name`, `team1_id`, `team2_id`) VALUES
(1, 1, 'A', NULL, NULL),
(2, 1, 'B', NULL, NULL),
(3, 1, 'C', NULL, NULL),
(4, 1, 'D', NULL, NULL),
(5, 1, 'E', NULL, NULL),
(6, 1, 'F', NULL, NULL),
(7, 1, 'G', NULL, NULL),
(8, 1, 'H', NULL, NULL),
(9, 2, 'A', NULL, NULL),
(10, 2, 'B', NULL, NULL),
(11, 2, 'C', NULL, NULL),
(12, 2, 'D', NULL, NULL),
(13, 2, 'E', NULL, NULL),
(14, 2, 'F', NULL, NULL),
(15, 3, 'A', NULL, NULL),
(16, 3, 'B', NULL, NULL),
(17, 3, 'C', NULL, NULL),
(18, 3, 'D', NULL, NULL),
(19, 4, 'A', NULL, NULL),
(20, 4, 'B', NULL, NULL),
(21, 4, 'C', NULL, NULL),
(22, 4, 'D', NULL, NULL),
(23, 4, 'E', NULL, NULL),
(24, 4, 'F', NULL, NULL),
(25, 4, 'G', NULL, NULL),
(26, 4, 'H', NULL, NULL),
(27, 5, 'A', NULL, NULL),
(28, 5, 'B', NULL, NULL),
(29, 5, 'C', NULL, NULL),
(30, 5, 'D', NULL, NULL),
(31, 5, 'E', NULL, NULL),
(32, 5, 'F', NULL, NULL),
(33, 6, 'A', NULL, NULL),
(34, 6, 'B', NULL, NULL),
(35, 6, 'C', NULL, NULL),
(36, 7, 'A', NULL, NULL),
(37, 7, 'B', NULL, NULL),
(38, 7, 'C', NULL, NULL),
(39, 7, 'D', NULL, NULL),
(40, 7, 'E', NULL, NULL),
(41, 7, 'F', NULL, NULL),
(42, 8, 'A', NULL, NULL),
(43, 8, 'B', NULL, NULL),
(44, 8, 'C', NULL, NULL),
(45, 8, 'D', NULL, NULL),
(46, 8, 'E', NULL, NULL),
(47, 8, 'F', NULL, NULL),
(48, 9, 'A', NULL, NULL),
(49, 9, 'B', NULL, NULL),
(50, 10, 'A', NULL, NULL),
(51, 10, 'B', NULL, NULL),
(52, 10, 'C', NULL, NULL),
(53, 10, 'D', NULL, NULL),
(54, 11, 'A', NULL, NULL),
(55, 11, 'B', NULL, NULL),
(56, 11, 'C', NULL, NULL),
(57, 11, 'D', NULL, NULL),
(58, 11, 'E', NULL, NULL),
(59, 11, 'F', NULL, NULL),
(60, 11, 'G', NULL, NULL),
(61, 11, 'H', NULL, NULL),
(62, 12, 'A', NULL, NULL),
(63, 12, 'B', NULL, NULL),
(64, 12, 'C', NULL, NULL),
(65, 12, 'D', NULL, NULL),
(66, 12, 'E', NULL, NULL),
(67, 12, 'F', NULL, NULL),
(68, 13, 'A', NULL, NULL),
(69, 13, 'B', NULL, NULL),
(70, 13, 'C', NULL, NULL),
(71, 13, 'D', NULL, NULL),
(72, 13, 'E', NULL, NULL),
(73, 13, 'F', NULL, NULL),
(74, 14, 'A', NULL, NULL),
(75, 14, 'B', NULL, NULL),
(76, 14, 'C', NULL, NULL),
(77, 14, 'D', NULL, NULL),
(78, 14, 'E', NULL, NULL),
(79, 14, 'F', NULL, NULL),
(80, 15, 'A', NULL, NULL),
(81, 15, 'B', NULL, NULL),
(82, 15, 'C', NULL, NULL),
(83, 15, 'D', NULL, NULL),
(84, 16, 'A', NULL, NULL),
(85, 16, 'B', NULL, NULL),
(86, 16, 'C', NULL, NULL),
(87, 16, 'D', NULL, NULL),
(88, 16, 'E', NULL, NULL),
(89, 16, 'F', NULL, NULL),
(90, 17, 'A', NULL, NULL),
(91, 17, 'B', NULL, NULL),
(92, 17, 'C', NULL, NULL),
(93, 17, 'D', NULL, NULL),
(94, 17, 'E', NULL, NULL),
(95, 17, 'F', NULL, NULL),
(96, 17, 'G', NULL, NULL),
(97, 17, 'H', NULL, NULL),
(98, 17, 'I', NULL, NULL),
(99, 17, 'J', NULL, NULL),
(100, 17, 'K', NULL, NULL),
(101, 17, 'L', NULL, NULL);

-- --------------------------------------------------------

--
-- Table structure for table `match_`
--

CREATE TABLE `match_` (
  `match_id` int NOT NULL,
  `event_id` int NOT NULL,
  `match_n` smallint NOT NULL,
  `team1_id` int DEFAULT NULL,
  `team2_id` int DEFAULT NULL,
  `start_time` datetime NOT NULL COMMENT 'UTC timezone used',
  `round_id` int NOT NULL,
  `goal_normal_by_team1` tinyint DEFAULT NULL,
  `goal_normal_by_team2` tinyint DEFAULT NULL,
  `goal_extra_by_team1` tinyint DEFAULT NULL,
  `goal_extra_by_team2` tinyint DEFAULT NULL,
  `goal_penalty_by_team1` tinyint DEFAULT NULL,
  `goal_penalty_by_team2` tinyint DEFAULT NULL,
  `participants_rule` varchar(10) CHARACTER SET utf8mb4 COLLATE utf8mb4_unicode_ci DEFAULT NULL COMMENT 'format: A1-B2 (group.name, position) or [WL]49-50 (match_id, match_id)'
) ENGINE=InnoDB DEFAULT CHARSET=utf8mb4 COLLATE=utf8mb4_unicode_ci;

--
-- Dumping data for table `match_`
--

INSERT INTO `match_` (`match_id`, `event_id`, `match_n`, `team1_id`, `team2_id`, `start_time`, `round_id`, `goal_normal_by_team1`, `goal_normal_by_team2`, `goal_extra_by_team1`, `goal_extra_by_team2`, `goal_penalty_by_team1`, `goal_penalty_by_team2`, `participants_rule`) VALUES
(1, 1, 1, 6, 12, '2014-06-12 20:00:00', 1, 3, 1, NULL, NULL, NULL, NULL, NULL),
(2, 1, 2, 24, 7, '2014-06-13 16:00:00', 1, 1, 0, NULL, NULL, NULL, NULL, NULL),
(3, 1, 3, 29, 25, '2014-06-13 19:00:00', 1, 1, 5, NULL, NULL, NULL, NULL, NULL),
(4, 1, 4, 8, 3, '2014-06-13 22:00:00', 1, 3, 1, NULL, NULL, NULL, NULL, NULL),
(5, 1, 5, 9, 18, '2014-06-14 16:00:00', 1, 3, 0, NULL, NULL, NULL, NULL, NULL),
(6, 1, 7, 31, 10, '2014-06-14 19:00:00', 1, 1, 3, NULL, NULL, NULL, NULL, NULL),
(7, 1, 8, 14, 21, '2014-06-14 22:00:00', 1, 1, 2, NULL, NULL, NULL, NULL, NULL),
(8, 1, 6, 11, 22, '2014-06-15 01:00:00', 1, 2, 1, NULL, NULL, NULL, NULL, NULL),
(9, 1, 9, 30, 13, '2014-06-15 16:00:00', 1, 2, 1, NULL, NULL, NULL, NULL, NULL),
(10, 1, 10, 15, 19, '2014-06-15 19:00:00', 1, 3, 0, NULL, NULL, NULL, NULL, NULL),
(11, 1, 11, 2, 5, '2014-06-15 22:00:00', 1, 2, 1, NULL, NULL, NULL, NULL, NULL),
(12, 1, 13, 16, 27, '2014-06-16 16:00:00', 1, 4, 0, NULL, NULL, NULL, NULL, NULL),
(13, 1, 12, 20, 26, '2014-06-16 19:00:00', 1, 0, 0, NULL, NULL, NULL, NULL, NULL),
(14, 1, 14, 17, 32, '2014-06-16 22:00:00', 1, 1, 2, NULL, NULL, NULL, NULL, NULL),
(15, 1, 15, 4, 1, '2014-06-17 16:00:00', 1, 2, 1, NULL, NULL, NULL, NULL, NULL),
(16, 1, 17, 6, 24, '2014-06-17 19:00:00', 2, 0, 0, NULL, NULL, NULL, NULL, NULL),
(17, 1, 16, 28, 23, '2014-06-17 22:00:00', 1, 1, 1, NULL, NULL, NULL, NULL, NULL),
(18, 1, 20, 3, 25, '2014-06-18 16:00:00', 2, 2, 3, NULL, NULL, NULL, NULL, NULL),
(19, 1, 19, 29, 8, '2014-06-18 19:00:00', 2, 0, 2, NULL, NULL, NULL, NULL, NULL),
(20, 1, 18, 7, 12, '2014-06-18 22:00:00', 2, 0, 4, NULL, NULL, NULL, NULL, NULL),
(21, 1, 21, 9, 11, '2014-06-19 16:00:00', 2, 2, 1, NULL, NULL, NULL, NULL, NULL),
(22, 1, 23, 31, 14, '2014-06-19 19:00:00', 2, 2, 1, NULL, NULL, NULL, NULL, NULL),
(23, 1, 22, 22, 18, '2014-06-19 22:00:00', 2, 0, 0, NULL, NULL, NULL, NULL, NULL),
(24, 1, 24, 21, 10, '2014-06-20 16:00:00', 2, 0, 1, NULL, NULL, NULL, NULL, NULL),
(25, 1, 25, 30, 15, '2014-06-20 19:00:00', 2, 2, 5, NULL, NULL, NULL, NULL, NULL),
(26, 1, 26, 19, 13, '2014-06-20 22:00:00', 2, 1, 2, NULL, NULL, NULL, NULL, NULL),
(27, 1, 27, 2, 20, '2014-06-21 16:00:00', 2, 1, 0, NULL, NULL, NULL, NULL, NULL),
(28, 1, 29, 16, 17, '2014-06-21 19:00:00', 2, 2, 2, NULL, NULL, NULL, NULL, NULL),
(29, 1, 28, 26, 5, '2014-06-21 22:00:00', 2, 1, 0, NULL, NULL, NULL, NULL, NULL),
(30, 1, 31, 4, 28, '2014-06-22 16:00:00', 2, 1, 0, NULL, NULL, NULL, NULL, NULL),
(31, 1, 32, 23, 1, '2014-06-22 19:00:00', 2, 2, 4, NULL, NULL, NULL, NULL, NULL),
(32, 1, 30, 32, 27, '2014-06-22 22:00:00', 2, 2, 2, NULL, NULL, NULL, NULL, NULL),
(33, 1, 36, 25, 8, '2014-06-23 16:00:00', 3, 2, 0, NULL, NULL, NULL, NULL, NULL),
(34, 1, 35, 3, 29, '2014-06-23 16:00:00', 3, 0, 3, NULL, NULL, NULL, NULL, NULL),
(35, 1, 33, 7, 6, '2014-06-23 20:00:00', 3, 1, 4, NULL, NULL, NULL, NULL, NULL),
(36, 1, 34, 12, 24, '2014-06-23 20:00:00', 3, 1, 3, NULL, NULL, NULL, NULL, NULL),
(37, 1, 39, 21, 31, '2014-06-24 16:00:00', 3, 0, 1, NULL, NULL, NULL, NULL, NULL),
(38, 1, 40, 10, 14, '2014-06-24 16:00:00', 3, 0, 0, NULL, NULL, NULL, NULL, NULL),
(39, 1, 37, 22, 9, '2014-06-24 20:00:00', 3, 1, 4, NULL, NULL, NULL, NULL, NULL),
(40, 1, 38, 18, 11, '2014-06-24 20:00:00', 3, 2, 1, NULL, NULL, NULL, NULL, NULL),
(41, 1, 43, 26, 2, '2014-06-25 16:00:00', 3, 2, 3, NULL, NULL, NULL, NULL, NULL),
(42, 1, 44, 5, 20, '2014-06-25 16:00:00', 3, 3, 1, NULL, NULL, NULL, NULL, NULL),
(43, 1, 41, 19, 30, '2014-06-25 20:00:00', 3, 0, 3, NULL, NULL, NULL, NULL, NULL),
(44, 1, 42, 13, 15, '2014-06-25 20:00:00', 3, 0, 0, NULL, NULL, NULL, NULL, NULL),
(45, 1, 46, 27, 17, '2014-06-26 16:00:00', 3, 2, 1, NULL, NULL, NULL, NULL, NULL),
(46, 1, 45, 32, 16, '2014-06-26 16:00:00', 3, 0, 1, NULL, NULL, NULL, NULL, NULL),
(47, 1, 47, 23, 4, '2014-06-26 20:00:00', 3, 0, 1, NULL, NULL, NULL, NULL, NULL),
(48, 1, 48, 1, 28, '2014-06-26 20:00:00', 3, 1, 1, NULL, NULL, NULL, NULL, NULL),
(49, 1, 49, 6, 8, '2014-06-28 16:00:00', 4, 1, 1, 1, 1, 4, 3, 'A1-B2'),
(50, 1, 50, 9, 31, '2014-06-28 20:00:00', 4, 2, 0, NULL, NULL, NULL, NULL, 'C1-D2'),
(51, 1, 51, 25, 24, '2014-06-29 16:00:00', 4, 2, 1, NULL, NULL, NULL, NULL, 'B1-A2'),
(52, 1, 52, 10, 18, '2014-06-29 20:00:00', 4, 1, 1, 1, 1, 6, 4, 'D1-C2'),
(53, 1, 53, 15, 26, '2014-06-30 16:00:00', 4, 2, 0, NULL, NULL, NULL, NULL, 'E1-F2'),
(54, 1, 54, 16, 1, '2014-06-30 20:00:00', 4, 0, 0, 2, 1, NULL, NULL, 'G1-H2'),
(55, 1, 55, 2, 30, '2014-07-01 16:00:00', 4, 0, 0, 1, 0, NULL, NULL, 'F1-E2'),
(56, 1, 56, 4, 32, '2014-07-01 20:00:00', 4, 0, 0, 2, 1, NULL, NULL, 'H1-G2'),
(57, 1, 57, 15, 16, '2014-07-04 16:00:00', 5, 0, 1, NULL, NULL, NULL, NULL, 'W53-W54'),
(58, 1, 58, 6, 9, '2014-07-04 20:00:00', 5, 2, 1, NULL, NULL, NULL, NULL, 'W49-W50'),
(59, 1, 59, 2, 4, '2014-07-05 16:00:00', 5, 1, 0, NULL, NULL, NULL, NULL, 'W55-W56'),
(60, 1, 60, 25, 10, '2014-07-05 20:00:00', 5, 0, 0, 0, 0, 4, 3, 'W51-W52'),
(61, 1, 61, 16, 6, '2014-07-08 20:00:00', 6, 7, 1, NULL, NULL, NULL, NULL, 'W57-W58'),
(62, 1, 62, 25, 2, '2014-07-09 20:00:00', 6, 0, 0, 0, 0, 2, 4, 'W60-W59'),
(63, 1, 63, 6, 25, '2014-07-12 20:00:00', 7, 0, 3, NULL, NULL, NULL, NULL, 'L61-L62'),
(64, 1, 64, 16, 2, '2014-07-13 19:00:00', 8, 0, 0, 1, 0, NULL, NULL, 'W61-W62'),
(65, 2, 1, 33, 34, '2016-06-10 19:00:00', 9, 2, 1, NULL, NULL, NULL, NULL, NULL),
(66, 2, 2, 35, 36, '2016-06-11 13:00:00', 9, 0, 1, NULL, NULL, NULL, NULL, NULL),
(67, 2, 14, 34, 36, '2016-06-15 16:00:00', 10, 1, 1, NULL, NULL, NULL, NULL, NULL),
(68, 2, 15, 33, 35, '2016-06-15 19:00:00', 10, 2, 0, NULL, NULL, NULL, NULL, NULL),
(69, 2, 25, 34, 35, '2016-06-19 19:00:00', 11, 0, 1, NULL, NULL, NULL, NULL, NULL),
(70, 2, 26, 36, 33, '2016-06-19 19:00:00', 11, 0, 0, NULL, NULL, NULL, NULL, NULL),
(71, 2, 3, 39, 40, '2016-06-11 16:00:00', 9, 2, 1, NULL, NULL, NULL, NULL, NULL),
(72, 2, 4, 37, 38, '2016-06-11 19:00:00', 9, 1, 1, NULL, NULL, NULL, NULL, NULL),
(73, 2, 13, 38, 40, '2016-06-15 13:00:00', 10, 1, 2, NULL, NULL, NULL, NULL, NULL),
(74, 2, 16, 37, 39, '2016-06-16 13:00:00', 10, 2, 1, NULL, NULL, NULL, NULL, NULL),
(75, 2, 27, 38, 39, '2016-06-20 19:00:00', 11, 0, 3, NULL, NULL, NULL, NULL, NULL),
(76, 2, 28, 40, 37, '2016-06-20 19:00:00', 11, 0, 0, NULL, NULL, NULL, NULL, NULL),
(77, 2, 6, 43, 44, '2016-06-12 16:00:00', 9, 1, 0, NULL, NULL, NULL, NULL, NULL),
(78, 2, 7, 41, 42, '2016-06-12 19:00:00', 9, 2, 0, NULL, NULL, NULL, NULL, NULL),
(79, 2, 17, 42, 44, '2016-06-16 16:00:00', 10, 0, 2, NULL, NULL, NULL, NULL, NULL),
(80, 2, 18, 41, 43, '2016-06-16 19:00:00', 10, 0, 0, NULL, NULL, NULL, NULL, NULL),
(81, 2, 29, 42, 43, '2016-06-21 16:00:00', 11, 0, 1, NULL, NULL, NULL, NULL, NULL),
(82, 2, 30, 44, 41, '2016-06-21 16:00:00', 11, 0, 1, NULL, NULL, NULL, NULL, NULL),
(83, 2, 5, 47, 48, '2016-06-12 13:00:00', 9, 0, 1, NULL, NULL, NULL, NULL, NULL),
(84, 2, 8, 45, 46, '2016-06-13 13:00:00', 9, 1, 0, NULL, NULL, NULL, NULL, NULL),
(85, 2, 20, 46, 48, '2016-06-17 16:00:00', 10, 2, 2, NULL, NULL, NULL, NULL, NULL),
(86, 2, 21, 45, 47, '2016-06-17 19:00:00', 10, 3, 0, NULL, NULL, NULL, NULL, NULL),
(87, 2, 31, 46, 47, '2016-06-21 19:00:00', 11, 0, 2, NULL, NULL, NULL, NULL, NULL),
(88, 2, 32, 48, 45, '2016-06-21 19:00:00', 11, 2, 1, NULL, NULL, NULL, NULL, NULL),
(89, 2, 9, 51, 52, '2016-06-13 16:00:00', 9, 1, 1, NULL, NULL, NULL, NULL, NULL),
(90, 2, 10, 49, 50, '2016-06-13 19:00:00', 9, 0, 2, NULL, NULL, NULL, NULL, NULL),
(91, 2, 19, 50, 52, '2016-06-17 13:00:00', 10, 1, 0, NULL, NULL, NULL, NULL, NULL),
(92, 2, 22, 49, 51, '2016-06-18 13:00:00', 10, 3, 0, NULL, NULL, NULL, NULL, NULL),
(93, 2, 35, 50, 51, '2016-06-22 19:00:00', 11, 0, 1, NULL, NULL, NULL, NULL, NULL),
(94, 2, 36, 52, 49, '2016-06-22 19:00:00', 11, 0, 1, NULL, NULL, NULL, NULL, NULL),
(95, 2, 11, 55, 56, '2016-06-14 16:00:00', 9, 0, 2, NULL, NULL, NULL, NULL, NULL),
(96, 2, 12, 53, 54, '2016-06-14 19:00:00', 9, 1, 1, NULL, NULL, NULL, NULL, NULL),
(97, 2, 23, 54, 56, '2016-06-18 16:00:00', 10, 1, 1, NULL, NULL, NULL, NULL, NULL),
(98, 2, 24, 53, 55, '2016-06-18 19:00:00', 10, 0, 0, NULL, NULL, NULL, NULL, NULL),
(99, 2, 33, 54, 55, '2016-06-22 16:00:00', 11, 2, 1, NULL, NULL, NULL, NULL, NULL),
(100, 2, 34, 56, 53, '2016-06-22 16:00:00', 11, 3, 3, NULL, NULL, NULL, NULL, NULL),
(101, 2, 37, 36, 43, '2016-06-25 13:00:00', 12, 1, 1, 1, 1, 5, 6, 'A2-C2'),
(102, 2, 38, 39, 44, '2016-06-25 16:00:00', 12, 1, 0, NULL, NULL, NULL, NULL, 'B1-ACD3'),
(103, 2, 39, 48, 53, '2016-06-25 19:00:00', 12, 0, 0, 0, 1, NULL, NULL, 'D1-BEF3'),
(104, 2, 40, 33, 51, '2016-06-26 13:00:00', 12, 2, 1, NULL, NULL, NULL, NULL, 'A1-CDE3'),
(105, 2, 41, 41, 40, '2016-06-26 16:00:00', 12, 3, 0, NULL, NULL, NULL, NULL, 'C1-ABF3'),
(106, 2, 42, 56, 49, '2016-06-26 19:00:00', 12, 0, 4, NULL, NULL, NULL, NULL, 'F1-E2'),
(107, 2, 43, 50, 45, '2016-06-27 16:00:00', 12, 2, 0, NULL, NULL, NULL, NULL, 'E1-D2'),
(108, 2, 44, 37, 54, '2016-06-27 19:00:00', 12, 1, 2, NULL, NULL, NULL, NULL, 'B2-F2'),
(109, 2, 45, 43, 53, '2016-06-30 19:00:00', 13, 1, 1, 1, 1, 4, 6, 'W37-W39'),
(110, 2, 46, 39, 49, '2016-07-01 19:00:00', 13, 3, 1, NULL, NULL, NULL, NULL, 'W38-W42'),
(111, 2, 47, 41, 50, '2016-07-02 19:00:00', 13, 1, 1, 1, 1, 7, 6, 'W41-W43'),
(112, 2, 48, 33, 54, '2016-07-03 19:00:00', 13, 5, 2, NULL, NULL, NULL, NULL, 'W40-W44'),
(113, 2, 49, 53, 39, '2016-07-06 19:00:00', 14, 2, 0, NULL, NULL, NULL, NULL, 'W45-W46'),
(114, 2, 50, 41, 33, '2016-07-07 19:00:00', 14, 0, 2, NULL, NULL, NULL, NULL, 'W47-W48'),
(115, 2, 51, 53, 33, '2016-07-10 19:00:00', 15, 0, 0, 1, 0, NULL, NULL, 'W49-W50'),
(116, 3, 1, 57, 58, '2016-06-04 01:30:00', 16, 0, 2, NULL, NULL, NULL, NULL, NULL),
(117, 3, 2, 59, 60, '2016-06-04 21:00:00', 16, 0, 0, NULL, NULL, NULL, NULL, NULL),
(118, 3, 3, 63, 64, '2016-06-04 23:30:00', 16, 0, 1, NULL, NULL, NULL, NULL, NULL),
(119, 3, 4, 61, 62, '2016-06-05 02:00:00', 16, 0, 0, NULL, NULL, NULL, NULL, NULL),
(120, 3, 5, 67, 68, '2016-06-05 21:00:00', 16, 0, 1, NULL, NULL, NULL, NULL, NULL),
(121, 3, 6, 65, 66, '2016-06-06 00:00:00', 16, 3, 1, NULL, NULL, NULL, NULL, NULL),
(122, 3, 7, 71, 72, '2016-06-06 23:00:00', 16, 2, 1, NULL, NULL, NULL, NULL, NULL),
(123, 3, 8, 69, 70, '2016-06-07 02:00:00', 16, 2, 1, NULL, NULL, NULL, NULL, NULL),
(124, 3, 9, 57, 59, '2016-06-08 00:00:00', 17, 4, 0, NULL, NULL, NULL, NULL, NULL),
(125, 3, 10, 58, 60, '2016-06-08 02:30:00', 17, 2, 1, NULL, NULL, NULL, NULL, NULL),
(126, 3, 11, 61, 63, '2016-06-08 23:30:00', 17, 7, 1, NULL, NULL, NULL, NULL, NULL),
(127, 3, 12, 62, 64, '2016-06-09 02:00:00', 17, 2, 2, NULL, NULL, NULL, NULL, NULL),
(128, 3, 13, 66, 68, '2016-06-09 23:30:00', 17, 0, 1, NULL, NULL, NULL, NULL, NULL),
(129, 3, 14, 65, 67, '2016-06-10 02:00:00', 17, 2, 0, NULL, NULL, NULL, NULL, NULL),
(130, 3, 15, 70, 72, '2016-06-10 23:00:00', 17, 2, 1, NULL, NULL, NULL, NULL, NULL),
(131, 3, 16, 69, 71, '2016-06-11 01:30:00', 17, 5, 0, NULL, NULL, NULL, NULL, NULL),
(132, 3, 17, 57, 60, '2016-06-11 23:00:00', 18, 1, 0, NULL, NULL, NULL, NULL, NULL),
(133, 3, 18, 58, 59, '2016-06-12 01:00:00', 18, 2, 3, NULL, NULL, NULL, NULL, NULL),
(134, 3, 19, 62, 63, '2016-06-12 22:30:00', 18, 4, 0, NULL, NULL, NULL, NULL, NULL),
(135, 3, 20, 61, 64, '2016-06-13 00:30:00', 18, 0, 1, NULL, NULL, NULL, NULL, NULL),
(136, 3, 21, 65, 68, '2016-06-14 00:00:00', 18, 1, 1, NULL, NULL, NULL, NULL, NULL),
(137, 3, 22, 66, 67, '2016-06-14 02:00:00', 18, 3, 0, NULL, NULL, NULL, NULL, NULL),
(138, 3, 23, 70, 71, '2016-06-15 00:00:00', 18, 4, 2, NULL, NULL, NULL, NULL, NULL),
(139, 3, 24, 69, 72, '2016-06-15 12:00:00', 18, 3, 0, NULL, NULL, NULL, NULL, NULL),
(140, 3, 25, 57, 62, '2016-06-17 01:30:00', 19, 2, 1, NULL, NULL, NULL, NULL, 'A1-B2'),
(141, 3, 26, 64, 58, '2016-06-18 00:00:00', 19, 0, 0, 0, 0, 2, 4, 'B1-A2'),
(142, 3, 27, 69, 68, '2016-06-18 23:00:00', 19, 4, 1, NULL, NULL, NULL, NULL, 'D1-C2'),
(143, 3, 28, 65, 70, '2016-06-19 02:00:00', 19, 0, 7, NULL, NULL, NULL, NULL, 'C1-D2'),
(144, 3, 29, 57, 69, '2016-06-22 01:00:00', 20, 0, 4, NULL, NULL, NULL, NULL, 'W25-W27'),
(145, 3, 30, 58, 70, '2016-06-23 00:00:00', 20, 0, 2, NULL, NULL, NULL, NULL, 'W26-W28'),
(146, 3, 31, 57, 58, '2016-06-26 00:00:00', 21, 0, 1, NULL, NULL, NULL, NULL, 'L29-L30'),
(147, 3, 32, 69, 70, '2016-06-27 00:00:00', 22, 0, 0, 0, 0, 2, 4, 'W29-W30'),
(148, 4, 1, 95, 96, '2018-06-14 15:00:00', 23, 5, 0, NULL, NULL, NULL, NULL, NULL),
(149, 4, 2, 73, 104, '2018-06-15 12:00:00', 23, 0, 1, NULL, NULL, NULL, NULL, NULL),
(150, 4, 3, 88, 83, '2018-06-15 15:00:00', 23, 0, 1, NULL, NULL, NULL, NULL, NULL),
(151, 4, 4, 94, 101, '2018-06-15 18:00:00', 23, 3, 3, NULL, NULL, NULL, NULL, NULL),
(152, 4, 5, 82, 75, '2018-06-16 10:00:00', 23, 2, 1, NULL, NULL, NULL, NULL, NULL),
(153, 4, 6, 74, 84, '2018-06-16 13:00:00', 23, 1, 1, NULL, NULL, NULL, NULL, NULL),
(154, 4, 7, 92, 79, '2018-06-16 16:00:00', 23, 0, 1, NULL, NULL, NULL, NULL, NULL),
(155, 4, 8, 87, 90, '2018-06-16 19:00:00', 23, 2, 0, NULL, NULL, NULL, NULL, NULL),
(156, 4, 9, 78, 100, '2018-06-17 12:00:00', 23, 0, 1, NULL, NULL, NULL, NULL, NULL),
(157, 4, 10, 80, 89, '2018-06-17 15:00:00', 23, 0, 1, NULL, NULL, NULL, NULL, NULL),
(158, 4, 11, 77, 98, '2018-06-17 18:00:00', 23, 1, 1, NULL, NULL, NULL, NULL, NULL),
(159, 4, 12, 97, 102, '2018-06-18 12:00:00', 23, 1, 0, NULL, NULL, NULL, NULL, NULL),
(160, 4, 13, 76, 91, '2018-06-18 15:00:00', 23, 3, 0, NULL, NULL, NULL, NULL, NULL),
(161, 4, 14, 103, 81, '2018-06-18 18:00:00', 23, 1, 2, NULL, NULL, NULL, NULL, NULL),
(162, 4, 15, 86, 85, '2018-06-19 12:00:00', 23, 1, 2, NULL, NULL, NULL, NULL, NULL),
(163, 4, 16, 93, 99, '2018-06-19 15:00:00', 23, 1, 2, NULL, NULL, NULL, NULL, NULL),
(164, 4, 17, 95, 73, '2018-06-19 18:00:00', 24, 3, 1, NULL, NULL, NULL, NULL, NULL),
(165, 4, 18, 94, 88, '2018-06-20 12:00:00', 24, 1, 0, NULL, NULL, NULL, NULL, NULL),
(166, 4, 19, 104, 96, '2018-06-20 15:00:00', 24, 1, 0, NULL, NULL, NULL, NULL, NULL),
(167, 4, 20, 83, 101, '2018-06-20 18:00:00', 24, 0, 1, NULL, NULL, NULL, NULL, NULL),
(168, 4, 21, 79, 75, '2018-06-21 12:00:00', 24, 1, 1, NULL, NULL, NULL, NULL, NULL),
(169, 4, 22, 82, 92, '2018-06-21 15:00:00', 24, 1, 0, NULL, NULL, NULL, NULL, NULL),
(170, 4, 23, 74, 87, '2018-06-21 18:00:00', 24, 0, 3, NULL, NULL, NULL, NULL, NULL),
(171, 4, 24, 77, 78, '2018-06-22 12:00:00', 24, 2, 0, NULL, NULL, NULL, NULL, NULL),
(172, 4, 25, 90, 84, '2018-06-22 15:00:00', 24, 2, 0, NULL, NULL, NULL, NULL, NULL),
(173, 4, 26, 100, 98, '2018-06-22 18:00:00', 24, 1, 2, NULL, NULL, NULL, NULL, NULL),
(174, 4, 27, 76, 103, '2018-06-23 12:00:00', 24, 5, 2, NULL, NULL, NULL, NULL, NULL),
(175, 4, 28, 102, 89, '2018-06-23 15:00:00', 24, 1, 2, NULL, NULL, NULL, NULL, NULL),
(176, 4, 29, 80, 97, '2018-06-23 18:00:00', 24, 2, 1, NULL, NULL, NULL, NULL, NULL),
(177, 4, 30, 81, 91, '2018-06-24 12:00:00', 24, 6, 1, NULL, NULL, NULL, NULL, NULL),
(178, 4, 31, 85, 99, '2018-06-24 15:00:00', 24, 2, 2, NULL, NULL, NULL, NULL, NULL),
(179, 4, 32, 93, 86, '2018-06-24 18:00:00', 24, 0, 3, NULL, NULL, NULL, NULL, NULL),
(180, 4, 33, 104, 95, '2018-06-25 14:00:00', 25, 3, 0, NULL, NULL, NULL, NULL, NULL),
(181, 4, 34, 96, 73, '2018-06-25 14:00:00', 25, 2, 1, NULL, NULL, NULL, NULL, NULL),
(182, 4, 35, 83, 94, '2018-06-25 18:00:00', 25, 1, 1, NULL, NULL, NULL, NULL, NULL),
(183, 4, 36, 101, 88, '2018-06-25 18:00:00', 25, 2, 2, NULL, NULL, NULL, NULL, NULL),
(184, 4, 37, 79, 82, '2018-06-26 14:00:00', 25, 0, 0, NULL, NULL, NULL, NULL, NULL),
(185, 4, 38, 75, 92, '2018-06-26 14:00:00', 25, 0, 2, NULL, NULL, NULL, NULL, NULL),
(186, 4, 39, 90, 74, '2018-06-26 18:00:00', 25, 1, 2, NULL, NULL, NULL, NULL, NULL),
(187, 4, 40, 84, 87, '2018-06-26 18:00:00', 25, 1, 2, NULL, NULL, NULL, NULL, NULL),
(188, 4, 41, 102, 80, '2018-06-27 14:00:00', 25, 2, 0, NULL, NULL, NULL, NULL, NULL),
(189, 4, 42, 89, 97, '2018-06-27 14:00:00', 25, 0, 3, NULL, NULL, NULL, NULL, NULL),
(190, 4, 43, 100, 77, '2018-06-27 18:00:00', 25, 0, 2, NULL, NULL, NULL, NULL, NULL),
(191, 4, 44, 98, 78, '2018-06-27 18:00:00', 25, 2, 2, NULL, NULL, NULL, NULL, NULL),
(192, 4, 45, 85, 93, '2018-06-28 14:00:00', 25, 0, 1, NULL, NULL, NULL, NULL, NULL),
(193, 4, 46, 99, 86, '2018-06-28 14:00:00', 25, 0, 1, NULL, NULL, NULL, NULL, NULL),
(194, 4, 47, 81, 76, '2018-06-28 18:00:00', 25, 0, 1, NULL, NULL, NULL, NULL, NULL),
(195, 4, 48, 91, 103, '2018-06-28 18:00:00', 25, 1, 2, NULL, NULL, NULL, NULL, NULL),
(196, 4, 49, 82, 74, '2018-06-30 14:00:00', 26, 4, 3, NULL, NULL, NULL, NULL, 'C1-D2'),
(197, 4, 50, 104, 94, '2018-06-30 18:00:00', 26, 2, 1, NULL, NULL, NULL, NULL, 'A1-B2'),
(198, 4, 51, 101, 95, '2018-07-01 14:00:00', 26, 1, 1, 1, 1, 4, 5, 'B1-A2'),
(199, 4, 52, 87, 79, '2018-07-01 18:00:00', 26, 1, 1, 1, 1, 4, 3, 'D1-C2'),
(200, 4, 53, 77, 89, '2018-07-02 14:00:00', 26, 2, 0, NULL, NULL, NULL, NULL, 'E1-F2'),
(201, 4, 54, 76, 85, '2018-07-02 18:00:00', 26, 3, 2, NULL, NULL, NULL, NULL, 'G1-H2'),
(202, 4, 55, 97, 98, '2018-07-03 14:00:00', 26, 1, 0, NULL, NULL, NULL, NULL, 'F1-E2'),
(203, 4, 56, 86, 81, '2018-07-03 18:00:00', 26, 1, 1, 1, 1, 4, 5, 'H1-G2'),
(204, 4, 57, 82, 104, '2018-07-06 14:00:00', 27, 2, 0, NULL, NULL, NULL, NULL, 'W49-W50'),
(205, 4, 58, 77, 76, '2018-07-06 18:00:00', 27, 1, 2, NULL, NULL, NULL, NULL, 'W53-W54'),
(206, 4, 59, 97, 81, '2018-07-07 14:00:00', 27, 0, 2, NULL, NULL, NULL, NULL, 'W55-W56'),
(207, 4, 60, 95, 87, '2018-07-07 18:00:00', 27, 1, 1, 2, 2, 5, 6, 'W51-W52'),
(208, 4, 61, 82, 76, '2018-07-10 18:00:00', 28, 1, 0, NULL, NULL, NULL, NULL, 'W57-W58'),
(209, 4, 62, 81, 87, '2018-07-11 18:00:00', 28, 1, 1, 1, 2, NULL, NULL, 'W59-W60'),
(210, 4, 63, 76, 81, '2018-07-14 14:00:00', 29, 2, 0, NULL, NULL, NULL, NULL, 'L61-L62'),
(211, 4, 64, 82, 87, '2018-07-15 15:00:00', 30, 4, 2, NULL, NULL, NULL, NULL, 'W61-W62'),
(212, 5, 1, 127, 106, '2019-01-05 16:00:00', 31, 1, 1, NULL, NULL, NULL, NULL, NULL),
(213, 5, 2, 105, 113, '2019-01-06 11:00:00', 31, 0, 1, NULL, NULL, NULL, NULL, NULL),
(214, 5, 3, 124, 108, '2019-01-06 13:30:00', 31, 1, 4, NULL, NULL, NULL, NULL, NULL),
(215, 5, 4, 123, 119, '2019-01-06 16:00:00', 31, 0, 0, NULL, NULL, NULL, NULL, NULL),
(216, 5, 5, 107, 115, '2019-01-07 11:00:00', 31, 2, 1, NULL, NULL, NULL, NULL, NULL),
(217, 5, 6, 122, 120, '2019-01-07 13:30:00', 31, 1, 0, NULL, NULL, NULL, NULL, NULL),
(218, 5, 7, 110, 112, '2019-01-07 16:00:00', 31, 5, 0, NULL, NULL, NULL, NULL, NULL),
(219, 5, 8, 109, 128, '2019-01-08 13:30:00', 31, 3, 2, NULL, NULL, NULL, NULL, NULL),
(220, 5, 9, 121, 117, '2019-01-08 16:00:00', 31, 4, 0, NULL, NULL, NULL, NULL, NULL),
(221, 5, 10, 111, 125, '2019-01-09 11:00:00', 31, 3, 2, NULL, NULL, NULL, NULL, NULL),
(222, 5, 11, 126, 118, '2019-01-09 13:30:00', 31, 2, 1, NULL, NULL, NULL, NULL, NULL),
(223, 5, 12, 114, 116, '2019-01-09 16:00:00', 31, 2, 0, NULL, NULL, NULL, NULL, NULL),
(224, 5, 13, 106, 124, '2019-01-10 11:00:00', 32, 0, 1, NULL, NULL, NULL, NULL, NULL),
(225, 5, 14, 113, 123, '2019-01-10 13:30:00', 32, 2, 0, NULL, NULL, NULL, NULL, NULL),
(226, 5, 15, 108, 127, '2019-01-10 16:00:00', 32, 0, 2, NULL, NULL, NULL, NULL, NULL),
(227, 5, 16, 119, 105, '2019-01-11 11:00:00', 32, 0, 3, NULL, NULL, NULL, NULL, NULL),
(228, 5, 17, 120, 107, '2019-01-11 13:30:00', 32, 0, 3, NULL, NULL, NULL, NULL, NULL),
(229, 5, 18, 115, 122, '2019-01-11 16:00:00', 32, 0, 1, NULL, NULL, NULL, NULL, NULL),
(230, 5, 19, 128, 110, '2019-01-12 11:00:00', 32, 0, 2, NULL, NULL, NULL, NULL, NULL),
(231, 5, 20, 112, 109, '2019-01-12 13:30:00', 32, 0, 3, NULL, NULL, NULL, NULL, NULL),
(232, 5, 21, 116, 121, '2019-01-12 16:00:00', 32, 0, 2, NULL, NULL, NULL, NULL, NULL),
(233, 5, 22, 117, 114, '2019-01-13 11:00:00', 32, 0, 6, NULL, NULL, NULL, NULL, NULL),
(234, 5, 23, 118, 111, '2019-01-13 13:30:00', 32, 0, 1, NULL, NULL, NULL, NULL, NULL),
(235, 5, 24, 125, 126, '2019-01-13 16:00:00', 32, 0, 4, NULL, NULL, NULL, NULL, NULL),
(236, 5, 25, 127, 124, '2019-01-14 16:00:00', 33, 1, 1, NULL, NULL, NULL, NULL, NULL),
(237, 5, 26, 108, 106, '2019-01-14 16:00:00', 33, 0, 1, NULL, NULL, NULL, NULL, NULL),
(238, 5, 27, 105, 123, '2019-01-15 13:30:00', 33, 3, 2, NULL, NULL, NULL, NULL, NULL),
(239, 5, 28, 119, 113, '2019-01-15 13:30:00', 33, 0, 0, NULL, NULL, NULL, NULL, NULL),
(240, 5, 29, 122, 107, '2019-01-16 13:30:00', 33, 2, 0, NULL, NULL, NULL, NULL, NULL),
(241, 5, 30, 115, 120, '2019-01-16 13:30:00', 33, 3, 1, NULL, NULL, NULL, NULL, NULL),
(242, 5, 31, 128, 112, '2019-01-16 16:00:00', 33, 2, 0, NULL, NULL, NULL, NULL, NULL),
(243, 5, 32, 110, 109, '2019-01-16 16:00:00', 33, 0, 0, NULL, NULL, NULL, NULL, NULL),
(244, 5, 33, 118, 125, '2019-01-17 13:30:00', 33, 3, 1, NULL, NULL, NULL, NULL, NULL),
(245, 5, 34, 111, 126, '2019-01-17 13:30:00', 33, 2, 1, NULL, NULL, NULL, NULL, NULL),
(246, 5, 35, 121, 114, '2019-01-17 16:00:00', 33, 0, 2, NULL, NULL, NULL, NULL, NULL),
(247, 5, 36, 116, 117, '2019-01-17 16:00:00', 33, 4, 1, NULL, NULL, NULL, NULL, NULL),
(248, 5, 37, 113, 128, '2019-01-20 11:00:00', 34, 1, 1, 1, 1, 3, 5, 'B1-ACD3'),
(249, 5, 38, 124, 107, '2019-01-20 14:00:00', 34, 1, 2, NULL, NULL, NULL, NULL, 'A2-C2'),
(250, 5, 39, 110, 118, '2019-01-20 17:00:00', 34, 2, 0, NULL, NULL, NULL, NULL, 'D1-BEF3'),
(251, 5, 40, 111, 121, '2019-01-21 11:00:00', 34, 1, 0, NULL, NULL, NULL, NULL, 'F1-E2'),
(252, 5, 41, 105, 126, '2019-01-21 14:00:00', 34, 0, 0, 0, 0, 4, 2, 'B2-F2'),
(253, 5, 42, 127, 115, '2019-01-21 17:00:00', 34, 2, 2, 3, 2, NULL, NULL, 'A1-CDE3'),
(254, 5, 43, 122, 106, '2019-01-22 13:00:00', 34, 1, 1, 2, 1, NULL, NULL, 'C1-ABF3'),
(255, 5, 44, 114, 109, '2019-01-22 16:00:00', 34, 1, 0, NULL, NULL, NULL, NULL, 'E1-D2'),
(256, 5, 45, 128, 111, '2019-01-24 13:00:00', 35, 0, 1, NULL, NULL, NULL, NULL, 'W37-W40'),
(257, 5, 46, 107, 110, '2019-01-24 16:00:00', 35, 0, 3, NULL, NULL, NULL, NULL, 'W38-W39'),
(258, 5, 47, 122, 114, '2019-01-25 13:00:00', 35, 0, 1, NULL, NULL, NULL, NULL, 'W43-W44'),
(259, 5, 48, 127, 105, '2019-01-25 16:00:00', 35, 1, 0, NULL, NULL, NULL, NULL, 'W42-W41'),
(260, 5, 49, 110, 111, '2019-01-28 14:00:00', 36, 0, 3, NULL, NULL, NULL, NULL, 'W46-W45'),
(261, 5, 50, 114, 127, '2019-01-29 14:00:00', 36, 4, 0, NULL, NULL, NULL, NULL, 'W47-W48'),
(262, 5, 51, 111, 114, '2019-02-01 14:00:00', 37, 1, 3, NULL, NULL, NULL, NULL, 'W49-W50'),
(263, 6, 1, 131, 130, '2019-06-15 00:30:00', 38, 3, 0, NULL, NULL, NULL, NULL, NULL),
(264, 6, 2, 140, 138, '2019-06-15 19:00:00', 38, 0, 0, NULL, NULL, NULL, NULL, NULL),
(265, 6, 3, 129, 136, '2019-06-15 22:00:00', 38, 0, 2, NULL, NULL, NULL, NULL, NULL),
(266, 6, 4, 137, 135, '2019-06-16 19:00:00', 38, 2, 2, NULL, NULL, NULL, NULL, NULL),
(267, 6, 5, 139, 133, '2019-06-16 22:00:00', 38, 4, 0, NULL, NULL, NULL, NULL, NULL),
(268, 6, 6, 134, 132, '2019-06-17 23:00:00', 38, 0, 4, NULL, NULL, NULL, NULL, NULL),
(269, 6, 7, 130, 138, '2019-06-18 21:30:00', 39, 1, 3, NULL, NULL, NULL, NULL, NULL),
(270, 6, 8, 131, 140, '2019-06-19 00:30:00', 39, 0, 0, NULL, NULL, NULL, NULL, NULL),
(271, 6, 9, 136, 135, '2019-06-19 21:30:00', 39, 1, 0, NULL, NULL, NULL, NULL, NULL),
(272, 6, 10, 129, 137, '2019-06-20 00:30:00', 39, 1, 1, NULL, NULL, NULL, NULL, NULL),
(273, 6, 11, 139, 134, '2019-06-20 23:00:00', 39, 2, 2, NULL, NULL, NULL, NULL, NULL),
(274, 6, 12, 133, 132, '2019-06-21 23:00:00', 39, 1, 2, NULL, NULL, NULL, NULL, NULL),
(275, 6, 13, 138, 131, '2019-06-22 19:00:00', 40, 0, 5, NULL, NULL, NULL, NULL, NULL),
(276, 6, 14, 130, 140, '2019-06-22 19:00:00', 40, 1, 3, NULL, NULL, NULL, NULL, NULL),
(277, 6, 15, 135, 129, '2019-06-23 19:00:00', 40, 0, 2, NULL, NULL, NULL, NULL, NULL),
(278, 6, 16, 136, 137, '2019-06-23 19:00:00', 40, 1, 0, NULL, NULL, NULL, NULL, NULL),
(279, 6, 17, 132, 139, '2019-06-24 23:00:00', 40, 0, 1, NULL, NULL, NULL, NULL, NULL),
(280, 6, 18, 133, 134, '2019-06-24 23:00:00', 40, 1, 1, NULL, NULL, NULL, NULL, NULL),
(281, 6, 19, 131, 137, '2019-06-28 00:30:00', 41, 0, 0, NULL, NULL, 4, 3, 'A1-BC3'),
(282, 6, 20, 140, 129, '2019-06-28 19:00:00', 41, 0, 2, NULL, NULL, NULL, NULL, 'A2-B2'),
(283, 6, 21, 136, 132, '2019-06-28 23:00:00', 41, 0, 0, NULL, NULL, 4, 5, 'B1-C2'),
(284, 6, 22, 139, 138, '2019-06-29 19:00:00', 41, 0, 0, NULL, NULL, 4, 5, 'C1-AB3'),
(285, 6, 23, 131, 129, '2019-07-03 00:30:00', 42, 2, 0, NULL, NULL, NULL, NULL, 'W19-W20'),
(286, 6, 24, 132, 138, '2019-07-04 00:30:00', 42, 0, 3, NULL, NULL, NULL, NULL, 'W21-W22'),
(287, 6, 25, 129, 132, '2019-07-06 19:00:00', 43, 2, 1, NULL, NULL, NULL, NULL, 'L23-L24'),
(288, 6, 26, 131, 138, '2019-07-07 20:00:00', 44, 3, 1, NULL, NULL, NULL, NULL, 'W23-W24'),
(289, 7, 1, 141, 160, '2019-06-21 20:00:00', 45, 1, 0, NULL, NULL, NULL, NULL, NULL),
(290, 7, 2, 146, 164, '2019-06-22 14:30:00', 45, 0, 2, NULL, NULL, NULL, NULL, NULL),
(291, 7, 3, 158, 145, '2019-06-22 17:00:00', 45, 1, 0, NULL, NULL, NULL, NULL, NULL),
(292, 7, 4, 149, 153, '2019-06-22 20:00:00', 45, 2, 2, NULL, NULL, NULL, NULL, NULL),
(293, 7, 5, 155, 157, '2019-06-23 14:30:00', 45, 1, 0, NULL, NULL, NULL, NULL, NULL),
(294, 7, 6, 159, 162, '2019-06-23 17:00:00', 45, 2, 0, NULL, NULL, NULL, NULL, NULL),
(295, 7, 7, 142, 152, '2019-06-23 20:00:00', 45, 2, 0, NULL, NULL, NULL, NULL, NULL),
(296, 7, 8, 147, 161, '2019-06-24 14:30:00', 45, 1, 0, NULL, NULL, NULL, NULL, NULL),
(297, 7, 9, 163, 143, '2019-06-24 17:00:00', 45, 1, 1, NULL, NULL, NULL, NULL, NULL),
(298, 7, 10, 154, 156, '2019-06-24 20:00:00', 45, 4, 1, NULL, NULL, NULL, NULL, NULL),
(299, 7, 11, 151, 150, '2019-06-25 17:00:00', 45, 2, 0, NULL, NULL, NULL, NULL, NULL),
(300, 7, 12, 148, 144, '2019-06-25 20:00:00', 45, 2, 2, NULL, NULL, NULL, NULL, NULL),
(301, 7, 13, 158, 149, '2019-06-26 14:30:00', 46, 1, 0, NULL, NULL, NULL, NULL, NULL),
(302, 7, 14, 164, 160, '2019-06-26 17:00:00', 46, 1, 1, NULL, NULL, NULL, NULL, NULL),
(303, 7, 15, 141, 146, '2019-06-26 20:00:00', 46, 2, 0, NULL, NULL, NULL, NULL, NULL),
(304, 7, 16, 153, 145, '2019-06-27 14:30:00', 46, 1, 0, NULL, NULL, NULL, NULL, NULL),
(305, 7, 17, 159, 142, '2019-06-27 17:00:00', 46, 0, 1, NULL, NULL, NULL, NULL, NULL),
(306, 7, 18, 152, 162, '2019-06-27 20:00:00', 46, 3, 2, NULL, NULL, NULL, NULL, NULL),
(307, 7, 19, 163, 154, '2019-06-28 14:30:00', 46, 1, 1, NULL, NULL, NULL, NULL, NULL),
(308, 7, 20, 155, 147, '2019-06-28 17:00:00', 46, 1, 0, NULL, NULL, NULL, NULL, NULL),
(309, 7, 21, 161, 157, '2019-06-28 20:00:00', 46, 1, 0, NULL, NULL, NULL, NULL, NULL),
(310, 7, 22, 156, 143, '2019-06-29 14:30:00', 46, 0, 0, NULL, NULL, NULL, NULL, NULL),
(311, 7, 23, 151, 148, '2019-06-29 17:00:00', 46, 0, 0, NULL, NULL, NULL, NULL, NULL),
(312, 7, 24, 144, 150, '2019-06-29 20:00:00', 46, 0, 0, NULL, NULL, NULL, NULL, NULL),
(313, 7, 25, 153, 158, '2019-06-30 16:00:00', 47, 2, 0, NULL, NULL, NULL, NULL, NULL),
(314, 7, 26, 145, 149, '2019-06-30 16:00:00', 47, 0, 2, NULL, NULL, NULL, NULL, NULL),
(315, 7, 27, 164, 141, '2019-06-30 19:00:00', 47, 0, 2, NULL, NULL, NULL, NULL, NULL),
(316, 7, 28, 160, 146, '2019-06-30 19:00:00', 47, 0, 4, NULL, NULL, NULL, NULL, NULL),
(317, 7, 29, 161, 155, '2019-07-01 16:00:00', 47, 0, 1, NULL, NULL, NULL, NULL, NULL),
(318, 7, 30, 157, 147, '2019-07-01 16:00:00', 47, 1, 4, NULL, NULL, NULL, NULL, NULL),
(319, 7, 31, 152, 159, '2019-07-01 19:00:00', 47, 0, 3, NULL, NULL, NULL, NULL, NULL),
(320, 7, 32, 162, 142, '2019-07-01 19:00:00', 47, 0, 3, NULL, NULL, NULL, NULL, NULL),
(321, 7, 33, 144, 151, '2019-07-02 16:00:00', 47, 0, 0, NULL, NULL, NULL, NULL, NULL),
(322, 7, 34, 150, 148, '2019-07-02 16:00:00', 47, 0, 2, NULL, NULL, NULL, NULL, NULL),
(323, 7, 35, 156, 163, '2019-07-02 19:00:00', 47, 0, 0, NULL, NULL, NULL, NULL, NULL),
(324, 7, 36, 143, 154, '2019-07-02 19:00:00', 47, 0, 1, NULL, NULL, NULL, NULL, NULL),
(325, 7, 37, 155, 144, '2019-07-05 16:00:00', 48, 1, 1, 1, 1, 2, 5, 'D1-BEF3'),
(326, 7, 38, 164, 159, '2019-07-05 19:00:00', 48, 0, 1, NULL, NULL, NULL, NULL, 'A2-C2'),
(327, 7, 39, 158, 151, '2019-07-06 16:00:00', 48, 3, 2, NULL, NULL, NULL, NULL, 'B2-F2'),
(328, 7, 40, 141, 161, '2019-07-06 19:00:00', 48, 0, 1, NULL, NULL, NULL, NULL, 'A1-CDE3'),
(329, 7, 41, 153, 146, '2019-07-07 16:00:00', 48, 2, 2, 2, 2, 6, 4, 'B1-ACD3'),
(330, 7, 42, 142, 149, '2019-07-07 19:00:00', 48, 3, 0, NULL, NULL, NULL, NULL, 'C1-ABF3'),
(331, 7, 43, 154, 147, '2019-07-08 16:00:00', 48, 0, 1, NULL, NULL, NULL, NULL, 'E1-D2'),
(332, 7, 44, 148, 163, '2019-07-08 19:00:00', 48, 1, 1, 1, 1, 5, 6, 'F1-E2'),
(333, 7, 45, 159, 144, '2019-07-10 16:00:00', 49, 1, 0, NULL, NULL, NULL, NULL, 'W38-W37'),
(334, 7, 46, 158, 161, '2019-07-10 19:00:00', 49, 2, 1, NULL, NULL, NULL, NULL, 'W39-W40'),
(335, 7, 47, 147, 142, '2019-07-11 16:00:00', 49, 1, 1, 1, 1, 4, 5, 'W43-W42'),
(336, 7, 48, 153, 163, '2019-07-11 19:00:00', 49, 0, 3, NULL, NULL, NULL, NULL, 'W41-W44'),
(337, 7, 49, 159, 163, '2019-07-14 16:00:00', 50, 0, 0, 1, 0, NULL, NULL, 'W45-W48'),
(338, 7, 50, 142, 158, '2019-07-14 19:00:00', 50, 2, 1, NULL, NULL, NULL, NULL, 'W47-W46'),
(339, 7, 51, 163, 158, '2019-07-17 19:00:00', 51, 0, 1, NULL, NULL, NULL, NULL, 'L49-L50'),
(340, 7, 52, 159, 142, '2019-07-19 19:00:00', 52, 0, 1, NULL, NULL, NULL, NULL, 'W49-W50'),
(341, 8, 1, 185, 171, '2021-06-11 19:00:00', 53, 0, 3, NULL, NULL, NULL, NULL, NULL),
(342, 8, 2, 188, 181, '2021-06-12 13:00:00', 53, 1, 1, NULL, NULL, NULL, NULL, NULL),
(343, 8, 3, 166, 169, '2021-06-12 16:00:00', 53, 0, 1, NULL, NULL, NULL, NULL, NULL),
(344, 8, 4, 165, 178, '2021-06-12 19:00:00', 53, 3, 0, NULL, NULL, NULL, NULL, NULL),
(345, 8, 5, 168, 172, '2021-06-13 13:00:00', 53, 1, 0, NULL, NULL, NULL, NULL, NULL),
(346, 8, 6, 175, 174, '2021-06-13 16:00:00', 53, 3, 1, NULL, NULL, NULL, NULL, NULL),
(347, 8, 7, 173, 186, '2021-06-13 19:00:00', 53, 3, 2, NULL, NULL, NULL, NULL, NULL),
(348, 8, 8, 179, 184, '2021-06-14 13:00:00', 53, 0, 2, NULL, NULL, NULL, NULL, NULL),
(349, 8, 9, 176, 182, '2021-06-14 16:00:00', 53, 1, 2, NULL, NULL, NULL, NULL, NULL),
(350, 8, 10, 183, 180, '2021-06-14 19:00:00', 53, 0, 0, NULL, NULL, NULL, NULL, NULL),
(351, 8, 11, 187, 177, '2021-06-15 16:00:00', 53, 0, 3, NULL, NULL, NULL, NULL, NULL),
(352, 8, 12, 170, 167, '2021-06-15 19:00:00', 53, 1, 0, NULL, NULL, NULL, NULL, NULL),
(353, 8, 13, 169, 178, '2021-06-16 13:00:00', 54, 0, 1, NULL, NULL, NULL, NULL, NULL),
(354, 8, 14, 185, 188, '2021-06-16 16:00:00', 54, 0, 2, NULL, NULL, NULL, NULL, NULL),
(355, 8, 15, 171, 181, '2021-06-16 19:00:00', 54, 3, 0, NULL, NULL, NULL, NULL, NULL),
(356, 8, 16, 186, 174, '2021-06-17 13:00:00', 54, 2, 1, NULL, NULL, NULL, NULL, NULL),
(357, 8, 17, 166, 165, '2021-06-17 16:00:00', 54, 1, 2, NULL, NULL, NULL, NULL, NULL),
(358, 8, 18, 173, 175, '2021-06-17 19:00:00', 54, 2, 0, NULL, NULL, NULL, NULL, NULL),
(359, 8, 19, 180, 182, '2021-06-18 13:00:00', 54, 1, 0, NULL, NULL, NULL, NULL, NULL),
(360, 8, 20, 172, 184, '2021-06-18 16:00:00', 54, 1, 1, NULL, NULL, NULL, NULL, NULL),
(361, 8, 21, 168, 179, '2021-06-18 19:00:00', 54, 0, 0, NULL, NULL, NULL, NULL, NULL),
(362, 8, 22, 187, 170, '2021-06-19 13:00:00', 54, 1, 1, NULL, NULL, NULL, NULL, NULL),
(363, 8, 23, 177, 167, '2021-06-19 16:00:00', 54, 2, 4, NULL, NULL, NULL, NULL, NULL),
(364, 8, 24, 183, 176, '2021-06-19 19:00:00', 54, 1, 1, NULL, NULL, NULL, NULL, NULL),
(365, 8, 25, 171, 188, '2021-06-20 16:00:00', 55, 1, 0, NULL, NULL, NULL, NULL, NULL),
(366, 8, 26, 181, 185, '2021-06-20 16:00:00', 55, 3, 1, NULL, NULL, NULL, NULL, NULL),
(367, 8, 27, 186, 175, '2021-06-21 16:00:00', 55, 0, 1, NULL, NULL, NULL, NULL, NULL),
(368, 8, 28, 174, 173, '2021-06-21 16:00:00', 55, 0, 3, NULL, NULL, NULL, NULL, NULL),
(369, 8, 29, 178, 166, '2021-06-21 19:00:00', 55, 1, 4, NULL, NULL, NULL, NULL, NULL),
(370, 8, 30, 169, 165, '2021-06-21 19:00:00', 55, 0, 2, NULL, NULL, NULL, NULL, NULL),
(371, 8, 31, 184, 168, '2021-06-22 19:00:00', 55, 0, 1, NULL, NULL, NULL, NULL, NULL),
(372, 8, 32, 172, 179, '2021-06-22 19:00:00', 55, 3, 1, NULL, NULL, NULL, NULL, NULL),
(373, 8, 33, 180, 176, '2021-06-23 16:00:00', 55, 3, 2, NULL, NULL, NULL, NULL, NULL),
(374, 8, 34, 182, 183, '2021-06-23 16:00:00', 55, 0, 5, NULL, NULL, NULL, NULL, NULL),
(375, 8, 35, 177, 170, '2021-06-23 19:00:00', 55, 2, 2, NULL, NULL, NULL, NULL, NULL),
(376, 8, 36, 167, 187, '2021-06-23 19:00:00', 55, 2, 2, NULL, NULL, NULL, NULL, NULL),
(377, 8, 37, 171, 175, '2021-06-26 19:00:00', 56, 0, 0, 2, 1, NULL, NULL, 'A1-C2'),
(378, 8, 38, 188, 166, '2021-06-26 16:00:00', 56, 0, 4, NULL, NULL, NULL, NULL, 'A2-B2'),
(379, 8, 39, 165, 177, '2021-06-27 19:00:00', 56, 1, 0, NULL, NULL, NULL, NULL, 'B1-ADEF3'),
(380, 8, 40, 173, 184, '2021-06-27 16:00:00', 56, 0, 2, NULL, NULL, NULL, NULL, 'C1-DEF3'),
(381, 8, 41, 170, 181, '2021-06-28 19:00:00', 56, 3, 3, 3, 3, 7, 8, 'F1-ABC3'),
(382, 8, 42, 172, 183, '2021-06-28 16:00:00', 56, 3, 3, 3, 5, NULL, NULL, 'D2-E2'),
(383, 8, 43, 180, 186, '2021-06-29 19:00:00', 56, 1, 1, 1, 2, NULL, NULL, 'E1-ABCD3'),
(384, 8, 44, 168, 167, '2021-06-29 16:00:00', 56, 2, 0, NULL, NULL, NULL, NULL, 'D1-F2'),
(385, 8, 45, 181, 183, '2021-07-02 16:00:00', 57, 1, 1, 1, 1, 2, 4, 'W41-W42'),
(386, 8, 46, 165, 171, '2021-07-02 19:00:00', 57, 1, 2, NULL, NULL, NULL, NULL, 'W39-W37'),
(387, 8, 47, 184, 166, '2021-07-03 16:00:00', 57, 1, 2, NULL, NULL, NULL, NULL, 'W40-W38'),
(388, 8, 48, 186, 168, '2021-07-03 19:00:00', 57, 0, 4, NULL, NULL, NULL, NULL, 'W43-W44'),
(389, 8, 49, 171, 183, '2021-07-06 19:00:00', 58, 1, 1, 1, 1, 5, 3, 'W46-W45'),
(390, 8, 50, 168, 166, '2021-07-07 19:00:00', 58, 1, 1, 2, 1, NULL, NULL, 'W48-W47'),
(391, 8, 51, 171, 168, '2021-07-11 19:00:00', 59, 1, 1, 1, 1, 4, 3, 'W49-W50'),
(392, 9, 1, 191, 198, '2021-06-13 21:00:00', 60, 3, 0, NULL, NULL, NULL, NULL, NULL),
(393, 9, 2, 194, 193, '2021-06-14 00:00:00', 60, 1, 0, NULL, NULL, NULL, NULL, NULL),
(394, 9, 3, 189, 192, '2021-06-14 21:00:00', 60, 1, 1, NULL, NULL, NULL, NULL, NULL),
(395, 9, 4, 195, 190, '2021-06-15 00:00:00', 60, 3, 1, NULL, NULL, NULL, NULL, NULL),
(396, 9, 5, 194, 198, '2021-06-17 21:00:00', 60, 0, 0, NULL, NULL, NULL, NULL, NULL),
(397, 9, 6, 191, 196, '2021-06-18 00:00:00', 60, 4, 0, NULL, NULL, NULL, NULL, NULL),
(398, 9, 7, 192, 190, '2021-06-18 21:00:00', 60, 1, 0, NULL, NULL, NULL, NULL, NULL),
(399, 9, 8, 189, 197, '2021-06-19 00:00:00', 60, 1, 0, NULL, NULL, NULL, NULL, NULL),
(400, 9, 9, 198, 193, '2021-06-20 21:00:00', 60, 2, 2, NULL, NULL, NULL, NULL, NULL),
(401, 9, 10, 194, 196, '2021-06-21 00:00:00', 60, 1, 2, NULL, NULL, NULL, NULL, NULL),
(402, 9, 11, 197, 192, '2021-06-21 21:00:00', 60, 1, 1, NULL, NULL, NULL, NULL, NULL),
(403, 9, 12, 189, 195, '2021-06-22 00:00:00', 60, 1, 0, NULL, NULL, NULL, NULL, NULL),
(404, 9, 13, 193, 196, '2021-06-23 21:00:00', 60, 2, 2, NULL, NULL, NULL, NULL, NULL),
(405, 9, 14, 191, 194, '2021-06-24 00:00:00', 60, 2, 1, NULL, NULL, NULL, NULL, NULL),
(406, 9, 15, 190, 197, '2021-06-24 21:00:00', 60, 0, 2, NULL, NULL, NULL, NULL, NULL),
(407, 9, 16, 192, 195, '2021-06-25 00:00:00', 60, 0, 2, NULL, NULL, NULL, NULL, NULL),
(408, 9, 17, 191, 193, '2021-06-27 21:00:00', 60, 1, 1, NULL, NULL, NULL, NULL, NULL),
(409, 9, 18, 198, 196, '2021-06-27 21:00:00', 60, 0, 1, NULL, NULL, NULL, NULL, NULL),
(410, 9, 19, 190, 189, '2021-06-29 00:00:00', 60, 1, 4, NULL, NULL, NULL, NULL, NULL),
(411, 9, 20, 197, 195, '2021-06-29 00:00:00', 60, 1, 0, NULL, NULL, NULL, NULL, NULL),
(412, 9, 21, 196, 195, '2021-07-02 21:00:00', 61, 3, 3, NULL, NULL, 7, 6, 'B2-A3'),
(413, 9, 22, 191, 192, '2021-07-03 00:00:00', 61, 1, 0, NULL, NULL, NULL, NULL, 'B1-A4'),
(414, 9, 23, 197, 194, '2021-07-03 22:00:00', 61, 0, 0, NULL, NULL, 2, 4, 'A2-B3'),
(415, 9, 24, 189, 193, '2021-07-04 01:00:00', 61, 3, 0, NULL, NULL, NULL, NULL, 'A1-B4'),
(416, 9, 25, 191, 196, '2021-07-05 23:00:00', 62, 1, 0, NULL, NULL, NULL, NULL, 'W22-W21'),
(417, 9, 26, 189, 194, '2021-07-07 01:00:00', 62, 1, 1, NULL, NULL, 4, 3, 'W24-W23'),
(418, 9, 27, 194, 196, '2021-07-10 00:00:00', 63, 3, 2, NULL, NULL, NULL, NULL, 'L26-L25'),
(419, 9, 28, 189, 191, '2021-07-11 00:00:00', 64, 1, 0, NULL, NULL, NULL, NULL, 'W26-W25'),
(420, 10, 1, 209, 200, '2021-11-30 16:30:00', 65, 1, 0, NULL, NULL, NULL, NULL, NULL),
(421, 10, 2, 213, 205, '2021-11-30 10:00:00', 65, 5, 1, NULL, NULL, NULL, NULL, NULL),
(422, 10, 3, 202, 207, '2021-11-30 13:00:00', 65, 1, 1, NULL, NULL, NULL, NULL, NULL),
(423, 10, 4, 214, 212, '2021-11-30 19:00:00', 65, 2, 1, NULL, NULL, NULL, NULL, NULL),
(424, 10, 5, 199, 211, '2021-12-01 10:00:00', 65, 4, 0, NULL, NULL, NULL, NULL, NULL),
(425, 10, 6, 201, 204, '2021-12-01 13:00:00', 65, 1, 0, NULL, NULL, NULL, NULL, NULL),
(426, 10, 7, 206, 208, '2021-12-01 16:00:00', 65, 4, 0, NULL, NULL, NULL, NULL, NULL),
(427, 10, 8, 210, 203, '2021-12-01 19:00:00', 65, 0, 1, NULL, NULL, NULL, NULL, NULL),
(428, 10, 9, 200, 202, '2021-12-03 10:00:00', 66, 0, 0, NULL, NULL, NULL, NULL, NULL),
(429, 10, 10, 207, 209, '2021-12-03 13:00:00', 66, 1, 2, NULL, NULL, NULL, NULL, NULL),
(430, 10, 11, 205, 214, '2021-12-03 16:00:00', 66, 0, 1, NULL, NULL, NULL, NULL, NULL),
(431, 10, 12, 212, 213, '2021-12-03 19:00:00', 66, 2, 0, NULL, NULL, NULL, NULL, NULL),
(432, 10, 13, 203, 206, '2021-12-04 10:00:00', 66, 0, 4, NULL, NULL, NULL, NULL, NULL),
(433, 10, 14, 204, 199, '2021-12-04 13:00:00', 66, 0, 2, NULL, NULL, NULL, NULL, NULL),
(434, 10, 15, 211, 201, '2021-12-04 16:00:00', 66, 0, 5, NULL, NULL, NULL, NULL, NULL),
(435, 10, 16, 208, 210, '2021-12-04 19:00:00', 66, 1, 1, NULL, NULL, NULL, NULL, NULL),
(436, 10, 17, 212, 205, '2021-12-06 15:00:00', 67, 1, 2, NULL, NULL, NULL, NULL, NULL),
(437, 10, 18, 213, 214, '2021-12-06 15:00:00', 67, 1, 0, NULL, NULL, NULL, NULL, NULL),
(438, 10, 19, 207, 200, '2021-12-06 19:00:00', 67, 3, 0, NULL, NULL, NULL, NULL, NULL),
(439, 10, 20, 209, 202, '2021-12-06 19:00:00', 67, 3, 0, NULL, NULL, NULL, NULL, NULL),
(440, 10, 21, 206, 210, '2021-12-07 15:00:00', 67, 1, 0, NULL, NULL, NULL, NULL, NULL),
(441, 10, 22, 203, 208, '2021-12-07 15:00:00', 67, 5, 1, NULL, NULL, NULL, NULL, NULL),
(442, 10, 23, 199, 201, '2021-12-07 19:00:00', 67, 1, 1, NULL, NULL, NULL, NULL, NULL),
(443, 10, 24, 204, 211, '2021-12-07 19:00:00', 67, 1, 0, NULL, NULL, NULL, NULL, NULL),
(444, 10, 25, 213, 207, '2021-12-10 15:00:00', 68, 2, 1, NULL, NULL, NULL, NULL, 'B1-A2'),
(445, 10, 26, 209, 214, '2021-12-10 19:00:00', 68, 5, 0, NULL, NULL, NULL, NULL, 'A1-B2'),
(446, 10, 27, 201, 203, '2021-12-11 15:00:00', 68, 1, 1, 3, 1, NULL, NULL, 'D1-C2'),
(447, 10, 28, 206, 199, '2021-12-11 19:00:00', 68, 1, 1, 2, 2, 5, 7, 'C1-D2'),
(448, 10, 29, 213, 201, '2021-12-15 15:00:00', 69, 1, 0, NULL, NULL, NULL, NULL, 'W25-W27'),
(449, 10, 30, 209, 199, '2021-12-15 19:00:00', 69, 1, 2, NULL, NULL, NULL, NULL, 'W26-W28'),
(450, 10, 31, 201, 209, '2021-12-18 10:00:00', 70, 0, 0, 0, 0, 4, 5, 'L29-L30'),
(451, 10, 32, 213, 199, '2021-12-18 15:00:00', 71, 0, 0, 0, 2, NULL, NULL, 'W29-W30'),
(452, 11, 1, 230, 222, '2022-11-20 16:00:00', 72, 0, 2, NULL, NULL, NULL, NULL, NULL),
(453, 11, 2, 223, 226, '2022-11-21 13:00:00', 72, 6, 2, NULL, NULL, NULL, NULL, NULL),
(454, 11, 3, 239, 234, '2022-11-21 16:00:00', 72, 0, 2, NULL, NULL, NULL, NULL, NULL),
(455, 11, 4, 245, 246, '2022-11-21 19:00:00', 72, 1, 1, NULL, NULL, NULL, NULL, NULL),
(456, 11, 5, 215, 237, '2022-11-22 10:00:00', 72, 1, 2, NULL, NULL, NULL, NULL, NULL),
(457, 11, 6, 220, 243, '2022-11-22 13:00:00', 72, 0, 0, NULL, NULL, NULL, NULL, NULL),
(458, 11, 7, 233, 235, '2022-11-22 16:00:00', 72, 0, 0, NULL, NULL, NULL, NULL, NULL),
(459, 11, 8, 224, 216, '2022-11-22 19:00:00', 72, 4, 1, NULL, NULL, NULL, NULL, NULL),
(460, 11, 9, 232, 231, '2022-11-23 10:00:00', 72, 0, 0, NULL, NULL, NULL, NULL, NULL),
(461, 11, 10, 221, 227, '2022-11-23 13:00:00', 72, 1, 2, NULL, NULL, NULL, NULL, NULL),
(462, 11, 11, 241, 219, '2022-11-23 16:00:00', 72, 7, 0, NULL, NULL, NULL, NULL, NULL),
(463, 11, 12, 217, 229, '2022-11-23 19:00:00', 72, 1, 0, NULL, NULL, NULL, NULL, NULL),
(464, 11, 13, 238, 228, '2022-11-24 10:00:00', 72, 1, 0, NULL, NULL, NULL, NULL, NULL),
(465, 11, 14, 244, 242, '2022-11-24 13:00:00', 72, 0, 0, NULL, NULL, NULL, NULL, NULL),
(466, 11, 15, 236, 225, '2022-11-24 16:00:00', 72, 3, 2, NULL, NULL, NULL, NULL, NULL),
(467, 11, 16, 218, 240, '2022-11-24 19:00:00', 72, 2, 0, NULL, NULL, NULL, NULL, NULL),
(468, 11, 17, 246, 226, '2022-11-25 10:00:00', 73, 0, 2, NULL, NULL, NULL, NULL, NULL),
(469, 11, 18, 230, 239, '2022-11-25 13:00:00', 73, 1, 3, NULL, NULL, NULL, NULL, NULL),
(470, 11, 19, 234, 222, '2022-11-25 16:00:00', 73, 1, 1, NULL, NULL, NULL, NULL, NULL),
(471, 11, 20, 223, 245, '2022-11-25 19:00:00', 73, 0, 0, NULL, NULL, NULL, NULL, NULL),
(472, 11, 21, 243, 216, '2022-11-26 10:00:00', 73, 0, 1, NULL, NULL, NULL, NULL, NULL),
(473, 11, 22, 235, 237, '2022-11-26 13:00:00', 73, 2, 0, NULL, NULL, NULL, NULL, NULL),
(474, 11, 23, 224, 220, '2022-11-26 16:00:00', 73, 2, 1, NULL, NULL, NULL, NULL, NULL),
(475, 11, 24, 215, 233, '2022-11-26 19:00:00', 73, 2, 0, NULL, NULL, NULL, NULL, NULL),
(476, 11, 25, 227, 219, '2022-11-27 10:00:00', 73, 0, 1, NULL, NULL, NULL, NULL, NULL),
(477, 11, 26, 217, 232, '2022-11-27 13:00:00', 73, 0, 2, NULL, NULL, NULL, NULL, NULL),
(478, 11, 27, 231, 229, '2022-11-27 16:00:00', 73, 4, 1, NULL, NULL, NULL, NULL, NULL),
(479, 11, 28, 241, 221, '2022-11-27 19:00:00', 73, 1, 1, NULL, NULL, NULL, NULL, NULL),
(480, 11, 29, 228, 240, '2022-11-28 10:00:00', 73, 3, 3, NULL, NULL, NULL, NULL, NULL),
(481, 11, 30, 242, 225, '2022-11-28 13:00:00', 73, 2, 3, NULL, NULL, NULL, NULL, NULL),
(482, 11, 31, 218, 238, '2022-11-28 16:00:00', 73, 1, 0, NULL, NULL, NULL, NULL, NULL),
(483, 11, 32, 236, 244, '2022-11-28 19:00:00', 73, 2, 0, NULL, NULL, NULL, NULL, NULL),
(484, 11, 33, 222, 239, '2022-11-29 15:00:00', 74, 1, 2, NULL, NULL, NULL, NULL, NULL),
(485, 11, 34, 234, 230, '2022-11-29 15:00:00', 74, 2, 0, NULL, NULL, NULL, NULL, NULL),
(486, 11, 35, 246, 223, '2022-11-29 19:00:00', 74, 0, 3, NULL, NULL, NULL, NULL, NULL),
(487, 11, 36, 226, 245, '2022-11-29 19:00:00', 74, 0, 1, NULL, NULL, NULL, NULL, NULL),
(488, 11, 37, 216, 220, '2022-11-30 15:00:00', 74, 1, 0, NULL, NULL, NULL, NULL, NULL),
(489, 11, 38, 243, 224, '2022-11-30 15:00:00', 74, 1, 0, NULL, NULL, NULL, NULL, NULL),
(490, 11, 39, 235, 215, '2022-11-30 19:00:00', 74, 0, 2, NULL, NULL, NULL, NULL, NULL),
(491, 11, 40, 237, 233, '2022-11-30 19:00:00', 74, 1, 2, NULL, NULL, NULL, NULL, NULL),
(492, 11, 41, 229, 232, '2022-12-01 15:00:00', 74, 1, 2, NULL, NULL, NULL, NULL, NULL),
(493, 11, 42, 231, 217, '2022-12-01 15:00:00', 74, 0, 0, NULL, NULL, NULL, NULL, NULL),
(494, 11, 43, 219, 221, '2022-12-01 19:00:00', 74, 2, 4, NULL, NULL, NULL, NULL, NULL),
(495, 11, 44, 227, 241, '2022-12-01 19:00:00', 74, 2, 1, NULL, NULL, NULL, NULL, NULL),
(496, 11, 45, 225, 244, '2022-12-02 15:00:00', 74, 0, 2, NULL, NULL, NULL, NULL, NULL),
(497, 11, 46, 242, 236, '2022-12-02 15:00:00', 74, 2, 1, NULL, NULL, NULL, NULL, NULL),
(498, 11, 47, 240, 238, '2022-12-02 19:00:00', 74, 2, 3, NULL, NULL, NULL, NULL, NULL),
(499, 11, 48, 228, 218, '2022-12-02 19:00:00', 74, 1, 0, NULL, NULL, NULL, NULL, NULL),
(500, 11, 49, 234, 245, '2022-12-03 15:00:00', 75, 3, 1, NULL, NULL, NULL, NULL, 'A1-B2'),
(501, 11, 50, 215, 216, '2022-12-03 19:00:00', 75, 2, 1, NULL, NULL, NULL, NULL, 'C1-D2'),
(502, 11, 51, 224, 235, '2022-12-04 15:00:00', 75, 3, 1, NULL, NULL, NULL, NULL, 'D1-C2'),
(503, 11, 52, 223, 239, '2022-12-04 19:00:00', 75, 3, 0, NULL, NULL, NULL, NULL, 'B1-A2'),
(504, 11, 53, 227, 231, '2022-12-05 15:00:00', 75, 1, 1, 1, 1, 2, 4, 'E1-F2'),
(505, 11, 54, 218, 242, '2022-12-05 19:00:00', 75, 4, 1, NULL, NULL, NULL, NULL, 'G1-H2'),
(506, 11, 55, 232, 241, '2022-12-06 15:00:00', 75, 0, 0, 0, 0, 3, 0, 'F1-E2'),
(507, 11, 56, 236, 238, '2022-12-06 19:00:00', 75, 6, 1, NULL, NULL, NULL, NULL, 'H1-G2'),
(508, 11, 57, 231, 218, '2022-12-09 15:00:00', 76, 0, 0, 1, 1, 5, 3, 'W53-W54'),
(509, 11, 58, 234, 215, '2022-12-09 19:00:00', 76, 2, 2, 2, 2, 5, 6, 'W49-W50'),
(510, 11, 59, 232, 236, '2022-12-10 15:00:00', 76, 1, 0, NULL, NULL, NULL, NULL, 'W55-W56'),
(511, 11, 60, 224, 223, '2022-12-10 19:00:00', 76, 2, 1, NULL, NULL, NULL, NULL, 'W51-W52'),
(512, 11, 61, 215, 231, '2022-12-13 19:00:00', 77, 3, 0, NULL, NULL, NULL, NULL, 'W58-W57'),
(513, 11, 62, 224, 232, '2022-12-14 19:00:00', 77, 2, 0, NULL, NULL, NULL, NULL, 'W60-W59'),
(514, 11, 63, 231, 232, '2022-12-17 15:00:00', 78, 2, 1, NULL, NULL, NULL, NULL, 'L61-L62'),
(515, 11, 64, 215, 224, '2022-12-18 15:00:00', 79, 2, 2, 3, 3, 7, 5, 'W61-W62'),
(516, 12, 1, 262, 258, '2024-01-12 16:00:00', 80, 3, 0, NULL, NULL, NULL, NULL, NULL),
(517, 12, 2, 247, 251, '2024-01-13 11:30:00', 80, 2, 0, NULL, NULL, NULL, NULL, NULL),
(518, 12, 3, 249, 266, '2024-01-13 14:30:00', 80, 0, 0, NULL, NULL, NULL, NULL, NULL),
(519, 12, 4, 268, 265, '2024-01-13 17:30:00', 80, 0, 0, NULL, NULL, NULL, NULL, NULL),
(520, 12, 5, 255, 270, '2024-01-14 11:30:00', 80, 4, 2, NULL, NULL, NULL, NULL, NULL),
(521, 12, 6, 269, 250, '2024-01-14 14:30:00', 80, 3, 1, NULL, NULL, NULL, NULL, NULL),
(522, 12, 7, 254, 261, '2024-01-14 17:30:00', 80, 4, 1, NULL, NULL, NULL, NULL, NULL),
(523, 12, 8, 264, 248, '2024-01-15 11:30:00', 80, 3, 1, NULL, NULL, NULL, NULL, NULL),
(524, 12, 9, 252, 253, '2024-01-15 14:30:00', 80, 1, 3, NULL, NULL, NULL, NULL, NULL),
(525, 12, 10, 259, 256, '2024-01-15 17:30:00', 80, 0, 4, NULL, NULL, NULL, NULL, NULL),
(526, 12, 11, 267, 257, '2024-01-16 14:30:00', 80, 2, 0, NULL, NULL, NULL, NULL, NULL),
(527, 12, 12, 263, 260, '2024-01-16 17:30:00', 80, 2, 1, NULL, NULL, NULL, NULL, NULL),
(528, 12, 13, 258, 249, '2024-01-17 11:30:00', 81, 0, 0, NULL, NULL, NULL, NULL, NULL),
(529, 12, 14, 266, 262, '2024-01-17 14:30:00', 81, 0, 1, NULL, NULL, NULL, NULL, NULL),
(530, 12, 15, 265, 247, '2024-01-18 11:30:00', 81, 0, 1, NULL, NULL, NULL, NULL, NULL),
(531, 12, 16, 251, 268, '2024-01-18 14:30:00', 81, 0, 3, NULL, NULL, NULL, NULL, NULL),
(532, 12, 17, 261, 269, '2024-01-18 17:30:00', 81, 1, 1, NULL, NULL, NULL, NULL, NULL),
(533, 12, 18, 253, 255, '2024-01-19 11:30:00', 81, 2, 1, NULL, NULL, NULL, NULL, NULL),
(534, 12, 19, 270, 252, '2024-01-19 14:30:00', 81, 0, 1, NULL, NULL, NULL, NULL, NULL),
(535, 12, 20, 250, 254, '2024-01-19 17:30:00', 81, 0, 1, NULL, NULL, NULL, NULL, NULL),
(536, 12, 21, 256, 264, '2024-01-20 11:30:00', 81, 2, 2, NULL, NULL, NULL, NULL, NULL),
(537, 12, 22, 248, 259, '2024-01-20 14:30:00', 81, 1, 0, NULL, NULL, NULL, NULL, NULL),
(538, 12, 23, 260, 267, '2024-01-21 14:30:00', 81, 0, 0, NULL, NULL, NULL, NULL, NULL),
(539, 12, 24, 257, 263, '2024-01-21 17:30:00', 81, 0, 2, NULL, NULL, NULL, NULL, NULL),
(540, 12, 25, 262, 249, '2024-01-22 15:00:00', 82, 1, 0, NULL, NULL, NULL, NULL, NULL),
(541, 12, 26, 266, 258, '2024-01-22 15:00:00', 82, 2, 1, NULL, NULL, NULL, NULL, NULL),
(542, 12, 27, 247, 268, '2024-01-23 11:30:00', 82, 1, 1, NULL, NULL, NULL, NULL, NULL),
(543, 12, 28, 265, 251, '2024-01-23 11:30:00', 82, 1, 0, NULL, NULL, NULL, NULL, NULL),
(544, 12, 29, 254, 269, '2024-01-23 15:00:00', 82, 2, 1, NULL, NULL, NULL, NULL, NULL),
(545, 12, 30, 250, 261, '2024-01-23 15:00:00', 82, 0, 3, NULL, NULL, NULL, NULL, NULL),
(546, 12, 31, 255, 252, '2024-01-24 11:30:00', 82, 3, 1, NULL, NULL, NULL, NULL, NULL),
(547, 12, 32, 253, 270, '2024-01-24 11:30:00', 82, 3, 2, NULL, NULL, NULL, NULL, NULL),
(548, 12, 33, 264, 259, '2024-01-25 11:30:00', 82, 3, 3, NULL, NULL, NULL, NULL, NULL),
(549, 12, 34, 256, 248, '2024-01-25 11:30:00', 82, 0, 1, NULL, NULL, NULL, NULL, NULL),
(550, 12, 35, 263, 267, '2024-01-25 15:00:00', 82, 0, 0, NULL, NULL, NULL, NULL, NULL),
(551, 12, 36, 257, 260, '2024-01-25 15:00:00', 82, 1, 1, NULL, NULL, NULL, NULL, NULL),
(552, 12, 37, 247, 252, '2024-01-28 11:30:00', 83, 4, 0, NULL, NULL, NULL, NULL, 'B1-ACD3'),
(553, 12, 38, 266, 269, '2024-01-28 16:00:00', 83, 1, 1, 1, 1, 6, 4, 'A2-C2'),
(554, 12, 39, 253, 256, '2024-01-29 11:30:00', 83, 2, 3, NULL, NULL, NULL, NULL, 'D1-BEF3'),
(555, 12, 40, 262, 261, '2024-01-29 16:00:00', 83, 2, 1, NULL, NULL, NULL, NULL, 'A1-CDE3'),
(556, 12, 41, 268, 267, '2024-01-30 11:30:00', 83, 2, 1, NULL, NULL, NULL, NULL, 'B2-F2'),
(557, 12, 42, 263, 264, '2024-01-30 16:00:00', 83, 1, 1, 1, 1, 3, 5, 'F1-E2'),
(558, 12, 43, 248, 255, '2024-01-31 11:30:00', 83, 1, 3, NULL, NULL, NULL, NULL, 'E1-D2'),
(559, 12, 44, 254, 265, '2024-01-31 16:00:00', 83, 1, 1, 1, 1, 6, 4, 'C1-ABF3'),
(560, 12, 45, 266, 256, '2024-02-02 11:30:00', 84, 0, 1, NULL, NULL, NULL, NULL, 'W38-W39'),
(561, 12, 46, 247, 264, '2024-02-02 15:30:00', 84, 1, 1, 1, 2, NULL, NULL, 'W37-W42'),
(562, 12, 47, 254, 255, '2024-02-03 11:30:00', 84, 2, 1, NULL, NULL, NULL, NULL, 'W44-W43'),
(563, 12, 48, 262, 268, '2024-02-03 15:30:00', 84, 1, 1, 1, 1, 4, 3, 'W40-W41'),
(564, 12, 49, 256, 264, '2024-02-06 15:00:00', 85, 2, 0, NULL, NULL, NULL, NULL, 'W45-W46'),
(565, 12, 50, 254, 262, '2024-02-07 15:00:00', 85, 2, 3, NULL, NULL, NULL, NULL, 'W47-W48'),
(566, 12, 51, 256, 262, '2024-02-10 15:00:00', 86, 1, 3, NULL, NULL, NULL, NULL, 'W49-W50'),
(567, 13, 1, 283, 282, '2024-01-13 20:00:00', 87, 2, 0, NULL, NULL, NULL, NULL, NULL),
(568, 13, 2, 289, 278, '2024-01-14 14:00:00', 87, 1, 1, NULL, NULL, NULL, NULL, NULL),
(569, 13, 3, 277, 287, '2024-01-14 17:00:00', 87, 2, 2, NULL, NULL, NULL, NULL, NULL),
(570, 13, 4, 280, 275, '2024-01-14 20:00:00', 87, 1, 2, NULL, NULL, NULL, NULL, NULL),
(571, 13, 5, 290, 279, '2024-01-15 14:00:00', 87, 3, 0, NULL, NULL, NULL, NULL, NULL),
(572, 13, 6, 274, 281, '2024-01-15 17:00:00', 87, 1, 1, NULL, NULL, NULL, NULL, NULL),
(573, 13, 7, 271, 272, '2024-01-15 20:00:00', 87, 1, 1, NULL, NULL, NULL, NULL, NULL),
(574, 13, 8, 273, 285, '2024-01-16 14:00:00', 87, 1, 0, NULL, NULL, NULL, NULL, NULL),
(575, 13, 9, 293, 288, '2024-01-16 17:00:00', 87, 0, 1, NULL, NULL, NULL, NULL, NULL),
(576, 13, 10, 284, 291, '2024-01-16 20:00:00', 87, 2, 0, NULL, NULL, NULL, NULL, NULL),
(577, 13, 11, 286, 292, '2024-01-17 17:00:00', 87, 3, 0, NULL, NULL, NULL, NULL, NULL),
(578, 13, 12, 276, 294, '2024-01-17 20:00:00', 87, 1, 1, NULL, NULL, NULL, NULL, NULL),
(579, 13, 13, 283, 289, '2024-01-18 17:00:00', 88, 0, 1, NULL, NULL, NULL, NULL, NULL),
(580, 13, 14, 278, 282, '2024-01-18 14:00:00', 88, 4, 2, NULL, NULL, NULL, NULL, NULL),
(581, 13, 15, 277, 280, '2024-01-18 20:00:00', 88, 2, 2, NULL, NULL, NULL, NULL, NULL),
(582, 13, 16, 275, 287, '2024-01-19 14:00:00', 88, 3, 0, NULL, NULL, NULL, NULL, NULL),
(583, 13, 17, 290, 274, '2024-01-19 17:00:00', 88, 3, 1, NULL, NULL, NULL, NULL, NULL),
(584, 13, 18, 281, 279, '2024-01-19 20:00:00', 88, 1, 0, NULL, NULL, NULL, NULL, NULL),
(585, 13, 19, 271, 273, '2024-01-20 14:00:00', 88, 2, 2, NULL, NULL, NULL, NULL, NULL),
(586, 13, 20, 285, 272, '2024-01-20 17:00:00', 88, 2, 3, NULL, NULL, NULL, NULL, NULL),
(587, 13, 21, 293, 284, '2024-01-20 20:00:00', 88, 1, 1, NULL, NULL, NULL, NULL, NULL),
(588, 13, 22, 291, 288, '2024-01-21 20:00:00', 88, 4, 0, NULL, NULL, NULL, NULL, NULL),
(589, 13, 23, 286, 276, '2024-01-21 14:00:00', 88, 1, 1, NULL, NULL, NULL, NULL, NULL),
(590, 13, 24, 294, 292, '2024-01-21 17:00:00', 88, 1, 1, NULL, NULL, NULL, NULL, NULL);
INSERT INTO `match_` (`match_id`, `event_id`, `match_n`, `team1_id`, `team2_id`, `start_time`, `round_id`, `goal_normal_by_team1`, `goal_normal_by_team2`, `goal_extra_by_team1`, `goal_extra_by_team2`, `goal_penalty_by_team1`, `goal_penalty_by_team2`, `participants_rule`) VALUES
(591, 13, 25, 278, 283, '2024-01-22 17:00:00', 89, 4, 0, NULL, NULL, NULL, NULL, NULL),
(592, 13, 26, 282, 289, '2024-01-22 17:00:00', 89, 0, 1, NULL, NULL, NULL, NULL, NULL),
(593, 13, 27, 275, 277, '2024-01-22 20:00:00', 89, 2, 2, NULL, NULL, NULL, NULL, NULL),
(594, 13, 28, 287, 280, '2024-01-22 20:00:00', 89, 2, 2, NULL, NULL, NULL, NULL, NULL),
(595, 13, 29, 281, 290, '2024-01-23 17:00:00', 89, 0, 2, NULL, NULL, NULL, NULL, NULL),
(596, 13, 30, 279, 274, '2024-01-23 17:00:00', 89, 2, 3, NULL, NULL, NULL, NULL, NULL),
(597, 13, 31, 285, 271, '2024-01-23 20:00:00', 89, 1, 0, NULL, NULL, NULL, NULL, NULL),
(598, 13, 32, 272, 273, '2024-01-23 20:00:00', 89, 2, 0, NULL, NULL, NULL, NULL, NULL),
(599, 13, 33, 291, 293, '2024-01-24 17:00:00', 89, 0, 0, NULL, NULL, NULL, NULL, NULL),
(600, 13, 34, 288, 284, '2024-01-24 17:00:00', 89, 0, 0, NULL, NULL, NULL, NULL, NULL),
(601, 13, 35, 294, 286, '2024-01-24 20:00:00', 89, 0, 1, NULL, NULL, NULL, NULL, NULL),
(602, 13, 36, 292, 276, '2024-01-24 20:00:00', 89, 0, 0, NULL, NULL, NULL, NULL, NULL),
(603, 13, 37, 272, 288, '2024-01-27 17:00:00', 90, 3, 0, NULL, NULL, NULL, NULL, 'D1-BEF3'),
(604, 13, 38, 289, 274, '2024-01-27 20:00:00', 90, 2, 0, NULL, NULL, NULL, NULL, 'A2-C2'),
(605, 13, 39, 278, 281, '2024-01-28 17:00:00', 90, 0, 1, NULL, NULL, NULL, NULL, 'A1-CDE3'),
(606, 13, 40, 277, 276, '2024-01-28 20:00:00', 90, 1, 1, 1, 1, 7, 8, 'B2-F2'),
(607, 13, 41, 275, 285, '2024-01-29 17:00:00', 90, 1, 0, NULL, NULL, NULL, NULL, 'B1-ACD3'),
(608, 13, 42, 290, 283, '2024-01-29 20:00:00', 90, 1, 1, 1, 1, 5, 6, 'C1-ABF3'),
(609, 13, 43, 284, 273, '2024-01-30 17:00:00', 90, 2, 1, NULL, NULL, NULL, NULL, 'E1-D2'),
(610, 13, 44, 286, 291, '2024-01-30 20:00:00', 90, 0, 2, NULL, NULL, NULL, NULL, 'F1-E2'),
(611, 13, 45, 289, 272, '2024-02-02 17:00:00', 91, 1, 0, NULL, NULL, NULL, NULL, 'W38-W37'),
(612, 13, 46, 276, 281, '2024-02-02 20:00:00', 91, 3, 1, NULL, NULL, NULL, NULL, 'W40-W39'),
(613, 13, 47, 284, 283, '2024-02-03 17:00:00', 91, 1, 1, 1, 2, NULL, NULL, 'W43-W42'),
(614, 13, 48, 275, 291, '2024-02-03 20:00:00', 91, 0, 0, 0, 0, 1, 2, 'W41-W44'),
(615, 13, 49, 289, 291, '2024-02-07 17:00:00', 92, 1, 1, 1, 1, 5, 3, 'W45-W48'),
(616, 13, 50, 283, 276, '2024-02-07 20:00:00', 92, 1, 0, NULL, NULL, NULL, NULL, 'W47-W46'),
(617, 13, 51, 291, 276, '2024-02-10 20:00:00', 93, 0, 0, 0, 0, 6, 5, 'L49-L50'),
(618, 13, 52, 289, 283, '2024-02-11 20:00:00', 94, 1, 2, NULL, NULL, NULL, NULL, 'W49-W50'),
(619, 14, 1, 298, 309, '2024-06-14 19:00:00', 95, 5, 1, NULL, NULL, NULL, NULL, NULL),
(620, 14, 2, 318, 310, '2024-06-15 13:00:00', 95, 1, 3, NULL, NULL, NULL, NULL, NULL),
(621, 14, 3, 314, 303, '2024-06-15 16:00:00', 95, 3, 0, NULL, NULL, NULL, NULL, NULL),
(622, 14, 4, 302, 295, '2024-06-15 19:00:00', 95, 2, 1, NULL, NULL, NULL, NULL, NULL),
(623, 14, 5, 306, 304, '2024-06-16 13:00:00', 95, 1, 2, NULL, NULL, NULL, NULL, NULL),
(624, 14, 6, 313, 297, '2024-06-16 16:00:00', 95, 1, 1, NULL, NULL, NULL, NULL, NULL),
(625, 14, 7, 311, 299, '2024-06-16 19:00:00', 95, 0, 1, NULL, NULL, NULL, NULL, NULL),
(626, 14, 8, 308, 317, '2024-06-17 13:00:00', 95, 3, 0, NULL, NULL, NULL, NULL, NULL),
(627, 14, 9, 296, 312, '2024-06-17 16:00:00', 95, 0, 1, NULL, NULL, NULL, NULL, NULL),
(628, 14, 10, 305, 300, '2024-06-17 19:00:00', 95, 0, 1, NULL, NULL, NULL, NULL, NULL),
(629, 14, 11, 316, 301, '2024-06-18 16:00:00', 95, 3, 1, NULL, NULL, NULL, NULL, NULL),
(630, 14, 12, 307, 315, '2024-06-18 19:00:00', 95, 2, 1, NULL, NULL, NULL, NULL, NULL),
(631, 14, 13, 303, 295, '2024-06-19 13:00:00', 96, 2, 2, NULL, NULL, NULL, NULL, NULL),
(632, 14, 14, 298, 318, '2024-06-19 16:00:00', 96, 2, 0, NULL, NULL, NULL, NULL, NULL),
(633, 14, 15, 309, 310, '2024-06-19 19:00:00', 96, 1, 1, NULL, NULL, NULL, NULL, NULL),
(634, 14, 16, 313, 311, '2024-06-20 13:00:00', 96, 1, 1, NULL, NULL, NULL, NULL, NULL),
(635, 14, 17, 297, 299, '2024-06-20 16:00:00', 96, 1, 1, NULL, NULL, NULL, NULL, NULL),
(636, 14, 18, 314, 302, '2024-06-20 19:00:00', 96, 1, 0, NULL, NULL, NULL, NULL, NULL),
(637, 14, 19, 312, 317, '2024-06-21 13:00:00', 96, 1, 2, NULL, NULL, NULL, NULL, NULL),
(638, 14, 20, 306, 305, '2024-06-21 16:00:00', 96, 1, 3, NULL, NULL, NULL, NULL, NULL),
(639, 14, 21, 304, 300, '2024-06-21 19:00:00', 96, 0, 0, NULL, NULL, NULL, NULL, NULL),
(640, 14, 22, 301, 315, '2024-06-22 13:00:00', 96, 0, 0, NULL, NULL, NULL, NULL, NULL),
(641, 14, 23, 316, 307, '2024-06-22 16:00:00', 96, 0, 3, NULL, NULL, NULL, NULL, NULL),
(642, 14, 24, 296, 308, '2024-06-22 19:00:00', 96, 2, 0, NULL, NULL, NULL, NULL, NULL),
(643, 14, 25, 310, 298, '2024-06-23 19:00:00', 97, 1, 1, NULL, NULL, NULL, NULL, NULL),
(644, 14, 26, 309, 318, '2024-06-23 19:00:00', 97, 0, 1, NULL, NULL, NULL, NULL, NULL),
(645, 14, 27, 303, 302, '2024-06-24 19:00:00', 97, 1, 1, NULL, NULL, NULL, NULL, NULL),
(646, 14, 28, 295, 314, '2024-06-24 19:00:00', 97, 0, 1, NULL, NULL, NULL, NULL, NULL),
(647, 14, 29, 304, 305, '2024-06-25 16:00:00', 97, 2, 3, NULL, NULL, NULL, NULL, NULL),
(648, 14, 30, 300, 306, '2024-06-25 16:00:00', 97, 1, 1, NULL, NULL, NULL, NULL, NULL),
(649, 14, 31, 299, 313, '2024-06-25 19:00:00', 97, 0, 0, NULL, NULL, NULL, NULL, NULL),
(650, 14, 32, 297, 311, '2024-06-25 19:00:00', 97, 0, 0, NULL, NULL, NULL, NULL, NULL),
(651, 14, 33, 312, 308, '2024-06-26 16:00:00', 97, 1, 1, NULL, NULL, NULL, NULL, NULL),
(652, 14, 34, 317, 296, '2024-06-26 16:00:00', 97, 0, 0, NULL, NULL, NULL, NULL, NULL),
(653, 14, 35, 301, 307, '2024-06-26 19:00:00', 97, 2, 0, NULL, NULL, NULL, NULL, NULL),
(654, 14, 36, 315, 316, '2024-06-26 19:00:00', 97, 1, 2, NULL, NULL, NULL, NULL, NULL),
(655, 14, 37, 298, 297, '2024-06-29 19:00:00', 98, 2, 0, NULL, NULL, NULL, NULL, 'A1-C2'),
(656, 14, 38, 310, 302, '2024-06-29 16:00:00', 98, 2, 0, NULL, NULL, NULL, NULL, 'A2-B2'),
(657, 14, 39, 314, 301, '2024-06-30 19:00:00', 98, 4, 1, NULL, NULL, NULL, NULL, 'B1-ADEF3'),
(658, 14, 40, 299, 312, '2024-06-30 16:00:00', 98, 1, 1, 2, 1, NULL, NULL, 'C1-DEF3'),
(659, 14, 41, 307, 313, '2024-07-01 19:00:00', 98, 0, 0, 0, 0, 3, 0, 'F1-ABC3'),
(660, 14, 42, 300, 296, '2024-07-01 16:00:00', 98, 1, 0, NULL, NULL, NULL, NULL, 'D2-E2'),
(661, 14, 43, 308, 304, '2024-07-02 16:00:00', 98, 0, 2, NULL, NULL, NULL, NULL, 'E1-ABCD3'),
(662, 14, 44, 305, 316, '2024-07-02 19:00:00', 98, 1, 2, NULL, NULL, NULL, NULL, 'D1-F2'),
(663, 14, 45, 314, 298, '2024-07-05 16:00:00', 99, 1, 1, 2, 1, NULL, NULL, 'W37-W39'),
(664, 14, 46, 307, 300, '2024-07-05 19:00:00', 99, 0, 0, 0, 0, 3, 5, 'W41-W42'),
(665, 14, 47, 299, 310, '2024-07-06 16:00:00', 99, 1, 1, 1, 1, 6, 4, 'W38-W40'),
(666, 14, 48, 304, 316, '2024-07-06 19:00:00', 99, 2, 1, NULL, NULL, NULL, NULL, 'W43-W44'),
(667, 14, 49, 314, 300, '2024-07-09 19:00:00', 100, 2, 1, NULL, NULL, NULL, NULL, 'W45-W46'),
(668, 14, 50, 304, 299, '2024-07-10 19:00:00', 100, 1, 2, NULL, NULL, NULL, NULL, 'W47-W48'),
(669, 14, 51, 314, 299, '2024-07-14 19:00:00', 101, 2, 1, NULL, NULL, NULL, NULL, 'W49-W50'),
(670, 15, 1, 319, 326, '2024-06-21 00:00:00', 102, 2, 0, NULL, NULL, NULL, NULL, NULL),
(671, 15, 2, 331, 322, '2024-06-22 00:00:00', 102, 0, 0, NULL, NULL, NULL, NULL, NULL),
(672, 15, 3, 324, 334, '2024-06-22 22:00:00', 102, 1, 2, NULL, NULL, NULL, NULL, NULL),
(673, 15, 4, 328, 325, '2024-06-23 01:00:00', 102, 1, 0, NULL, NULL, NULL, NULL, NULL),
(674, 15, 5, 333, 320, '2024-06-23 22:00:00', 102, 2, 0, NULL, NULL, NULL, NULL, NULL),
(675, 15, 6, 332, 329, '2024-06-24 01:00:00', 102, 3, 1, NULL, NULL, NULL, NULL, NULL),
(676, 15, 7, 327, 330, '2024-06-24 22:00:00', 102, 2, 1, NULL, NULL, NULL, NULL, NULL),
(677, 15, 8, 321, 323, '2024-06-25 01:00:00', 102, 0, 0, NULL, NULL, NULL, NULL, NULL),
(678, 15, 9, 331, 326, '2024-06-25 22:00:00', 103, 0, 1, NULL, NULL, NULL, NULL, NULL),
(679, 15, 10, 322, 319, '2024-06-26 01:00:00', 103, 0, 1, NULL, NULL, NULL, NULL, NULL),
(680, 15, 11, 324, 325, '2024-06-26 22:00:00', 103, 3, 1, NULL, NULL, NULL, NULL, NULL),
(681, 15, 12, 334, 328, '2024-06-27 01:00:00', 103, 1, 0, NULL, NULL, NULL, NULL, NULL),
(682, 15, 13, 329, 333, '2024-06-27 22:00:00', 103, 2, 1, NULL, NULL, NULL, NULL, NULL),
(683, 15, 14, 332, 320, '2024-06-28 01:00:00', 103, 5, 0, NULL, NULL, NULL, NULL, NULL),
(684, 15, 15, 327, 323, '2024-06-28 22:00:00', 103, 3, 0, NULL, NULL, NULL, NULL, NULL),
(685, 15, 16, 330, 321, '2024-06-29 01:00:00', 103, 1, 4, NULL, NULL, NULL, NULL, NULL),
(686, 15, 17, 319, 331, '2024-06-30 00:00:00', 104, 2, 0, NULL, NULL, NULL, NULL, NULL),
(687, 15, 18, 326, 322, '2024-06-30 00:00:00', 104, 0, 0, NULL, NULL, NULL, NULL, NULL),
(688, 15, 19, 328, 324, '2024-07-01 00:00:00', 104, 0, 0, NULL, NULL, NULL, NULL, NULL),
(689, 15, 20, 325, 334, '2024-07-01 00:00:00', 104, 0, 3, NULL, NULL, NULL, NULL, NULL),
(690, 15, 21, 320, 329, '2024-07-02 01:00:00', 104, 1, 3, NULL, NULL, NULL, NULL, NULL),
(691, 15, 22, 333, 332, '2024-07-02 01:00:00', 104, 0, 1, NULL, NULL, NULL, NULL, NULL),
(692, 15, 23, 321, 327, '2024-07-03 01:00:00', 104, 1, 1, NULL, NULL, NULL, NULL, NULL),
(693, 15, 24, 323, 330, '2024-07-03 01:00:00', 104, 2, 1, NULL, NULL, NULL, NULL, NULL),
(694, 15, 25, 319, 324, '2024-07-05 01:00:00', 105, 1, 1, NULL, NULL, 5, 3, 'A1-B2'),
(695, 15, 26, 334, 326, '2024-07-06 01:00:00', 105, 1, 1, NULL, NULL, 4, 5, 'B1-A2'),
(696, 15, 27, 332, 321, '2024-07-06 22:00:00', 105, 0, 0, NULL, NULL, 4, 2, 'C1-D2'),
(697, 15, 28, 327, 329, '2024-07-07 01:00:00', 105, 5, 0, NULL, NULL, NULL, NULL, 'D1-C2'),
(698, 15, 29, 319, 326, '2024-07-10 00:00:00', 106, 2, 0, NULL, NULL, NULL, NULL, 'W25-W26'),
(699, 15, 30, 332, 327, '2024-07-11 00:00:00', 106, 0, 1, NULL, NULL, NULL, NULL, 'W27-W28'),
(700, 15, 31, 326, 332, '2024-07-14 00:00:00', 107, 2, 2, NULL, NULL, 5, 6, 'L29-L30'),
(701, 15, 32, 319, 327, '2024-07-15 00:00:00', 108, 0, 0, 1, 0, NULL, NULL, 'W29-W30'),
(702, 16, 1, 348, 341, '2025-12-21 19:00:00', 109, NULL, NULL, NULL, NULL, NULL, NULL, NULL),
(703, 16, 2, 347, 357, '2025-12-22 14:00:00', 109, NULL, NULL, NULL, NULL, NULL, NULL, NULL),
(704, 16, 3, 343, 358, '2025-12-22 20:00:00', 109, NULL, NULL, NULL, NULL, NULL, NULL, NULL),
(705, 16, 4, 352, 336, '2025-12-22 17:00:00', 109, NULL, NULL, NULL, NULL, NULL, NULL, NULL),
(706, 16, 5, 350, 354, '2025-12-23 17:30:00', 109, NULL, NULL, NULL, NULL, NULL, NULL, NULL),
(707, 16, 6, 355, 356, '2025-12-23 20:00:00', 109, NULL, NULL, NULL, NULL, NULL, NULL, NULL),
(708, 16, 7, 351, 338, '2025-12-23 15:00:00', 109, NULL, NULL, NULL, NULL, NULL, NULL, NULL),
(709, 16, 8, 342, 337, '2025-12-23 12:30:00', 109, NULL, NULL, NULL, NULL, NULL, NULL, NULL),
(710, 16, 9, 335, 353, '2025-12-24 15:00:00', 109, NULL, NULL, NULL, NULL, NULL, NULL, NULL),
(711, 16, 10, 339, 344, '2025-12-24 12:30:00', 109, NULL, NULL, NULL, NULL, NULL, NULL, NULL),
(712, 16, 11, 346, 349, '2025-12-24 17:30:00', 109, NULL, NULL, NULL, NULL, NULL, NULL, NULL),
(713, 16, 12, 340, 345, '2025-12-24 20:00:00', 109, NULL, NULL, NULL, NULL, NULL, NULL, NULL),
(714, 16, 13, 348, 347, '2025-12-26 20:00:00', 110, NULL, NULL, NULL, NULL, NULL, NULL, NULL),
(715, 16, 14, 357, 341, '2025-12-26 17:30:00', 110, NULL, NULL, NULL, NULL, NULL, NULL, NULL),
(716, 16, 15, 343, 352, '2025-12-26 15:00:00', 110, NULL, NULL, NULL, NULL, NULL, NULL, NULL),
(717, 16, 16, 336, 358, '2025-12-26 12:30:00', 110, NULL, NULL, NULL, NULL, NULL, NULL, NULL),
(718, 16, 17, 350, 355, '2025-12-27 20:00:00', 110, NULL, NULL, NULL, NULL, NULL, NULL, NULL),
(719, 16, 18, 356, 354, '2025-12-27 17:30:00', 110, NULL, NULL, NULL, NULL, NULL, NULL, NULL),
(720, 16, 19, 351, 342, '2025-12-27 15:00:00', 110, NULL, NULL, NULL, NULL, NULL, NULL, NULL),
(721, 16, 20, 337, 338, '2025-12-27 12:30:00', 110, NULL, NULL, NULL, NULL, NULL, NULL, NULL),
(722, 16, 21, 335, 339, '2025-12-28 17:30:00', 110, NULL, NULL, NULL, NULL, NULL, NULL, NULL),
(723, 16, 22, 344, 353, '2025-12-28 15:00:00', 110, NULL, NULL, NULL, NULL, NULL, NULL, NULL),
(724, 16, 23, 346, 340, '2025-12-28 20:00:00', 110, NULL, NULL, NULL, NULL, NULL, NULL, NULL),
(725, 16, 24, 345, 349, '2025-12-28 12:30:00', 110, NULL, NULL, NULL, NULL, NULL, NULL, NULL),
(726, 16, 25, 357, 348, '2025-12-29 19:00:00', 111, NULL, NULL, NULL, NULL, NULL, NULL, NULL),
(727, 16, 26, 341, 347, '2025-12-29 19:00:00', 111, NULL, NULL, NULL, NULL, NULL, NULL, NULL),
(728, 16, 27, 336, 343, '2025-12-29 16:00:00', 111, NULL, NULL, NULL, NULL, NULL, NULL, NULL),
(729, 16, 28, 358, 352, '2025-12-29 16:00:00', 111, NULL, NULL, NULL, NULL, NULL, NULL, NULL),
(730, 16, 29, 356, 350, '2025-12-30 16:00:00', 111, NULL, NULL, NULL, NULL, NULL, NULL, NULL),
(731, 16, 30, 354, 355, '2025-12-30 16:00:00', 111, NULL, NULL, NULL, NULL, NULL, NULL, NULL),
(732, 16, 31, 337, 351, '2025-12-30 19:00:00', 111, NULL, NULL, NULL, NULL, NULL, NULL, NULL),
(733, 16, 32, 338, 342, '2025-12-30 19:00:00', 111, NULL, NULL, NULL, NULL, NULL, NULL, NULL),
(734, 16, 33, 344, 335, '2025-12-31 16:00:00', 111, NULL, NULL, NULL, NULL, NULL, NULL, NULL),
(735, 16, 34, 353, 339, '2025-12-31 16:00:00', 111, NULL, NULL, NULL, NULL, NULL, NULL, NULL),
(736, 16, 35, 345, 346, '2025-12-31 19:00:00', 111, NULL, NULL, NULL, NULL, NULL, NULL, NULL),
(737, 16, 36, 349, 340, '2025-12-31 19:00:00', 111, NULL, NULL, NULL, NULL, NULL, NULL, NULL),
(738, 16, 37, NULL, NULL, '2026-01-03 16:00:00', 112, NULL, NULL, NULL, NULL, NULL, NULL, 'D1-BEF3'),
(739, 16, 38, NULL, NULL, '2026-01-03 19:00:00', 112, NULL, NULL, NULL, NULL, NULL, NULL, 'A2-C2'),
(740, 16, 39, NULL, NULL, '2026-01-04 16:00:00', 112, NULL, NULL, NULL, NULL, NULL, NULL, 'A1-CDE3'),
(741, 16, 40, NULL, NULL, '2026-01-04 19:00:00', 112, NULL, NULL, NULL, NULL, NULL, NULL, 'B2-F2'),
(742, 16, 41, NULL, NULL, '2026-01-05 16:00:00', 112, NULL, NULL, NULL, NULL, NULL, NULL, 'B1-ACD3'),
(743, 16, 42, NULL, NULL, '2026-01-05 19:00:00', 112, NULL, NULL, NULL, NULL, NULL, NULL, 'C1-ABF3'),
(744, 16, 43, NULL, NULL, '2026-01-06 16:00:00', 112, NULL, NULL, NULL, NULL, NULL, NULL, 'E1-D2'),
(745, 16, 44, NULL, NULL, '2026-01-06 19:00:00', 112, NULL, NULL, NULL, NULL, NULL, NULL, 'F1-E2'),
(746, 16, 45, NULL, NULL, '2026-01-09 16:00:00', 113, NULL, NULL, NULL, NULL, NULL, NULL, 'W38-W37'),
(747, 16, 46, NULL, NULL, '2026-01-09 19:00:00', 113, NULL, NULL, NULL, NULL, NULL, NULL, 'W40-W39'),
(748, 16, 47, NULL, NULL, '2026-01-10 16:00:00', 113, NULL, NULL, NULL, NULL, NULL, NULL, 'W43-W42'),
(749, 16, 48, NULL, NULL, '2026-01-10 19:00:00', 113, NULL, NULL, NULL, NULL, NULL, NULL, 'W41-W44'),
(750, 16, 49, NULL, NULL, '2026-01-14 17:00:00', 114, NULL, NULL, NULL, NULL, NULL, NULL, 'W45-W48'),
(751, 16, 50, NULL, NULL, '2026-01-14 20:00:00', 114, NULL, NULL, NULL, NULL, NULL, NULL, 'W47-W46'),
(752, 16, 51, NULL, NULL, '2026-01-17 16:00:00', 115, NULL, NULL, NULL, NULL, NULL, NULL, 'L49-L50'),
(753, 16, 52, NULL, NULL, '2026-01-18 19:00:00', 116, NULL, NULL, NULL, NULL, NULL, NULL, 'W49-W50'),
(754, 17, 1, 359, 360, '2026-06-11 19:00:00', 117, NULL, NULL, NULL, NULL, NULL, NULL, NULL),
(755, 17, 2, 361, 362, '2026-06-12 02:00:00', 117, NULL, NULL, NULL, NULL, NULL, NULL, NULL),
(756, 17, 3, 363, 364, '2026-06-12 19:00:00', 117, NULL, NULL, NULL, NULL, NULL, NULL, NULL),
(757, 17, 4, 371, 372, '2026-06-13 01:00:00', 117, NULL, NULL, NULL, NULL, NULL, NULL, NULL),
(758, 17, 5, 369, 370, '2026-06-14 01:00:00', 117, NULL, NULL, NULL, NULL, NULL, NULL, NULL),
(759, 17, 6, 373, 374, '2026-06-14 04:00:00', 117, NULL, NULL, NULL, NULL, NULL, NULL, NULL),
(760, 17, 7, 367, 368, '2026-06-13 22:00:00', 117, NULL, NULL, NULL, NULL, NULL, NULL, NULL),
(761, 17, 8, 365, 366, '2026-06-13 19:00:00', 117, NULL, NULL, NULL, NULL, NULL, NULL, NULL),
(762, 17, 9, 377, 378, '2026-06-14 23:00:00', 117, NULL, NULL, NULL, NULL, NULL, NULL, NULL),
(763, 17, 10, 375, 376, '2026-06-14 17:00:00', 117, NULL, NULL, NULL, NULL, NULL, NULL, NULL),
(764, 17, 11, 379, 380, '2026-06-14 20:00:00', 117, NULL, NULL, NULL, NULL, NULL, NULL, NULL),
(765, 17, 12, 381, 382, '2026-06-15 02:00:00', 117, NULL, NULL, NULL, NULL, NULL, NULL, NULL),
(766, 17, 13, 389, 390, '2026-06-15 22:00:00', 117, NULL, NULL, NULL, NULL, NULL, NULL, NULL),
(767, 17, 14, 387, 388, '2026-06-15 16:00:00', 117, NULL, NULL, NULL, NULL, NULL, NULL, NULL),
(768, 17, 15, 385, 386, '2026-06-16 01:00:00', 117, NULL, NULL, NULL, NULL, NULL, NULL, NULL),
(769, 17, 16, 383, 384, '2026-06-15 19:00:00', 117, NULL, NULL, NULL, NULL, NULL, NULL, NULL),
(770, 17, 17, 391, 392, '2026-06-16 19:00:00', 117, NULL, NULL, NULL, NULL, NULL, NULL, NULL),
(771, 17, 18, 393, 394, '2026-06-16 22:00:00', 117, NULL, NULL, NULL, NULL, NULL, NULL, NULL),
(772, 17, 19, 395, 396, '2026-06-17 01:00:00', 117, NULL, NULL, NULL, NULL, NULL, NULL, NULL),
(773, 17, 20, 397, 398, '2026-06-17 04:00:00', 117, NULL, NULL, NULL, NULL, NULL, NULL, NULL),
(774, 17, 21, 405, 406, '2026-06-17 23:00:00', 117, NULL, NULL, NULL, NULL, NULL, NULL, NULL),
(775, 17, 22, 403, 404, '2026-06-17 20:00:00', 117, NULL, NULL, NULL, NULL, NULL, NULL, NULL),
(776, 17, 23, 399, 400, '2026-06-17 17:00:00', 117, NULL, NULL, NULL, NULL, NULL, NULL, NULL),
(777, 17, 24, 401, 402, '2026-06-18 02:00:00', 117, NULL, NULL, NULL, NULL, NULL, NULL, NULL),
(778, 17, 25, 362, 360, '2026-06-18 16:00:00', 118, NULL, NULL, NULL, NULL, NULL, NULL, NULL),
(779, 17, 26, 366, 364, '2026-06-18 19:00:00', 118, NULL, NULL, NULL, NULL, NULL, NULL, NULL),
(780, 17, 27, 363, 365, '2026-06-18 22:00:00', 118, NULL, NULL, NULL, NULL, NULL, NULL, NULL),
(781, 17, 28, 359, 361, '2026-06-19 01:00:00', 118, NULL, NULL, NULL, NULL, NULL, NULL, NULL),
(782, 17, 29, 367, 369, '2026-06-20 00:30:00', 118, NULL, NULL, NULL, NULL, NULL, NULL, NULL),
(783, 17, 30, 370, 368, '2026-06-19 22:00:00', 118, NULL, NULL, NULL, NULL, NULL, NULL, NULL),
(784, 17, 31, 374, 372, '2026-06-20 03:00:00', 118, NULL, NULL, NULL, NULL, NULL, NULL, NULL),
(785, 17, 32, 371, 373, '2026-06-19 19:00:00', 118, NULL, NULL, NULL, NULL, NULL, NULL, NULL),
(786, 17, 33, 375, 377, '2026-06-20 20:00:00', 118, NULL, NULL, NULL, NULL, NULL, NULL, NULL),
(787, 17, 34, 378, 376, '2026-06-21 00:00:00', 118, NULL, NULL, NULL, NULL, NULL, NULL, NULL),
(788, 17, 35, 379, 381, '2026-06-20 17:00:00', 118, NULL, NULL, NULL, NULL, NULL, NULL, NULL),
(789, 17, 36, 382, 380, '2026-06-21 04:00:00', 118, NULL, NULL, NULL, NULL, NULL, NULL, NULL),
(790, 17, 37, 390, 388, '2026-06-21 22:00:00', 118, NULL, NULL, NULL, NULL, NULL, NULL, NULL),
(791, 17, 38, 387, 389, '2026-06-21 16:00:00', 118, NULL, NULL, NULL, NULL, NULL, NULL, NULL),
(792, 17, 39, 383, 385, '2026-06-21 19:00:00', 118, NULL, NULL, NULL, NULL, NULL, NULL, NULL),
(793, 17, 40, 386, 384, '2026-06-22 01:00:00', 118, NULL, NULL, NULL, NULL, NULL, NULL, NULL),
(794, 17, 41, 394, 392, '2026-06-23 00:00:00', 118, NULL, NULL, NULL, NULL, NULL, NULL, NULL),
(795, 17, 42, 391, 393, '2026-06-22 21:00:00', 118, NULL, NULL, NULL, NULL, NULL, NULL, NULL),
(796, 17, 43, 395, 397, '2026-06-22 17:00:00', 118, NULL, NULL, NULL, NULL, NULL, NULL, NULL),
(797, 17, 44, 398, 396, '2026-06-23 03:00:00', 118, NULL, NULL, NULL, NULL, NULL, NULL, NULL),
(798, 17, 45, 403, 405, '2026-06-23 20:00:00', 118, NULL, NULL, NULL, NULL, NULL, NULL, NULL),
(799, 17, 46, 406, 404, '2026-06-23 23:00:00', 118, NULL, NULL, NULL, NULL, NULL, NULL, NULL),
(800, 17, 47, 399, 401, '2026-06-23 17:00:00', 118, NULL, NULL, NULL, NULL, NULL, NULL, NULL),
(801, 17, 48, 402, 400, '2026-06-24 02:00:00', 118, NULL, NULL, NULL, NULL, NULL, NULL, NULL),
(802, 17, 49, 370, 367, '2026-06-24 22:00:00', 119, NULL, NULL, NULL, NULL, NULL, NULL, NULL),
(803, 17, 50, 368, 369, '2026-06-24 22:00:00', 119, NULL, NULL, NULL, NULL, NULL, NULL, NULL),
(804, 17, 51, 366, 363, '2026-06-24 19:00:00', 119, NULL, NULL, NULL, NULL, NULL, NULL, NULL),
(805, 17, 52, 364, 365, '2026-06-24 19:00:00', 119, NULL, NULL, NULL, NULL, NULL, NULL, NULL),
(806, 17, 53, 362, 359, '2026-06-25 01:00:00', 119, NULL, NULL, NULL, NULL, NULL, NULL, NULL),
(807, 17, 54, 360, 361, '2026-06-25 01:00:00', 119, NULL, NULL, NULL, NULL, NULL, NULL, NULL),
(808, 17, 55, 376, 377, '2026-06-25 20:00:00', 119, NULL, NULL, NULL, NULL, NULL, NULL, NULL),
(809, 17, 56, 378, 375, '2026-06-25 20:00:00', 119, NULL, NULL, NULL, NULL, NULL, NULL, NULL),
(810, 17, 57, 380, 381, '2026-06-25 23:00:00', 119, NULL, NULL, NULL, NULL, NULL, NULL, NULL),
(811, 17, 58, 382, 379, '2026-06-25 23:00:00', 119, NULL, NULL, NULL, NULL, NULL, NULL, NULL),
(812, 17, 59, 374, 371, '2026-06-26 02:00:00', 119, NULL, NULL, NULL, NULL, NULL, NULL, NULL),
(813, 17, 60, 372, 373, '2026-06-26 02:00:00', 119, NULL, NULL, NULL, NULL, NULL, NULL, NULL),
(814, 17, 61, 394, 391, '2026-06-26 19:00:00', 119, NULL, NULL, NULL, NULL, NULL, NULL, NULL),
(815, 17, 62, 392, 393, '2026-06-26 19:00:00', 119, NULL, NULL, NULL, NULL, NULL, NULL, NULL),
(816, 17, 63, 384, 385, '2026-06-27 03:00:00', 119, NULL, NULL, NULL, NULL, NULL, NULL, NULL),
(817, 17, 64, 386, 383, '2026-06-27 03:00:00', 119, NULL, NULL, NULL, NULL, NULL, NULL, NULL),
(818, 17, 65, 388, 389, '2026-06-27 00:00:00', 119, NULL, NULL, NULL, NULL, NULL, NULL, NULL),
(819, 17, 66, 390, 387, '2026-06-27 00:00:00', 119, NULL, NULL, NULL, NULL, NULL, NULL, NULL),
(820, 17, 67, 406, 403, '2026-06-27 21:00:00', 119, NULL, NULL, NULL, NULL, NULL, NULL, NULL),
(821, 17, 68, 404, 405, '2026-06-27 21:00:00', 119, NULL, NULL, NULL, NULL, NULL, NULL, NULL),
(822, 17, 69, 396, 397, '2026-06-28 02:00:00', 119, NULL, NULL, NULL, NULL, NULL, NULL, NULL),
(823, 17, 70, 398, 395, '2026-06-28 02:00:00', 119, NULL, NULL, NULL, NULL, NULL, NULL, NULL),
(824, 17, 71, 402, 399, '2026-06-27 23:30:00', 119, NULL, NULL, NULL, NULL, NULL, NULL, NULL),
(825, 17, 72, 400, 401, '2026-06-27 23:30:00', 119, NULL, NULL, NULL, NULL, NULL, NULL, NULL),
(826, 17, 73, NULL, NULL, '2026-06-28 19:00:00', 120, NULL, NULL, NULL, NULL, NULL, NULL, 'A2-B2'),
(827, 17, 74, NULL, NULL, '2026-06-29 20:30:00', 120, NULL, NULL, NULL, NULL, NULL, NULL, 'E1-ABCDF3'),
(828, 17, 75, NULL, NULL, '2026-06-30 01:00:00', 120, NULL, NULL, NULL, NULL, NULL, NULL, 'F1-C2'),
(829, 17, 76, NULL, NULL, '2026-06-29 17:00:00', 120, NULL, NULL, NULL, NULL, NULL, NULL, 'F2-C1'),
(830, 17, 77, NULL, NULL, '2026-06-30 21:00:00', 120, NULL, NULL, NULL, NULL, NULL, NULL, 'I1-CDFGH3'),
(831, 17, 78, NULL, NULL, '2026-06-30 17:00:00', 120, NULL, NULL, NULL, NULL, NULL, NULL, 'I2-E2'),
(832, 17, 79, NULL, NULL, '2026-07-01 01:00:00', 120, NULL, NULL, NULL, NULL, NULL, NULL, 'A1-CEFHI3'),
(833, 17, 80, NULL, NULL, '2026-07-01 16:00:00', 120, NULL, NULL, NULL, NULL, NULL, NULL, 'L1-EHIJK3'),
(834, 17, 81, NULL, NULL, '2026-07-02 00:00:00', 120, NULL, NULL, NULL, NULL, NULL, NULL, 'D1-BEFIJ3'),
(835, 17, 82, NULL, NULL, '2026-07-01 20:00:00', 120, NULL, NULL, NULL, NULL, NULL, NULL, 'G1-AEHIJ3'),
(836, 17, 83, NULL, NULL, '2026-07-02 23:00:00', 120, NULL, NULL, NULL, NULL, NULL, NULL, 'H2-J1'),
(837, 17, 84, NULL, NULL, '2026-07-02 19:00:00', 120, NULL, NULL, NULL, NULL, NULL, NULL, 'H1-J2'),
(838, 17, 85, NULL, NULL, '2026-07-03 03:00:00', 120, NULL, NULL, NULL, NULL, NULL, NULL, 'B1-EFGIJ3'),
(839, 17, 86, NULL, NULL, '2026-07-03 22:00:00', 120, NULL, NULL, NULL, NULL, NULL, NULL, 'J1-H2'),
(840, 17, 87, NULL, NULL, '2026-07-04 01:30:00', 120, NULL, NULL, NULL, NULL, NULL, NULL, 'K1-DEIJL3'),
(841, 17, 88, NULL, NULL, '2026-07-03 18:00:00', 120, NULL, NULL, NULL, NULL, NULL, NULL, 'D2-G2'),
(842, 17, 89, NULL, NULL, '2026-07-04 21:00:00', 121, NULL, NULL, NULL, NULL, NULL, NULL, 'W74-W77'),
(843, 17, 90, NULL, NULL, '2026-07-04 17:00:00', 121, NULL, NULL, NULL, NULL, NULL, NULL, 'W73-W75'),
(844, 17, 91, NULL, NULL, '2026-07-05 20:00:00', 121, NULL, NULL, NULL, NULL, NULL, NULL, 'W76-W78'),
(845, 17, 92, NULL, NULL, '2026-07-06 00:00:00', 121, NULL, NULL, NULL, NULL, NULL, NULL, 'W79-W80'),
(846, 17, 93, NULL, NULL, '2026-07-06 19:00:00', 121, NULL, NULL, NULL, NULL, NULL, NULL, 'W83-W84'),
(847, 17, 94, NULL, NULL, '2026-07-07 00:00:00', 121, NULL, NULL, NULL, NULL, NULL, NULL, 'W81-W82'),
(848, 17, 95, NULL, NULL, '2026-07-07 16:00:00', 121, NULL, NULL, NULL, NULL, NULL, NULL, 'W86-W88'),
(849, 17, 96, NULL, NULL, '2026-07-07 20:00:00', 121, NULL, NULL, NULL, NULL, NULL, NULL, 'W85-W87'),
(850, 17, 97, NULL, NULL, '2026-07-09 20:00:00', 122, NULL, NULL, NULL, NULL, NULL, NULL, 'W89-W90'),
(851, 17, 98, NULL, NULL, '2026-07-10 19:00:00', 122, NULL, NULL, NULL, NULL, NULL, NULL, 'W93-W94'),
(852, 17, 99, NULL, NULL, '2026-07-11 21:00:00', 122, NULL, NULL, NULL, NULL, NULL, NULL, 'W91-W92'),
(853, 17, 100, NULL, NULL, '2026-07-12 01:00:00', 122, NULL, NULL, NULL, NULL, NULL, NULL, 'W95-W96'),
(854, 17, 101, NULL, NULL, '2026-07-14 19:00:00', 123, NULL, NULL, NULL, NULL, NULL, NULL, 'W97-W98'),
(855, 17, 102, NULL, NULL, '2026-07-15 19:00:00', 123, NULL, NULL, NULL, NULL, NULL, NULL, 'W99-W100'),
(856, 17, 103, NULL, NULL, '2026-07-18 21:00:00', 124, NULL, NULL, NULL, NULL, NULL, NULL, 'L101-L102'),
(857, 17, 104, NULL, NULL, '2026-07-19 19:00:00', 125, NULL, NULL, NULL, NULL, NULL, NULL, 'W101-W102');

-- --------------------------------------------------------

--
-- Table structure for table `round`
--

CREATE TABLE `round` (
  `round_id` int NOT NULL,
  `event_id` int NOT NULL,
  `name` varchar(50) CHARACTER SET utf8mb4 COLLATE utf8mb4_unicode_ci NOT NULL,
  `is_groupmatch` tinyint(1) NOT NULL COMMENT '1 if the matches belongs to this round are group-matches, 0 otherwise',
  `is_overtime` tinyint(1) DEFAULT NULL COMMENT '0/1 if there is/not overtime in case of non-group-matches belongs to this round, NULL in case of group-matches'
) ENGINE=InnoDB DEFAULT CHARSET=utf8mb4 COLLATE=utf8mb4_unicode_ci;

--
-- Dumping data for table `round`
--

INSERT INTO `round` (`round_id`, `event_id`, `name`, `is_groupmatch`, `is_overtime`) VALUES
(1, 1, '1st round', 1, NULL),
(2, 1, '2nd round', 1, NULL),
(3, 1, '3rd round', 1, NULL),
(4, 1, 'Round of 16', 0, 1),
(5, 1, 'Quarter-finals', 0, 1),
(6, 1, 'Semi-finals', 0, 1),
(7, 1, 'Third place play-off', 0, 1),
(8, 1, 'Final', 0, 1),
(9, 2, '1st round', 1, NULL),
(10, 2, '2nd round', 1, NULL),
(11, 2, '3rd round', 1, NULL),
(12, 2, 'Round of 16', 0, 1),
(13, 2, 'Quarter-finals', 0, 1),
(14, 2, 'Semi-finals', 0, 1),
(15, 2, 'Final', 0, 1),
(16, 3, '1st round', 1, NULL),
(17, 3, '2nd round', 1, NULL),
(18, 3, '3rd round', 1, NULL),
(19, 3, 'Quarter-finals', 0, 1),
(20, 3, 'Semi-finals', 0, 1),
(21, 3, 'Third place play-off', 0, 1),
(22, 3, 'Final', 0, 1),
(23, 4, '1st round', 1, NULL),
(24, 4, '2nd round', 1, NULL),
(25, 4, '3rd round', 1, NULL),
(26, 4, 'Round of 16', 0, 1),
(27, 4, 'Quarter-finals', 0, 1),
(28, 4, 'Semi-finals', 0, 1),
(29, 4, 'Third place play-off', 0, 1),
(30, 4, 'Final', 0, 1),
(31, 5, '1st round', 1, NULL),
(32, 5, '2nd round', 1, NULL),
(33, 5, '3rd round', 1, NULL),
(34, 5, 'Round of 16', 0, 1),
(35, 5, 'Quarter-finals', 0, 1),
(36, 5, 'Semi-finals', 0, 1),
(37, 5, 'Final', 0, 1),
(38, 6, '1st round', 1, NULL),
(39, 6, '2nd round', 1, NULL),
(40, 6, '3rd round', 1, NULL),
(41, 6, 'Quarter-finals', 0, 0),
(42, 6, 'Semi-finals', 0, 1),
(43, 6, 'Third place play-off', 0, 0),
(44, 6, 'Final', 0, 1),
(45, 7, '1st round', 1, NULL),
(46, 7, '2nd round', 1, NULL),
(47, 7, '3rd round', 1, NULL),
(48, 7, 'Round of 16', 0, 1),
(49, 7, 'Quarter-finals', 0, 1),
(50, 7, 'Semi-finals', 0, 1),
(51, 7, 'Third place play-off', 0, 1),
(52, 7, 'Final', 0, 1),
(53, 8, '1st round', 1, NULL),
(54, 8, '2nd round', 1, NULL),
(55, 8, '3rd round', 1, NULL),
(56, 8, 'Round of 16', 0, 1),
(57, 8, 'Quarter-finals', 0, 1),
(58, 8, 'Semi-finals', 0, 1),
(59, 8, 'Final', 0, 1),
(60, 9, 'Preliminary round', 1, NULL),
(61, 9, 'Quarter-finals', 0, 0),
(62, 9, 'Semi-finals', 0, 0),
(63, 9, 'Third place play-off', 0, 0),
(64, 9, 'Final', 0, 1),
(65, 10, '1st round', 1, NULL),
(66, 10, '2nd round', 1, NULL),
(67, 10, '3rd round', 1, NULL),
(68, 10, 'Quarter-finals', 0, 1),
(69, 10, 'Semi-finals', 0, 1),
(70, 10, 'Third place play-off', 0, 1),
(71, 10, 'Final', 0, 1),
(72, 11, '1st round', 1, NULL),
(73, 11, '2nd round', 1, NULL),
(74, 11, '3rd round', 1, NULL),
(75, 11, 'Round of 16', 0, 1),
(76, 11, 'Quarter-finals', 0, 1),
(77, 11, 'Semi-finals', 0, 1),
(78, 11, 'Third place play-off', 0, 1),
(79, 11, 'Final', 0, 1),
(80, 12, '1st round', 1, NULL),
(81, 12, '2nd round', 1, NULL),
(82, 12, '3rd round', 1, NULL),
(83, 12, 'Round of 16', 0, 1),
(84, 12, 'Quarter-finals', 0, 1),
(85, 12, 'Semi-finals', 0, 1),
(86, 12, 'Final', 0, 1),
(87, 13, '1st round', 1, NULL),
(88, 13, '2nd round', 1, NULL),
(89, 13, '3rd round', 1, NULL),
(90, 13, 'Round of 16', 0, 1),
(91, 13, 'Quarter-finals', 0, 1),
(92, 13, 'Semi-finals', 0, 1),
(93, 13, 'Third place play-off', 0, 1),
(94, 13, 'Final', 0, 1),
(95, 14, '1st round', 1, NULL),
(96, 14, '2nd round', 1, NULL),
(97, 14, '3rd round', 1, NULL),
(98, 14, 'Round of 16', 0, 1),
(99, 14, 'Quarter-finals', 0, 1),
(100, 14, 'Semi-finals', 0, 1),
(101, 14, 'Final', 0, 1),
(102, 15, '1st round', 1, NULL),
(103, 15, '2nd round', 1, NULL),
(104, 15, '3rd round', 1, NULL),
(105, 15, 'Quarter-finals', 0, 0),
(106, 15, 'Semi-finals', 0, 0),
(107, 15, 'Third place play-off', 0, 0),
(108, 15, 'Final', 0, 1),
(109, 16, '1st round', 1, NULL),
(110, 16, '2nd round', 1, NULL),
(111, 16, '3rd round', 1, NULL),
(112, 16, 'Round of 16', 0, 1),
(113, 16, 'Quarter-finals', 0, 1),
(114, 16, 'Semi-finals', 0, 1),
(115, 16, 'Third place play-off', 0, 0),
(116, 16, 'Final', 0, 1),
(117, 17, '1st round', 1, NULL),
(118, 17, '2nd round', 1, NULL),
(119, 17, '3rd round', 1, NULL),
(120, 17, 'Round of 32', 0, 1),
(121, 17, 'Round of 16', 0, 1),
(122, 17, 'Quarter-finals', 0, 1),
(123, 17, 'Semi-finals', 0, 1),
(124, 17, 'Third place play-off', 0, 1),
(125, 17, 'Final', 0, 1);

-- --------------------------------------------------------

--
-- Table structure for table `team`
--

CREATE TABLE `team` (
  `team_id` int NOT NULL,
  `event_id` int NOT NULL,
  `name` varchar(50) CHARACTER SET utf8mb4 COLLATE utf8mb4_unicode_ci NOT NULL,
  `flag` varchar(3) CHARACTER SET utf8mb4 COLLATE utf8mb4_unicode_ci NOT NULL,
  `group_id` int NOT NULL,
  `fifa_points` smallint DEFAULT '0',
  `ws_id` int DEFAULT NULL
) ENGINE=InnoDB DEFAULT CHARSET=utf8mb4 COLLATE=utf8mb4_unicode_ci;

--
-- Dumping data for table `team`
--

INSERT INTO `team` (`team_id`, `event_id`, `name`, `flag`, `group_id`, `fifa_points`, `ws_id`) VALUES
(1, 1, 'Algeria', 'ALG', 8, 0, 844),
(2, 1, 'Argentina', 'ARG', 6, 0, 764),
(3, 1, 'Australia', 'AUS', 2, 0, 750),
(4, 1, 'Belgium', 'BEL', 8, 0, 2673),
(5, 1, 'Bosnia and Herzegovina', 'BIH', 6, 0, 2671),
(6, 1, 'Brazil', 'BRA', 1, 0, 753),
(7, 1, 'Cameroon', 'CMR', 1, 0, 845),
(8, 1, 'Chile', 'CHI', 2, 0, 760),
(9, 1, 'Colombia', 'COL', 3, 0, 1469),
(10, 1, 'Costa Rica', 'CRC', 4, 0, 2669),
(11, 1, 'Ivory Coast', 'CIV', 3, 0, 757),
(12, 1, 'Croatia', 'CRO', 1, 0, 146),
(13, 1, 'Ecuador', 'ECU', 5, 0, 2670),
(14, 1, 'England', 'ENG', 4, 0, 755),
(15, 1, 'France', 'FRA', 5, 0, 144),
(16, 1, 'Germany', 'GER', 7, 0, 139),
(17, 1, 'Ghana', 'GHA', 7, 0, 754),
(18, 1, 'Greece', 'GRE', 3, 0, 142),
(19, 1, 'Honduras', 'HON', 5, 0, 765),
(20, 1, 'Iran', 'IRN', 6, 0, 2672),
(21, 1, 'Italy', 'ITA', 4, 0, 145),
(22, 1, 'Japan', 'JPN', 3, 0, 749),
(23, 1, 'South Korea', 'KOR', 8, 0, 751),
(24, 1, 'Mexico', 'MEX', 1, 0, 761),
(25, 1, 'Netherlands', 'NED', 2, 0, 147),
(26, 1, 'Nigeria', 'NGA', 6, 0, 847),
(27, 1, 'Portugal', 'POR', 7, 0, 149),
(28, 1, 'Russia', 'RUS', 8, 0, 150),
(29, 1, 'Spain', 'ESP', 2, 0, 170),
(30, 1, 'Switzerland', 'SUI', 5, 0, 38),
(31, 1, 'Uruguay', 'URU', 4, 0, 849),
(32, 1, 'United States', 'USA', 7, 0, 762),
(33, 2, 'France', 'FRA', 9, 0, 144),
(34, 2, 'Romania', 'ROU', 9, 0, 143),
(35, 2, 'Albania', 'ALB', 9, 0, 2889),
(36, 2, 'Switzerland', 'SUI', 9, 0, 38),
(37, 2, 'England', 'ENG', 10, 0, 755),
(38, 2, 'Russia', 'RUS', 10, 0, 150),
(39, 2, 'Wales', 'WAL', 10, 0, 2939),
(40, 2, 'Slovakia', 'SVK', 10, 0, 763),
(41, 2, 'Germany', 'GER', 11, 0, 139),
(42, 2, 'Ukraine', 'UKR', 11, 0, 2004),
(43, 2, 'Poland', 'POL', 11, 0, 1410),
(44, 2, 'Northern Ireland', 'NIR', 11, 0, 2920),
(45, 2, 'Spain', 'ESP', 12, 0, 170),
(46, 2, 'Czech Republic', 'CZE', 12, 0, 141),
(47, 2, 'Turkey', 'TUR', 12, 0, 153),
(48, 2, 'Croatia', 'CRO', 12, 0, 146),
(49, 2, 'Belgium', 'BEL', 13, 0, 2673),
(50, 2, 'Italy', 'ITA', 13, 0, 145),
(51, 2, 'Republic of Ireland', 'IRL', 13, 0, 2003),
(52, 2, 'Sweden', 'SWE', 13, 0, 151),
(53, 2, 'Portugal', 'POR', 14, 0, 149),
(54, 2, 'Iceland', 'ISL', 14, 0, 1394),
(55, 2, 'Austria', 'AUT', 14, 0, 37),
(56, 2, 'Hungary', 'HUN', 14, 0, 1395),
(57, 3, 'United States', 'USA', 15, 0, 762),
(58, 3, 'Colombia', 'COL', 15, 0, 1469),
(59, 3, 'Costa Rica', 'CRC', 15, 0, 2669),
(60, 3, 'Paraguay', 'PAR', 15, 0, 756),
(61, 3, 'Brazil', 'BRA', 16, 0, 753),
(62, 3, 'Ecuador', 'ECU', 16, 0, 2670),
(63, 3, 'Haiti', 'HAI', 16, 0, NULL),
(64, 3, 'Peru', 'PER', 16, 0, NULL),
(65, 3, 'Mexico', 'MEX', 17, 0, 761),
(66, 3, 'Uruguay', 'URU', 17, 0, 849),
(67, 3, 'Jamaica', 'JAM', 17, 0, NULL),
(68, 3, 'Venezuela', 'VEN', 17, 0, NULL),
(69, 3, 'Argentina', 'ARG', 18, 0, 764),
(70, 3, 'Chile', 'CHI', 18, 0, 760),
(71, 3, 'Panama', 'PAN', 18, 0, NULL),
(72, 3, 'Bolivia', 'BOL', 18, 0, NULL),
(73, 4, 'Egypt', 'EGY', 19, 0, 1392),
(74, 4, 'Argentina', 'ARG', 22, 0, 764),
(75, 4, 'Australia', 'AUS', 21, 0, 750),
(76, 4, 'Belgium', 'BEL', 25, 0, 2673),
(77, 4, 'Brazil', 'BRA', 23, 0, 753),
(78, 4, 'Costa Rica', 'CRC', 23, 0, 2669),
(79, 4, 'Denmark', 'DEN', 21, 0, 758),
(80, 4, 'Germany', 'GER', 24, 0, 139),
(81, 4, 'England', 'ENG', 25, 0, 755),
(82, 4, 'France', 'FRA', 21, 0, 144),
(83, 4, 'Iran', 'IRN', 20, 0, 2672),
(84, 4, 'Iceland', 'ISL', 22, 0, 1394),
(85, 4, 'Japan', 'JPN', 26, 0, 749),
(86, 4, 'Colombia', 'COL', 26, 0, 1469),
(87, 4, 'Croatia', 'CRO', 22, 0, 146),
(88, 4, 'Morocco', 'MAR', 20, 0, 4629),
(89, 4, 'Mexico', 'MEX', 24, 0, 761),
(90, 4, 'Nigeria', 'NGA', 22, 0, 847),
(91, 4, 'Panama', 'PAN', 25, 0, 4631),
(92, 4, 'Peru', 'PER', 21, 0, 3177),
(93, 4, 'Poland', 'POL', 26, 0, 1410),
(94, 4, 'Portugal', 'POR', 20, 0, 149),
(95, 4, 'Russia', 'RUS', 19, 0, 150),
(96, 4, 'Saudi Arabia', 'KSA', 19, 0, 2408),
(97, 4, 'Sweden', 'SWE', 24, 0, 151),
(98, 4, 'Switzerland', 'SUI', 23, 0, 38),
(99, 4, 'Senegal', 'SEN', 26, 0, 4630),
(100, 4, 'Serbia', 'SRB', 23, 0, 1404),
(101, 4, 'Spain', 'ESP', 20, 0, 170),
(102, 4, 'South Korea', 'KOR', 24, 0, 751),
(103, 4, 'Tunisia', 'TUN', 25, 0, 1391),
(104, 4, 'Uruguay', 'URU', 19, 0, 849),
(105, 5, 'Australia', 'AUS', 28, 0, 750),
(106, 5, 'Bahrain', 'BHR', 27, 0, 4914),
(107, 5, 'China', 'CHN', 29, 0, 2864),
(108, 5, 'India', 'IND', 27, 0, 4907),
(109, 5, 'Iraq', 'IRQ', 30, 0, 4911),
(110, 5, 'Iran', 'IRN', 30, 0, 2672),
(111, 5, 'Japan', 'JPN', 32, 0, 749),
(112, 5, 'Yemen', 'YEM', 30, 0, 4916),
(113, 5, 'Jordan', 'JOR', 28, 0, 4915),
(114, 5, 'Qatar', 'QAT', 31, 0, 4912),
(115, 5, 'Kyrgyzstan', 'KGZ', 29, 0, 4903),
(116, 5, 'Lebanon', 'LIB', 31, 0, 4904),
(117, 5, 'North Korea', 'PRK', 31, 0, 752),
(118, 5, 'Oman', 'OMA', 32, 0, 4906),
(119, 5, 'Palestine', 'PLE', 28, 0, 4905),
(120, 5, 'Philippines', 'PHI', 29, 0, 4913),
(121, 5, 'Saudi Arabia', 'KSA', 31, 0, 2408),
(122, 5, 'South Korea', 'KOR', 29, 0, 751),
(123, 5, 'Syria', 'SYR', 28, 0, 4909),
(124, 5, 'Thailand', 'THA', 27, 0, 2865),
(125, 5, 'Turkmenistan', 'TKM', 32, 0, 4917),
(126, 5, 'Uzbekistan', 'UZB', 32, 0, 4910),
(127, 5, 'United Arab Emirates', 'UAE', 27, 0, 4902),
(128, 5, 'Vietnam', 'VIE', 30, 0, 4908),
(129, 6, 'Argentina', 'ARG', 34, 0, 764),
(130, 6, 'Bolivia', 'BOL', 33, 0, 3178),
(131, 6, 'Brazil', 'BRA', 33, 0, 753),
(132, 6, 'Chile', 'CHI', 35, 0, 760),
(133, 6, 'Ecuador', 'ECU', 35, 0, 2670),
(134, 6, 'Japan', 'JPN', 35, 0, 749),
(135, 6, 'Qatar', 'QAT', 34, 0, 4912),
(136, 6, 'Colombia', 'COL', 34, 0, 1469),
(137, 6, 'Paraguay', 'PAR', 34, 0, 756),
(138, 6, 'Peru', 'PER', 33, 0, 3177),
(139, 6, 'Uruguay', 'URU', 35, 0, 849),
(140, 6, 'Venezuela', 'VEN', 33, 0, 3179),
(141, 7, 'Egypt', 'EGY', 36, 0, 4766),
(142, 7, 'Algeria', 'ALG', 38, 0, 844),
(143, 7, 'Angola', 'ANG', 40, 0, 4306),
(144, 7, 'Benin', 'BEN', 41, 0, 4987),
(145, 7, 'Burundi', 'BDI', 37, 0, 5001),
(146, 7, 'Democratic Republic of the Congo', 'COD', 36, 0, 4991),
(147, 7, 'Ivory Coast', 'CIV', 39, 0, 4993),
(148, 7, 'Ghana', 'GHA', 41, 0, 754),
(149, 7, 'Guinea', 'GUI', 37, 0, 4994),
(150, 7, 'Guinea-Bissau', 'GNB', 41, 0, 4997),
(151, 7, 'Cameroon', 'CMR', 41, 0, 845),
(152, 7, 'Kenya', 'KEN', 38, 0, 4990),
(153, 7, 'Madagascar', 'MAD', 37, 0, 4989),
(154, 7, 'Mali', 'MLI', 40, 0, 4992),
(155, 7, 'Morocco', 'MAR', 39, 0, 4629),
(156, 7, 'Mauritania', 'MTN', 40, 0, 4988),
(157, 7, 'Namibia', 'NAM', 39, 0, 4996),
(158, 7, 'Nigeria', 'NGA', 37, 0, 847),
(159, 7, 'Senegal', 'SEN', 38, 0, 4630),
(160, 7, 'Zimbabwe', 'ZIM', 36, 0, 4995),
(161, 7, 'South Africa', 'RSA', 39, 0, 677),
(162, 7, 'Tanzania', 'TAN', 38, 0, 5000),
(163, 7, 'Tunisia', 'TUN', 40, 0, 1391),
(164, 7, 'Uganda', 'UGA', 36, 0, 4986),
(165, 8, 'Belgium', 'BEL', 43, 0, 2673),
(166, 8, 'Denmark', 'DEN', 43, 0, 758),
(167, 8, 'Germany', 'GER', 47, 0, 3196),
(168, 8, 'England', 'ENG', 45, 0, 3197),
(169, 8, 'Finland', 'FIN', 43, 0, 2425),
(170, 8, 'France', 'FRA', 47, 0, 3202),
(171, 8, 'Italy', 'ITA', 42, 0, 3203),
(172, 8, 'Croatia', 'CRO', 45, 0, 146),
(173, 8, 'Netherlands', 'NED', 44, 0, 4353),
(174, 8, 'North Macedonia', 'MKD', 44, 0, 2006),
(175, 8, 'Austria', 'AUT', 44, 0, 4354),
(176, 8, 'Poland', 'POL', 46, 0, 1410),
(177, 8, 'Portugal', 'POR', 47, 0, 3198),
(178, 8, 'Russia', 'RUS', 43, 0, 150),
(179, 8, 'Scotland', 'SCO', 45, 0, 5271),
(180, 8, 'Sweden', 'SWE', 46, 0, 2691),
(181, 8, 'Switzerland', 'SUI', 42, 0, 38),
(182, 8, 'Slovakia', 'SVK', 46, 0, 3201),
(183, 8, 'Spain', 'ESP', 46, 0, 170),
(184, 8, 'Czech Republic', 'CZE', 45, 0, 141),
(185, 8, 'Turkey', 'TUR', 42, 0, 3205),
(186, 8, 'Ukraine', 'UKR', 44, 0, 3204),
(187, 8, 'Hungary', 'HUN', 47, 0, 1395),
(188, 8, 'Wales', 'WAL', 42, 0, 5101),
(189, 9, 'Argentina', 'ARG', 48, 0, 764),
(190, 9, 'Bolivia', 'BOL', 48, 0, 3178),
(191, 9, 'Brazil', 'BRA', 49, 0, 753),
(192, 9, 'Chile', 'CHI', 48, 0, 760),
(193, 9, 'Ecuador', 'ECU', 49, 0, 2670),
(194, 9, 'Colombia', 'COL', 49, 0, 1469),
(195, 9, 'Paraguay', 'PAR', 48, 0, 756),
(196, 9, 'Peru', 'PER', 49, 0, 3177),
(197, 9, 'Uruguay', 'URU', 48, 0, 849),
(198, 9, 'Venezuela', 'VEN', 49, 0, 3179),
(199, 10, 'Algeria', 'ALG', 53, 0, 844),
(200, 10, 'Bahrain', 'BHR', 50, 0, 4914),
(201, 10, 'Egypt', 'EGY', 53, 0, 1392),
(202, 10, 'Iraq', 'IRQ', 50, 0, 4911),
(203, 10, 'Jordan', 'JOR', 52, 0, 4915),
(204, 10, 'Lebanon', 'LBN', 53, 0, 4904),
(205, 10, 'Mauritania', 'MTN', 51, 0, 4988),
(206, 10, 'Morocco', 'MAR', 52, 0, 4629),
(207, 10, 'Oman', 'OMA', 50, 0, 4906),
(208, 10, 'Palestine', 'PLE', 52, 0, 4905),
(209, 10, 'Qatar', 'QAT', 50, 0, 4912),
(210, 10, 'Saudi Arabia', 'KSA', 52, 0, 2408),
(211, 10, 'Sudan', 'SDN', 53, 0, 5657),
(212, 10, 'Syria', 'SYR', 51, 0, 4909),
(213, 10, 'Tunisia', 'TUN', 51, 0, 1391),
(214, 10, 'United Arab Emirates', 'UAE', 51, 0, 4902),
(215, 11, 'Argentina', 'ARG', 56, 0, 5573),
(216, 11, 'Australia', 'AUS', 57, 0, 5580),
(217, 11, 'Belgium', 'BEL', 59, 0, 5587),
(218, 11, 'Brazil', 'BRA', 60, 0, 5591),
(219, 11, 'Costa Rica', 'CRC', 58, 0, 5584),
(220, 11, 'Denmark', 'DEN', 57, 0, 5577),
(221, 11, 'Germany', 'GER', 58, 0, 5581),
(222, 11, 'Ecuador', 'ECU', 54, 0, 5568),
(223, 11, 'England', 'ENG', 55, 0, 5569),
(224, 11, 'France', 'FRA', 57, 0, 5579),
(225, 11, 'Ghana', 'GHA', 61, 0, 5596),
(226, 11, 'Iran', 'IRN', 55, 0, 5570),
(227, 11, 'Japan', 'JPN', 58, 0, 5582),
(228, 11, 'Cameroon', 'CMR', 60, 0, 5590),
(229, 11, 'Canada', 'CAN', 59, 0, 5588),
(230, 11, 'Qatar', 'QAT', 54, 0, 5567),
(231, 11, 'Croatia', 'CRO', 59, 0, 5586),
(232, 11, 'Morocco', 'MAR', 59, 0, 5585),
(233, 11, 'Mexico', 'MEX', 56, 0, 5575),
(234, 11, 'Netherlands', 'NED', 54, 0, 5566),
(235, 11, 'Poland', 'POL', 56, 0, 5576),
(236, 11, 'Portugal', 'POR', 61, 0, 5595),
(237, 11, 'Saudi Arabia', 'KSA', 56, 0, 5574),
(238, 11, 'Switzerland', 'SUI', 60, 0, 5589),
(239, 11, 'Senegal', 'SEN', 54, 0, 5565),
(240, 11, 'Serbia', 'SRB', 60, 0, 5592),
(241, 11, 'Spain', 'ESP', 58, 0, 5583),
(242, 11, 'South Korea', 'KOR', 61, 0, 5594),
(243, 11, 'Tunisia', 'TUN', 57, 0, 5578),
(244, 11, 'Uruguay', 'URU', 61, 0, 5593),
(245, 11, 'United States', 'USA', 55, 0, 5571),
(246, 11, 'Wales', 'WAL', 55, 0, 5572),
(247, 12, 'Australia', 'AUS', 63, 0, 750),
(248, 12, 'Bahrain', 'BHR', 66, 0, 4914),
(249, 12, 'China', 'CHN', 62, 0, 2864),
(250, 12, 'Hong Kong', 'HKG', 64, 0, NULL),
(251, 12, 'India', 'IND', 63, 0, 4907),
(252, 12, 'Indonesia', 'IDN', 65, 0, NULL),
(253, 12, 'Iraq', 'IRQ', 65, 0, 4911),
(254, 12, 'Iran', 'IRN', 64, 0, 2672),
(255, 12, 'Japan', 'JPN', 65, 0, 749),
(256, 12, 'Jordan', 'JOR', 66, 0, 4915),
(257, 12, 'Kyrgyzstan', 'KGZ', 67, 0, 4903),
(258, 12, 'Lebanon', 'LIB', 62, 0, 4904),
(259, 12, 'Malaysia', 'MAS', 66, 0, NULL),
(260, 12, 'Oman', 'OMA', 67, 0, 4906),
(261, 12, 'Palestine', 'PLE', 64, 0, 4905),
(262, 12, 'Qatar', 'QAT', 62, 0, 4912),
(263, 12, 'Saudi Arabia', 'KSA', 67, 0, 2408),
(264, 12, 'South Korea', 'KOR', 66, 0, 751),
(265, 12, 'Syria', 'SYR', 63, 0, 4909),
(266, 12, 'Tajikistan', 'TJK', 62, 0, NULL),
(267, 12, 'Thailand', 'THA', 67, 0, 2865),
(268, 12, 'Uzbekistan', 'UZB', 63, 0, 4910),
(269, 12, 'United Arab Emirates', 'UAE', 64, 0, 4902),
(270, 12, 'Vietnam', 'VIE', 65, 0, 4908),
(271, 13, 'Algeria', 'ALG', 71, 0, 844),
(272, 13, 'Angola', 'ANG', 71, 0, 4306),
(273, 13, 'Burkina Faso', 'BFA', 71, 0, 845),
(274, 13, 'Cameroon', 'CMR', 70, 0, 845),
(275, 13, 'Cape Verde', 'CPV', 69, 0, NULL),
(276, 13, 'Democratic Republic of the Congo', 'COD', 73, 0, 4991),
(277, 13, 'Egypt', 'EGY', 69, 0, 4766),
(278, 13, 'Equatorial Guinea', 'EQG', 68, 0, NULL),
(279, 13, 'Gambia', 'GAM', 70, 0, NULL),
(280, 13, 'Ghana', 'GHA', 69, 0, 754),
(281, 13, 'Guinea', 'GUI', 70, 0, 4994),
(282, 13, 'Guinea-Bissau', 'GNB', 68, 0, 4997),
(283, 13, 'Ivory Coast', 'CIV', 68, 0, 4993),
(284, 13, 'Mali', 'MLI', 72, 0, 4992),
(285, 13, 'Mauritania', 'MTN', 71, 0, 4988),
(286, 13, 'Morocco', 'MAR', 73, 0, 4629),
(287, 13, 'Mozambique', 'MOZ', 69, 0, NULL),
(288, 13, 'Namibia', 'NAM', 72, 0, 4996),
(289, 13, 'Nigeria', 'NGA', 68, 0, 847),
(290, 13, 'Senegal', 'SEN', 70, 0, 4630),
(291, 13, 'South Africa', 'RSA', 72, 0, 677),
(292, 13, 'Tanzania', 'TAN', 73, 0, 5000),
(293, 13, 'Tunisia', 'TUN', 72, 0, 1391),
(294, 13, 'Zambia', 'ZAM', 73, 0, NULL),
(295, 14, 'Albania', 'ALB', 75, 0, 6169),
(296, 14, 'Belgium', 'BEL', 78, 0, 2673),
(297, 14, 'Denmark', 'DEN', 76, 0, 758),
(298, 14, 'Germany', 'GER', 74, 0, 139),
(299, 14, 'England', 'ENG', 76, 0, 755),
(300, 14, 'France', 'FRA', 77, 0, 144),
(301, 14, 'Georgia', 'GEO', 79, 0, 6239),
(302, 14, 'Italy', 'ITA', 75, 0, 145),
(303, 14, 'Croatia', 'CRO', 75, 0, 146),
(304, 14, 'Netherlands', 'NED', 77, 0, 147),
(305, 14, 'Austria', 'AUT', 77, 0, 37),
(306, 14, 'Poland', 'POL', 77, 0, 1410),
(307, 14, 'Portugal', 'POR', 79, 0, 149),
(308, 14, 'Romania', 'ROU', 78, 0, 143),
(309, 14, 'Scotland', 'SCO', 74, 0, 5271),
(310, 14, 'Switzerland', 'SUI', 74, 0, 38),
(311, 14, 'Serbia', 'SRB', 76, 0, 1404),
(312, 14, 'Slovakia', 'SVK', 78, 0, 763),
(313, 14, 'Slovenia', 'SVN', 76, 0, 848),
(314, 14, 'Spain', 'ESP', 75, 0, 170),
(315, 14, 'Czech Republic', 'CZE', 79, 0, 141),
(316, 14, 'Turkey', 'TUR', 79, 0, 153),
(317, 14, 'Ukraine', 'UKR', 78, 0, 3204),
(318, 14, 'Hungary', 'HUN', 74, 0, 1395),
(319, 15, 'Argentina', 'ARG', 80, 0, 764),
(320, 15, 'Bolivia', 'BOL', 82, 0, 3178),
(321, 15, 'Brazil', 'BRA', 83, 0, 753),
(322, 15, 'Chile', 'CHI', 80, 0, 760),
(323, 15, 'Costa Rica', 'CRC', 83, 0, 2669),
(324, 15, 'Ecuador', 'ECU', 81, 0, 2670),
(325, 15, 'Jamaica', 'JAM', 81, 0, 5821),
(326, 15, 'Canada', 'CAN', 80, 0, 1645),
(327, 15, 'Colombia', 'COL', 83, 0, 1469),
(328, 15, 'Mexico', 'MEX', 81, 0, 761),
(329, 15, 'Panama', 'PAN', 82, 0, 4631),
(330, 15, 'Paraguay', 'PAR', 83, 0, 756),
(331, 15, 'Peru', 'PER', 80, 0, 3177),
(332, 15, 'Uruguay', 'URU', 82, 0, 849),
(333, 15, 'United States', 'USA', 82, 0, 762),
(334, 15, 'Venezuela', 'VEN', 81, 0, 3179),
(335, 16, 'Algeria', 'ALG', 88, 0, 844),
(336, 16, 'Angola', 'ANG', 85, 0, 4306),
(337, 16, 'Benin', 'BEN', 87, 0, 4987),
(338, 16, 'Botswana', 'BOT', 87, 0, NULL),
(339, 16, 'Burkina Faso', 'BFA', 88, 0, 845),
(340, 16, 'Cameroon', 'CMR', 89, 0, 845),
(341, 16, 'Comoros', 'COM', 84, 0, NULL),
(342, 16, 'DR Congo', 'COD', 87, 0, 4991),
(343, 16, 'Egypt', 'EGY', 85, 0, 4766),
(344, 16, 'Equatorial Guinea', 'EQG', 88, 0, NULL),
(345, 16, 'Gabon', 'GAB', 89, 0, NULL),
(346, 16, 'Ivory Coast', 'CIV', 89, 0, 4993),
(347, 16, 'Mali', 'MLI', 84, 0, 4992),
(348, 16, 'Morocco', 'MAR', 84, 0, 4629),
(349, 16, 'Mozambique', 'MOZ', 89, 0, NULL),
(350, 16, 'Nigeria', 'NGA', 86, 0, 847),
(351, 16, 'Senegal', 'SEN', 87, 0, 4630),
(352, 16, 'South Africa', 'RSA', 85, 0, 677),
(353, 10, 'Sudan', 'SDN', 88, 0, 5657),
(354, 16, 'Tanzania', 'TAN', 86, 0, 5000),
(355, 16, 'Tunisia', 'TUN', 86, 0, 1391),
(356, 16, 'Uganda', 'UGA', 86, 0, 4986),
(357, 16, 'Zambia', 'ZAM', 84, 0, NULL),
(358, 16, 'Zimbabwe', 'ZIM', 85, 0, 4995),
(359, 17, 'Mexico', 'MEX', 90, 0, 761),
(360, 17, 'South Africa', 'RSA', 90, 0, 677),
(361, 17, 'South Korea', 'KOR', 90, 0, 751),
(362, 17, 'Czech Republic', 'CZE', 90, 0, 141),
(363, 17, 'Canada', 'CAN', 91, 0, 1645),
(364, 17, 'Bosnia and Herzegovina', 'BIH', 91, 0, 2671),
(365, 17, 'Qatar', 'QAT', 91, 0, 4912),
(366, 17, 'Switzerland', 'SUI', 91, 0, 38),
(367, 17, 'Brazil', 'BRA', 92, 0, 753),
(368, 17, 'Morocco', 'MAR', 92, 0, 4629),
(369, 17, 'Haiti', 'HAI', 92, 0, 5820),
(370, 17, 'Scotland', 'SCO', 92, 0, 5271),
(371, 17, 'United States', 'USA', 93, 0, 762),
(372, 17, 'Paraguay', 'PAR', 93, 0, 756),
(373, 17, 'Australia', 'AUS', 93, 0, 750),
(374, 17, 'Turkey', 'TUR', 93, 0, 153),
(375, 17, 'Germany', 'GER', 94, 0, 139),
(376, 17, 'Curacao', 'CUW', 94, 0, 7321),
(377, 17, 'Ivory Coast', 'CIV', 94, 0, 4993),
(378, 17, 'Ecuador', 'ECU', 94, 0, 2670),
(379, 17, 'Netherlands', 'NED', 95, 0, 4353),
(380, 17, 'Japan', 'JPN', 95, 0, 749),
(381, 17, 'Sweden', 'SWE', 95, 0, 151),
(382, 17, 'Tunisia', 'TUN', 95, 0, 1391),
(383, 17, 'Belgium', 'BEL', 96, 0, 2673),
(384, 17, 'Egypt', 'EGY', 96, 0, 4766),
(385, 17, 'Iran', 'IRN', 96, 0, 5570),
(386, 17, 'New Zealand', 'NZL', 96, 0, 2867),
(387, 17, 'Spain', 'ESP', 97, 0, 170),
(388, 17, 'Cape Verde', 'CPV', 97, 0, 6159),
(389, 17, 'Saudi Arabia', 'KSA', 97, 0, 4670),
(390, 17, 'Uruguay', 'URU', 97, 0, 5593),
(391, 17, 'France', 'FRA', 98, 0, 1647),
(392, 17, 'Senegal', 'SEN', 98, 0, 4630),
(393, 17, 'Iraq', 'IRQ', 98, 0, 7434),
(394, 17, 'Norway', 'NOR', 98, 0, 1396),
(395, 17, 'Argentina', 'ARG', 99, 0, 764),
(396, 17, 'Algeria', 'ALG', 99, 0, 7322),
(397, 17, 'Austria', 'AUT', 99, 0, 37),
(398, 17, 'Jordan', 'JOR', 99, 0, 7323),
(399, 17, 'Portugal', 'POR', 100, 0, 3198),
(400, 17, 'Democratic Republic of the Congo', 'COD', 100, 0, 4991),
(401, 17, 'Uzbekistan', 'UZB', 100, 0, 7324),
(402, 17, 'Colombia', 'COL', 100, 0, 1469),
(403, 17, 'England', 'ENG', 101, 0, 755),
(404, 17, 'Croatia', 'CRO', 101, 0, 7325),
(405, 17, 'Ghana', 'GHA', 101, 0, 754),
(406, 17, 'Panama', 'PAN', 101, 0, 4631);

-- --------------------------------------------------------

--
-- Table structure for table `user`
--

CREATE TABLE `user` (
  `user_id` int NOT NULL,
  `full_name` varchar(50) CHARACTER SET utf8mb4 COLLATE utf8mb4_unicode_ci NOT NULL,
  `login_name` varchar(25) CHARACTER SET utf8mb4 COLLATE utf8mb4_unicode_ci NOT NULL,
  `login_password` varchar(128) CHARACTER SET utf8mb4 COLLATE utf8mb4_unicode_ci NOT NULL COMMENT 'Default user''s password is ${login_name}_! Remember to change it!',
  `reset_password` varchar(128) CHARACTER SET utf8mb4 COLLATE utf8mb4_unicode_ci DEFAULT NULL COMMENT 'Temporary password in case of password reset',
  `email_addr` varchar(50) CHARACTER SET utf8mb4 COLLATE utf8mb4_unicode_ci NOT NULL,
  `email_new` varchar(50) CHARACTER SET utf8mb4 COLLATE utf8mb4_unicode_ci DEFAULT NULL,
  `user_status_id` int NOT NULL COMMENT 'USER_STATUS key used in DICTIONARY table',
  `token` varchar(20) CHARACTER SET utf8mb4 COLLATE utf8mb4_unicode_ci NOT NULL,
  `zone_id` varchar(50) CHARACTER SET utf8mb4 COLLATE utf8mb4_unicode_ci NOT NULL COMMENT 'Time zone id',
  `modification_time` datetime NOT NULL COMMENT 'UTC timezone used'
) ENGINE=InnoDB DEFAULT CHARSET=utf8mb4 COLLATE=utf8mb4_unicode_ci;

--
-- Dumping data for table `user`
--

INSERT INTO `user` (`user_id`, `full_name`, `login_name`, `login_password`, `reset_password`, `email_addr`, `email_new`, `user_status_id`, `token`, `zone_id`, `modification_time`) VALUES
(1, 'Administrator', 'admin', '87326fa89d072eb3f575e62350184dc70131fae2645728b278e2c683799a951327fa3bcb06ec7d045c7543edf1c79ab1dc1ec3bacf054e2c1eae39148b9a5c29', NULL, 'worldcup@zematix.hu', NULL, 4, 'IF2YCcPnNulH8UEEkAIP', 'CET', '2014-06-10 12:00:00'),
(2, 'Normal Dummy', 'normal', '3f3786256b7bccf0c6616d23632e2308a3abb498fc6645517d61bde6722e31c5f2afe6f9b4a4a3eea599d7eb6da9422372373dc4547b323b22599ee6555e7ec4', NULL, 'normal.dummy@zematix.hu', NULL, 4, 'IF2YCcPnNulH8UEEkAIS', 'Europe/Budapest', '2014-06-10 12:00:00'),
(3, 'Candidate Dummy', 'candidate', 'f6a2fd6df1ba0d39505a3c3f5f822a7265b36bc8243720745856214af581fe53b122b208a4ebaa6f9a03b0fc6ca08aeea23fb3f8c71ab4a77601cb5a64f14683', NULL, 'candidate.dummy@zematix.hu', NULL, 5, 'IF2YCcPnNulH8UEEkAIQ', 'Europe/Budapest', '2014-06-10 12:00:00'),
(4, 'Locked Dummy', 'locked', 'e4724b0626b8f3b0af1abf98133f4d0dfdbd0a768d4adbeaf2acf6af3d1223b590ba97f2c1b90642db91a61386cbac58b60b3705305c11eb24aea8cf0844f03b', NULL, 'locked.dummy@zematix.hu', NULL, 6, 'IF2YCcPnNulH8UEEkAIR', 'Europe/Budapest', '2014-06-10 12:00:00'),
(5, 'Deprecated Password SHA256 Dummy', 'deprecated_sha256', '3f3786256b7bccf0c6616d23632e2308a3abb498fc6645517d61bde6722e31c5', NULL, 'deprecated_sha256.dummy@zematix.hu', NULL, 4, 'DPTmleKjkvPrzLk9X4xS', 'Europe/Budapest', '2018-11-28 12:00:00');

-- --------------------------------------------------------

--
-- Table structure for table `user_group`
--

CREATE TABLE `user_group` (
  `user_group_id` int NOT NULL,
  `priority` tinyint(1) NOT NULL DEFAULT '2',
  `name` varchar(50) CHARACTER SET utf8mb4 COLLATE utf8mb4_unicode_ci NOT NULL,
  `event_id` int NOT NULL,
  `owner` int NOT NULL,
  `is_public_visible` tinyint(1) NOT NULL,
  `is_public_editable` tinyint(1) NOT NULL
) ENGINE=InnoDB DEFAULT CHARSET=utf8mb4 COLLATE=utf8mb4_unicode_ci;

-- --------------------------------------------------------

--
-- Table structure for table `user_notification`
--

CREATE TABLE `user_notification` (
  `user_notification_id` int NOT NULL,
  `user_id` int NOT NULL,
  `user_notification_key_id` int NOT NULL COMMENT 'USER_NOTIFICATION key used in DICTIONARY table',
  `creation_time` datetime NOT NULL COMMENT 'UTC timezone used ',
  `modification_time` datetime DEFAULT NULL COMMENT 'UTC timezone used',
  `value` varchar(255) CHARACTER SET utf8mb4 COLLATE utf8mb4_unicode_ci DEFAULT NULL
) ENGINE=InnoDB DEFAULT CHARSET=utf8mb4 COLLATE=utf8mb4_unicode_ci;

-- --------------------------------------------------------

--
-- Table structure for table `user_of_event`
--

CREATE TABLE `user_of_event` (
  `user_of_event_id` int NOT NULL,
  `user_id` int NOT NULL,
  `event_id` int NOT NULL,
  `fav_group_team_id` int DEFAULT NULL COMMENT 'Favourite team among the group teams',
  `fav_knockout_team_id` int DEFAULT NULL COMMENT 'Favourite team among the knockout teams'
) ENGINE=InnoDB DEFAULT CHARSET=utf8mb4 COLLATE=utf8mb4_unicode_ci;

-- --------------------------------------------------------

--
-- Table structure for table `user__role`
--

CREATE TABLE `user__role` (
  `user_id` int NOT NULL,
  `role_id` int NOT NULL COMMENT 'ROLE key used in DICTIONARY table'
) ENGINE=InnoDB DEFAULT CHARSET=utf8mb4 COLLATE=utf8mb4_unicode_ci;

--
-- Dumping data for table `user__role`
--

INSERT INTO `user__role` (`user_id`, `role_id`) VALUES
(1, 2),
(2, 3),
(3, 3),
(4, 3),
(5, 3);

-- --------------------------------------------------------

--
-- Table structure for table `user__user_group`
--

CREATE TABLE `user__user_group` (
  `user_id` int NOT NULL,
  `user_group_id` int NOT NULL DEFAULT '1'
) ENGINE=InnoDB DEFAULT CHARSET=utf8mb4 COLLATE=utf8mb4_unicode_ci;

-- --------------------------------------------------------

--
-- Table structure for table `web_service`
--

CREATE TABLE `web_service` (
  `web_service_id` int NOT NULL,
  `event_id` int NOT NULL,
  `priority` tinyint(1) NOT NULL,
  `league_shortcut` varchar(64) CHARACTER SET utf8mb4 COLLATE utf8mb4_unicode_ci NOT NULL,
  `league_saison` varchar(10) CHARACTER SET utf8mb4 COLLATE utf8mb4_unicode_ci NOT NULL,
  `result_normal_label` varchar(64) CHARACTER SET utf8mb4 COLLATE utf8mb4_unicode_ci NOT NULL,
  `result_normal_extra_label` varchar(64) CHARACTER SET utf8mb4 COLLATE utf8mb4_unicode_ci DEFAULT NULL,
  `result_extra_label` varchar(64) CHARACTER SET utf8mb4 COLLATE utf8mb4_unicode_ci NOT NULL,
  `result_penalty_label` varchar(64) CHARACTER SET utf8mb4 COLLATE utf8mb4_unicode_ci DEFAULT NULL
) ENGINE=InnoDB DEFAULT CHARSET=utf8mb4 COLLATE=utf8mb4_unicode_ci;

--
-- Dumping data for table `web_service`
--

INSERT INTO `web_service` (`web_service_id`, `event_id`, `priority`, `league_shortcut`, `league_saison`, `result_normal_label`, `result_normal_extra_label`, `result_extra_label`, `result_penalty_label`) VALUES
(1, 1, 1, 'WM-2014', '2014', 'Endergebnis', NULL, 'nach Verlängerung', 'nach Elfmeterschießen'),
(2, 1, 2, 'wm_brasilien', '2014', 'Endergebnis', NULL, 'Verlängerung', 'Nach Elfmeterschießen'),
(3, 1, 3, 'fifa2014', '2014', 'Endergebnis', 'nach 90 Minuten', 'nach Verlängerung', NULL),
(4, 2, 1, 'EM-2016', '2016', 'Endergebnis', NULL, 'nach Verlängerung', 'nach Elfmeterschießen'),
(5, 2, 2, 'em2016', '2016', 'Endergebnis', NULL, 'nach Verlängerung', 'nach Elfmeterschießen'),
(6, 4, 1, 'fifa18', '2018', 'Endergebnis', NULL, 'n. V.', 'n. E.'),
(7, 4, 2, 'wmrussland', '2018', 'Endergebnis', '90min', 'Verlaengerung', NULL),
(8, 5, 1, 'AFC2019', '2019', 'nach Nachspielzeit', NULL, 'nach Verlängerung', 'nach Elfmeterschießen'),
(9, 6, 1, 'CA2019', '2019', 'nach Nachspielzeit', NULL, 'nach Verlängerung', 'nach Elfmeterschießen'),
(10, 7, 1, 'CAF2019', '2019', 'nach Nachspielzeit', NULL, 'nach Verlängerung', 'nach Elfmeterschießen'),
(11, 8, 1, 'em20', '2020', 'Endergebnis', NULL, 'nach Verlängerung', 'nach Elfmeterscheißen'),
(12, 9, 1, 'CA2021', '2021', 'nach Nachspielzeit', NULL, 'nach Verlängerung', 'nach Elfmeterschießen'),
(13, 10, 1, 'ABC2021', '2021', 'nach Nachspielzeit', NULL, 'nach Verlängerung', 'nach Elfmeterschießen'),
(14, 11, 1, 'wmk', '2022', 'Endergebnis', NULL, 'nach Verlängerung', 'nach Elfmeterschiessen'),
(15, 14, 1, 'em2024', '2024', 'Endergebnis', NULL, 'nach Verlängerung', 'nach Elfmeterscheißen'),
(16, 15, 1, 'CA2024', '2024', 'nach Nachspielzeit', NULL, 'nach Verlängerung', 'nach Elfmeterschießen'),
(17, 17, 1, 'wm26', '2026', 'Endergebnis', NULL, 'nach Verlängerung', 'nach Elfmeterschießen'),
(18, 17, 2, 'wm2026', '2026', 'Endergebnis', NULL, 'nach Verlängerung', 'nach Elfmeterschießen');

--
-- Indexes for dumped tables
--

--
-- Indexes for table `bet`
--
ALTER TABLE `bet`
  ADD PRIMARY KEY (`bet_id`),
  ADD UNIQUE KEY `bet__user_match` (`user_id`,`match_id`),
  ADD KEY `bet__user` (`user_id`),
  ADD KEY `bet__match` (`match_id`),
  ADD KEY `bet__event` (`event_id`);

--
-- Indexes for table `chat`
--
ALTER TABLE `chat`
  ADD PRIMARY KEY (`chat_id`),
  ADD KEY `chat__event` (`event_id`),
  ADD KEY `chat__user` (`user_id`),
  ADD KEY `chat__target_user` (`target_user_id`),
  ADD KEY `chat__user_group` (`user_group_id`);

--
-- Indexes for table `dictionary`
--
ALTER TABLE `dictionary`
  ADD PRIMARY KEY (`dictionary_id`),
  ADD UNIQUE KEY `dictionary__key_value` (`key_`,`value`);

--
-- Indexes for table `event`
--
ALTER TABLE `event`
  ADD PRIMARY KEY (`event_id`),
  ADD UNIQUE KEY `year__short_desc` (`year`,`short_desc`);

--
-- Indexes for table `group_`
--
ALTER TABLE `group_`
  ADD PRIMARY KEY (`group_id`),
  ADD KEY `group__team2` (`team2_id`),
  ADD KEY `group__team1` (`team1_id`),
  ADD KEY `event_id` (`event_id`);

--
-- Indexes for table `match_`
--
ALTER TABLE `match_`
  ADD PRIMARY KEY (`match_id`),
  ADD KEY `match__team1` (`team1_id`),
  ADD KEY `match__round` (`round_id`),
  ADD KEY `match__team2` (`team2_id`),
  ADD KEY `event_id` (`event_id`);

--
-- Indexes for table `round`
--
ALTER TABLE `round`
  ADD PRIMARY KEY (`round_id`),
  ADD KEY `event_id` (`event_id`);

--
-- Indexes for table `team`
--
ALTER TABLE `team`
  ADD PRIMARY KEY (`team_id`),
  ADD KEY `team__group` (`group_id`),
  ADD KEY `event_id` (`event_id`);

--
-- Indexes for table `user`
--
ALTER TABLE `user`
  ADD PRIMARY KEY (`user_id`),
  ADD UNIQUE KEY `login_name` (`login_name`),
  ADD UNIQUE KEY `email_addr` (`email_addr`),
  ADD UNIQUE KEY `token` (`token`),
  ADD KEY `user_status_id` (`user_status_id`);

--
-- Indexes for table `user_group`
--
ALTER TABLE `user_group`
  ADD PRIMARY KEY (`user_group_id`),
  ADD UNIQUE KEY `name__event_id` (`name`,`event_id`),
  ADD KEY `owner` (`owner`),
  ADD KEY `event_id` (`event_id`);

--
-- Indexes for table `user_notification`
--
ALTER TABLE `user_notification`
  ADD PRIMARY KEY (`user_notification_id`),
  ADD UNIQUE KEY `user_id__user_notification_key_id` (`user_id`,`user_notification_key_id`),
  ADD KEY `user_id` (`user_id`),
  ADD KEY `user_notification_key_id` (`user_notification_key_id`);

--
-- Indexes for table `user_of_event`
--
ALTER TABLE `user_of_event`
  ADD PRIMARY KEY (`user_of_event_id`),
  ADD KEY `user_id` (`user_id`),
  ADD KEY `event_id` (`event_id`),
  ADD KEY `fav_group_team_id` (`fav_group_team_id`),
  ADD KEY `fav_knockout_team_id` (`fav_knockout_team_id`);

--
-- Indexes for table `user__role`
--
ALTER TABLE `user__role`
  ADD PRIMARY KEY (`user_id`,`role_id`),
  ADD KEY `role_id` (`role_id`);

--
-- Indexes for table `user__user_group`
--
ALTER TABLE `user__user_group`
  ADD PRIMARY KEY (`user_id`,`user_group_id`),
  ADD KEY `user_group_id` (`user_group_id`);

--
-- Indexes for table `web_service`
--
ALTER TABLE `web_service`
  ADD PRIMARY KEY (`web_service_id`),
  ADD UNIQUE KEY `league_shortcut__league_saison` (`league_shortcut`,`league_saison`),
  ADD KEY `event_id` (`event_id`);

--
-- AUTO_INCREMENT for dumped tables
--

--
-- AUTO_INCREMENT for table `bet`
--
ALTER TABLE `bet`
  MODIFY `bet_id` int NOT NULL AUTO_INCREMENT;

--
-- AUTO_INCREMENT for table `chat`
--
ALTER TABLE `chat`
  MODIFY `chat_id` int NOT NULL AUTO_INCREMENT;

--
-- AUTO_INCREMENT for table `dictionary`
--
ALTER TABLE `dictionary`
  MODIFY `dictionary_id` int NOT NULL AUTO_INCREMENT, AUTO_INCREMENT=549;

--
-- AUTO_INCREMENT for table `event`
--
ALTER TABLE `event`
  MODIFY `event_id` int NOT NULL AUTO_INCREMENT, AUTO_INCREMENT=18;

--
-- AUTO_INCREMENT for table `group_`
--
ALTER TABLE `group_`
  MODIFY `group_id` int NOT NULL AUTO_INCREMENT, AUTO_INCREMENT=102;

--
-- AUTO_INCREMENT for table `match_`
--
ALTER TABLE `match_`
  MODIFY `match_id` int NOT NULL AUTO_INCREMENT, AUTO_INCREMENT=858;

--
-- AUTO_INCREMENT for table `round`
--
ALTER TABLE `round`
  MODIFY `round_id` int NOT NULL AUTO_INCREMENT, AUTO_INCREMENT=126;

--
-- AUTO_INCREMENT for table `team`
--
ALTER TABLE `team`
  MODIFY `team_id` int NOT NULL AUTO_INCREMENT, AUTO_INCREMENT=407;

--
-- AUTO_INCREMENT for table `user`
--
ALTER TABLE `user`
  MODIFY `user_id` int NOT NULL AUTO_INCREMENT, AUTO_INCREMENT=6;

--
-- AUTO_INCREMENT for table `user_group`
--
ALTER TABLE `user_group`
  MODIFY `user_group_id` int NOT NULL AUTO_INCREMENT;

--
-- AUTO_INCREMENT for table `user_notification`
--
ALTER TABLE `user_notification`
  MODIFY `user_notification_id` int NOT NULL AUTO_INCREMENT;

--
-- AUTO_INCREMENT for table `user_of_event`
--
ALTER TABLE `user_of_event`
  MODIFY `user_of_event_id` int NOT NULL AUTO_INCREMENT;

--
-- AUTO_INCREMENT for table `web_service`
--
ALTER TABLE `web_service`
  MODIFY `web_service_id` int NOT NULL AUTO_INCREMENT, AUTO_INCREMENT=19;

--
-- Constraints for dumped tables
--

--
-- Constraints for table `bet`
--
ALTER TABLE `bet`
  ADD CONSTRAINT `bet_ibfk_1` FOREIGN KEY (`user_id`) REFERENCES `user` (`user_id`),
  ADD CONSTRAINT `bet_ibfk_2` FOREIGN KEY (`match_id`) REFERENCES `match_` (`match_id`),
  ADD CONSTRAINT `bet_ibfk_3` FOREIGN KEY (`event_id`) REFERENCES `event` (`event_id`);

--
-- Constraints for table `chat`
--
ALTER TABLE `chat`
  ADD CONSTRAINT `chat_ibfk_1` FOREIGN KEY (`event_id`) REFERENCES `event` (`event_id`),
  ADD CONSTRAINT `chat_ibfk_2` FOREIGN KEY (`user_id`) REFERENCES `user` (`user_id`),
  ADD CONSTRAINT `chat_ibfk_3` FOREIGN KEY (`target_user_id`) REFERENCES `user` (`user_id`),
  ADD CONSTRAINT `chat_ibfk_4` FOREIGN KEY (`user_group_id`) REFERENCES `user_group` (`user_group_id`);

--
-- Constraints for table `group_`
--
ALTER TABLE `group_`
  ADD CONSTRAINT `group_ibfk_1` FOREIGN KEY (`team1_id`) REFERENCES `team` (`team_id`),
  ADD CONSTRAINT `group_ibfk_2` FOREIGN KEY (`team2_id`) REFERENCES `team` (`team_id`),
  ADD CONSTRAINT `group_ibfk_3` FOREIGN KEY (`event_id`) REFERENCES `event` (`event_id`);

--
-- Constraints for table `match_`
--
ALTER TABLE `match_`
  ADD CONSTRAINT `match_ibfk_1` FOREIGN KEY (`team1_id`) REFERENCES `team` (`team_id`),
  ADD CONSTRAINT `match_ibfk_2` FOREIGN KEY (`team2_id`) REFERENCES `team` (`team_id`),
  ADD CONSTRAINT `match_ibfk_3` FOREIGN KEY (`round_id`) REFERENCES `round` (`round_id`),
  ADD CONSTRAINT `match_ibfk_4` FOREIGN KEY (`event_id`) REFERENCES `event` (`event_id`);

--
-- Constraints for table `round`
--
ALTER TABLE `round`
  ADD CONSTRAINT `round_ibfk_1` FOREIGN KEY (`event_id`) REFERENCES `event` (`event_id`);

--
-- Constraints for table `team`
--
ALTER TABLE `team`
  ADD CONSTRAINT `team_ibfk_1` FOREIGN KEY (`group_id`) REFERENCES `group_` (`group_id`),
  ADD CONSTRAINT `team_ibfk_2` FOREIGN KEY (`event_id`) REFERENCES `event` (`event_id`);

--
-- Constraints for table `user`
--
ALTER TABLE `user`
  ADD CONSTRAINT `user_ibfk_1` FOREIGN KEY (`user_status_id`) REFERENCES `dictionary` (`dictionary_id`);

--
-- Constraints for table `user_group`
--
ALTER TABLE `user_group`
  ADD CONSTRAINT `user_group_ibfk_1` FOREIGN KEY (`owner`) REFERENCES `user` (`user_id`),
  ADD CONSTRAINT `user_group_ibfk_2` FOREIGN KEY (`event_id`) REFERENCES `event` (`event_id`);

--
-- Constraints for table `user_notification`
--
ALTER TABLE `user_notification`
  ADD CONSTRAINT `user_notification_ibfk_1` FOREIGN KEY (`user_id`) REFERENCES `user` (`user_id`),
  ADD CONSTRAINT `user_notification_ibfk_2` FOREIGN KEY (`user_notification_key_id`) REFERENCES `dictionary` (`dictionary_id`);

--
-- Constraints for table `user_of_event`
--
ALTER TABLE `user_of_event`
  ADD CONSTRAINT `user_of_event_ibfk_1` FOREIGN KEY (`user_id`) REFERENCES `user` (`user_id`),
  ADD CONSTRAINT `user_of_event_ibfk_2` FOREIGN KEY (`event_id`) REFERENCES `event` (`event_id`),
  ADD CONSTRAINT `user_of_event_ibfk_3` FOREIGN KEY (`fav_group_team_id`) REFERENCES `team` (`team_id`),
  ADD CONSTRAINT `user_of_event_ibfk_4` FOREIGN KEY (`fav_knockout_team_id`) REFERENCES `team` (`team_id`);

--
-- Constraints for table `user__role`
--
ALTER TABLE `user__role`
  ADD CONSTRAINT `user__role_ibfk_1` FOREIGN KEY (`user_id`) REFERENCES `user` (`user_id`),
  ADD CONSTRAINT `user__role_ibfk_2` FOREIGN KEY (`role_id`) REFERENCES `dictionary` (`dictionary_id`);

--
-- Constraints for table `user__user_group`
--
ALTER TABLE `user__user_group`
  ADD CONSTRAINT `user__user_group_ibfk_1` FOREIGN KEY (`user_id`) REFERENCES `user` (`user_id`),
  ADD CONSTRAINT `user__user_group_ibfk_2` FOREIGN KEY (`user_group_id`) REFERENCES `user_group` (`user_group_id`);

--
-- Constraints for table `web_service`
--
ALTER TABLE `web_service`
  ADD CONSTRAINT `web_service_ibfk_1` FOREIGN KEY (`event_id`) REFERENCES `event` (`event_id`);
COMMIT;

/*!40101 SET CHARACTER_SET_CLIENT=@OLD_CHARACTER_SET_CLIENT */;
/*!40101 SET CHARACTER_SET_RESULTS=@OLD_CHARACTER_SET_RESULTS */;
/*!40101 SET COLLATION_CONNECTION=@OLD_COLLATION_CONNECTION */;

