-- phpMyAdmin SQL Dump
-- version 5.0.0
-- https://www.phpmyadmin.net/
--
-- Host: localhost
-- Generation Time: Oct 12, 2022 at 12:47 PM
-- Server version: 8.0.25
-- PHP Version: 7.4.1

SET SQL_MODE = "NO_AUTO_VALUE_ON_ZERO";
SET AUTOCOMMIT = 0;
START TRANSACTION;
SET time_zone = "+00:00";


/*!40101 SET @OLD_CHARACTER_SET_CLIENT=@@CHARACTER_SET_CLIENT */;
/*!40101 SET @OLD_CHARACTER_SET_RESULTS=@@CHARACTER_SET_RESULTS */;
/*!40101 SET @OLD_COLLATION_CONNECTION=@@COLLATION_CONNECTION */;
/*!40101 SET NAMES utf8mb4 */;

--
-- Database: `worldcup`
--

-- --------------------------------------------------------

--
-- Table structure for table `bet`
--

CREATE TABLE `bet` (
  `bet_id` int NOT NULL,
  `event_id` int NOT NULL,
  `user_id` int NOT NULL,
  `match_id` int NOT NULL,
  `goal_normal_by_team1` tinyint NOT NULL,
  `goal_normal_by_team2` tinyint NOT NULL
) ENGINE=InnoDB DEFAULT CHARSET=utf8mb4 COLLATE=utf8mb4_unicode_ci;

--
-- Dumping data for table `bet`
--

INSERT INTO `bet` (`bet_id`, `event_id`, `user_id`, `match_id`, `goal_normal_by_team1`, `goal_normal_by_team2`) VALUES
(1, 1, 6, 1, 2, 2),
(2, 1, 6, 2, 1, 1),
(3, 1, 6, 3, 3, 2),
(4, 1, 6, 4, 2, 1),
(5, 1, 6, 5, 1, 0),
(6, 1, 6, 6, 3, 1),
(7, 1, 6, 7, 3, 3),
(8, 1, 6, 8, 1, 1),
(9, 1, 6, 9, 2, 0),
(10, 1, 6, 10, 3, 0),
(11, 1, 6, 11, 4, 2),
(12, 1, 6, 12, 2, 1),
(13, 1, 6, 13, 0, 1),
(14, 1, 6, 14, 1, 2),
(15, 1, 6, 15, 3, 1),
(16, 1, 6, 16, 3, 2),
(17, 1, 5, 1, 0, 0),
(18, 1, 5, 3, 1, 1),
(19, 1, 5, 2, 2, 0),
(20, 1, 5, 4, 2, 0),
(21, 1, 3, 1, 1, 1),
(22, 1, 3, 2, 2, 0),
(23, 1, 3, 3, 3, 2),
(24, 1, 3, 4, 1, 1),
(25, 1, 3, 5, 1, 0),
(26, 1, 3, 6, 3, 1),
(27, 1, 3, 7, 2, 2),
(28, 1, 3, 8, 1, 1),
(29, 1, 3, 9, 2, 1),
(30, 1, 3, 10, 2, 0),
(31, 1, 3, 11, 2, 1),
(32, 1, 3, 12, 2, 2),
(33, 1, 2, 1, 0, 0),
(34, 1, 4, 1, 2, 2),
(35, 1, 4, 2, 1, 0),
(36, 1, 4, 3, 3, 2),
(37, 1, 4, 4, 2, 0),
(38, 1, 8, 1, 2, 1),
(39, 1, 5, 5, 1, 0),
(40, 1, 5, 6, 2, 1),
(41, 1, 5, 7, 0, 1),
(42, 1, 5, 8, 1, 1),
(43, 1, 2, 2, 2, 1),
(44, 1, 2, 3, 1, 1),
(45, 1, 2, 4, 3, 1),
(46, 1, 8, 2, 2, 0),
(47, 1, 8, 3, 1, 1),
(48, 1, 8, 4, 2, 1),
(49, 1, 8, 5, 0, 1),
(50, 1, 8, 6, 2, 0),
(51, 1, 8, 7, 2, 2),
(52, 1, 8, 8, 1, 3),
(53, 1, 5, 13, 0, 2),
(54, 1, 5, 12, 1, 2),
(55, 1, 5, 11, 2, 0),
(56, 1, 5, 9, 0, 0),
(57, 1, 5, 10, 2, 1),
(58, 1, 5, 14, 1, 2),
(59, 1, 5, 16, 3, 1),
(60, 1, 5, 15, 1, 0),
(61, 1, 2, 6, 2, 0),
(62, 1, 2, 5, 0, 0),
(63, 1, 2, 7, 1, 1),
(64, 1, 7, 5, 1, 2),
(65, 1, 7, 6, 2, 0),
(66, 1, 7, 7, 1, 1),
(67, 1, 7, 8, 2, 3),
(68, 1, 4, 5, 1, 0),
(69, 1, 2, 8, 2, 1),
(70, 1, 4, 6, 3, 0),
(71, 1, 4, 7, 2, 2),
(72, 1, 4, 8, 3, 2),
(73, 1, 4, 9, 3, 1),
(74, 1, 4, 10, 2, 0),
(75, 1, 4, 11, 3, 2),
(76, 1, 4, 12, 2, 2),
(77, 1, 4, 13, 0, 2),
(78, 1, 4, 14, 2, 2),
(79, 1, 4, 15, 3, 1),
(80, 1, 4, 16, 3, 2),
(81, 1, 5, 17, 2, 1),
(82, 1, 2, 9, 2, 1),
(83, 1, 2, 10, 5, 1),
(84, 1, 2, 11, 2, 0),
(85, 1, 8, 10, 2, 1),
(86, 1, 8, 11, 3, 0),
(87, 1, 8, 12, 2, 1),
(88, 1, 8, 13, 0, 1),
(89, 1, 8, 14, 1, 3),
(90, 1, 8, 15, 2, 1),
(91, 1, 8, 17, 3, 1),
(92, 1, 8, 16, 3, 1),
(93, 1, 8, 18, 1, 3),
(94, 1, 8, 19, 1, 2),
(95, 1, 8, 20, 1, 3),
(96, 1, 8, 21, 2, 1),
(97, 1, 8, 22, 1, 3),
(98, 1, 8, 23, 1, 1),
(99, 1, 8, 24, 1, 2),
(100, 1, 8, 25, 2, 1),
(101, 1, 6, 17, 2, 1),
(102, 1, 7, 12, 2, 1),
(103, 1, 3, 13, 0, 1),
(104, 1, 7, 13, 0, 2),
(105, 1, 7, 14, 1, 1),
(106, 1, 7, 15, 2, 0),
(107, 1, 7, 17, 2, 1),
(108, 1, 3, 14, 1, 2),
(109, 1, 3, 15, 2, 0),
(110, 1, 3, 17, 1, 0),
(111, 1, 6, 18, 1, 3),
(112, 1, 6, 19, 3, 2),
(113, 1, 2, 12, 2, 1),
(114, 1, 2, 13, 0, 2),
(115, 1, 2, 14, 1, 1),
(116, 1, 4, 17, 3, 2),
(117, 1, 6, 20, 0, 2),
(118, 1, 6, 21, 2, 1),
(119, 1, 6, 22, 1, 1),
(120, 1, 6, 23, 1, 0),
(121, 1, 6, 24, 2, 1),
(122, 1, 6, 25, 2, 2),
(123, 1, 6, 26, 0, 1),
(124, 1, 6, 27, 3, 0),
(125, 1, 6, 28, 4, 1),
(126, 1, 6, 29, 0, 1),
(127, 1, 6, 30, 2, 1),
(128, 1, 6, 32, 2, 1),
(129, 1, 3, 16, 2, 1),
(130, 1, 2, 15, 2, 0),
(131, 1, 2, 17, 1, 0),
(132, 1, 2, 16, 2, 1),
(133, 1, 7, 16, 3, 0),
(134, 1, 7, 18, 0, 3),
(135, 1, 7, 19, 4, 2),
(136, 1, 7, 20, 1, 2),
(137, 1, 2, 18, 0, 3),
(138, 1, 2, 19, 2, 1),
(139, 1, 2, 20, 0, 1),
(140, 1, 5, 18, 0, 3),
(141, 1, 5, 20, 1, 2),
(142, 1, 5, 19, 2, 1),
(143, 1, 6, 31, 1, 2),
(144, 1, 3, 18, 0, 2),
(145, 1, 3, 19, 2, 1),
(146, 1, 3, 20, 0, 1),
(147, 1, 3, 21, 2, 1),
(148, 1, 3, 22, 1, 1),
(149, 1, 3, 23, 1, 0),
(150, 1, 3, 24, 2, 0),
(151, 1, 3, 25, 2, 2),
(152, 1, 8, 26, 1, 2),
(153, 1, 4, 18, 1, 3),
(154, 1, 4, 19, 2, 3),
(155, 1, 4, 20, 1, 2),
(156, 1, 2, 21, 2, 1),
(157, 1, 2, 22, 2, 2),
(158, 1, 2, 23, 0, 0),
(159, 1, 7, 21, 1, 3),
(160, 1, 7, 22, 2, 2),
(161, 1, 7, 23, 1, 2),
(162, 1, 4, 21, 1, 3),
(163, 1, 4, 22, 1, 1),
(164, 1, 4, 23, 1, 0),
(165, 1, 5, 21, 3, 2),
(166, 1, 5, 23, 1, 1),
(167, 1, 5, 22, 1, 2),
(168, 1, 5, 24, 2, 1),
(169, 1, 5, 25, 1, 3),
(170, 1, 5, 26, 0, 2),
(171, 1, 5, 27, 4, 0),
(172, 1, 5, 29, 1, 0),
(173, 1, 5, 28, 5, 0),
(174, 1, 5, 30, 2, 1),
(175, 1, 5, 32, 2, 1),
(176, 1, 2, 24, 1, 0),
(177, 1, 2, 25, 1, 1),
(178, 1, 2, 26, 1, 2),
(179, 1, 8, 27, 3, 0),
(180, 1, 8, 28, 3, 0),
(181, 1, 7, 24, 2, 1),
(182, 1, 7, 25, 1, 3),
(183, 1, 7, 26, 1, 2),
(184, 1, 8, 29, 1, 1),
(185, 1, 8, 30, 2, 1),
(186, 1, 8, 31, 1, 2),
(187, 1, 8, 32, 3, 1),
(188, 1, 4, 24, 2, 1),
(189, 1, 4, 25, 3, 3),
(190, 1, 4, 26, 0, 1),
(191, 1, 2, 27, 3, 0),
(192, 1, 2, 28, 2, 0),
(193, 1, 2, 29, 1, 1),
(194, 1, 2, 30, 2, 1),
(195, 1, 2, 31, 1, 0),
(196, 1, 2, 32, 0, 1),
(197, 1, 3, 27, 3, 0),
(198, 1, 3, 28, 3, 1),
(199, 1, 3, 29, 0, 2),
(200, 1, 3, 30, 2, 1),
(202, 1, 3, 31, 1, 1),
(203, 1, 7, 27, 4, 0),
(204, 1, 7, 28, 3, 1),
(205, 1, 7, 29, 1, 3),
(206, 1, 7, 30, 2, 2),
(207, 1, 7, 31, 0, 0),
(208, 1, 7, 32, 2, 3),
(209, 1, 4, 27, 3, 0),
(210, 1, 4, 28, 2, 0),
(211, 1, 4, 29, 0, 1),
(212, 1, 5, 31, 1, 1),
(213, 1, 4, 30, 3, 1),
(214, 1, 3, 32, 3, 0),
(215, 1, 8, 33, 2, 1),
(216, 1, 8, 34, 2, 0),
(217, 1, 8, 35, 0, 3),
(218, 1, 8, 36, 2, 3),
(219, 1, 8, 37, 2, 1),
(220, 1, 8, 38, 3, 0),
(221, 1, 8, 39, 0, 2),
(222, 1, 8, 40, 1, 2),
(223, 1, 4, 31, 1, 1),
(224, 1, 4, 32, 0, 2),
(225, 1, 3, 33, 2, 1),
(226, 1, 5, 33, 0, 0),
(227, 1, 5, 34, 1, 3),
(228, 1, 3, 34, 1, 2),
(229, 1, 3, 35, 0, 2),
(230, 1, 3, 37, 2, 2),
(231, 1, 3, 36, 2, 1),
(233, 1, 6, 33, 4, 2),
(234, 1, 6, 34, 1, 2),
(235, 1, 6, 35, 0, 2),
(236, 1, 6, 36, 3, 1),
(237, 1, 4, 33, 2, 2),
(238, 1, 4, 34, 1, 2),
(239, 1, 4, 35, 0, 2),
(240, 1, 4, 36, 3, 0),
(241, 1, 2, 33, 1, 0),
(242, 1, 2, 34, 0, 2),
(243, 1, 2, 35, 0, 2),
(244, 1, 2, 36, 1, 1),
(245, 1, 7, 33, 2, 1),
(246, 1, 7, 34, 0, 4),
(247, 1, 7, 35, 0, 4),
(248, 1, 7, 36, 3, 2),
(249, 1, 7, 37, 2, 2),
(250, 1, 7, 38, 1, 3),
(251, 1, 7, 39, 2, 0),
(252, 1, 7, 40, 1, 3),
(253, 1, 5, 37, 2, 1),
(254, 1, 5, 38, 2, 1),
(255, 1, 5, 39, 0, 3),
(256, 1, 5, 40, 0, 2),
(257, 1, 4, 37, 2, 2),
(258, 1, 4, 38, 3, 0),
(259, 1, 4, 39, 0, 4),
(260, 1, 4, 40, 0, 3),
(261, 1, 3, 38, 2, 0),
(262, 1, 3, 39, 2, 1),
(263, 1, 3, 40, 0, 2),
(264, 1, 2, 37, 0, 1),
(265, 1, 2, 38, 0, 0),
(266, 1, 2, 39, 0, 2),
(267, 1, 2, 40, 0, 2),
(268, 1, 6, 37, 2, 2),
(269, 1, 6, 38, 3, 1),
(270, 1, 6, 39, 1, 3),
(271, 1, 6, 40, 0, 2),
(272, 1, 6, 42, 1, 2),
(273, 1, 6, 41, 1, 2),
(274, 1, 6, 43, 0, 2),
(275, 1, 6, 44, 2, 4),
(276, 1, 6, 45, 2, 1),
(277, 1, 6, 46, 2, 3),
(278, 1, 6, 47, 1, 2),
(279, 1, 6, 48, 3, 1),
(280, 1, 3, 42, 0, 2),
(281, 1, 3, 41, 1, 2),
(282, 1, 4, 42, 0, 0),
(283, 1, 2, 42, 0, 0),
(284, 1, 2, 41, 1, 1),
(285, 1, 2, 43, 0, 1),
(286, 1, 2, 44, 0, 0),
(287, 1, 5, 42, 0, 2),
(288, 1, 5, 41, 1, 3),
(289, 1, 5, 43, 1, 2),
(290, 1, 5, 44, 2, 4),
(291, 1, 4, 41, 1, 3),
(292, 1, 3, 43, 1, 2),
(293, 1, 3, 44, 0, 1),
(294, 1, 3, 45, 2, 1),
(295, 1, 7, 43, 2, 2),
(296, 1, 7, 44, 0, 0),
(297, 1, 7, 45, 4, 0),
(298, 1, 7, 46, 2, 3),
(299, 1, 7, 47, 1, 5),
(300, 1, 7, 48, 2, 2),
(301, 1, 8, 43, 1, 2),
(302, 1, 8, 44, 0, 3),
(303, 1, 8, 45, 1, 2),
(304, 1, 8, 46, 1, 3),
(305, 1, 8, 47, 1, 2),
(306, 1, 8, 48, 2, 1),
(307, 1, 4, 43, 0, 3),
(308, 1, 4, 44, 1, 3),
(309, 1, 4, 45, 1, 3),
(310, 1, 4, 46, 2, 3),
(311, 1, 4, 47, 1, 3),
(312, 1, 4, 48, 2, 2),
(313, 1, 5, 45, 2, 1),
(314, 1, 5, 46, 1, 2),
(315, 1, 5, 47, 1, 3),
(316, 1, 5, 48, 2, 1),
(317, 1, 2, 45, 2, 2),
(318, 1, 2, 46, 1, 2),
(319, 1, 2, 48, 1, 0),
(320, 1, 2, 47, 0, 1),
(321, 1, 3, 46, 1, 1),
(322, 1, 3, 47, 1, 2),
(323, 1, 3, 48, 1, 1),
(325, 1, 7, 49, 3, 1),
(326, 1, 7, 50, 2, 2),
(327, 1, 7, 51, 3, 1),
(328, 1, 7, 52, 2, 2),
(329, 1, 7, 53, 2, 1),
(330, 1, 7, 54, 3, 1),
(331, 1, 7, 55, 3, 2),
(332, 1, 7, 56, 1, 3),
(333, 1, 6, 49, 1, 1),
(334, 1, 6, 50, 2, 1),
(335, 1, 6, 51, 2, 2),
(336, 1, 6, 52, 1, 0),
(337, 1, 6, 53, 2, 1),
(338, 1, 6, 54, 2, 1),
(339, 1, 6, 55, 2, 1),
(340, 1, 6, 56, 2, 1),
(341, 1, 5, 49, 2, 1),
(342, 1, 5, 50, 1, 1),
(343, 1, 2, 50, 2, 0),
(344, 1, 2, 49, 3, 1),
(345, 1, 2, 51, 1, 1),
(346, 1, 2, 52, 1, 2),
(347, 1, 2, 53, 2, 0),
(348, 1, 2, 54, 2, 0),
(349, 1, 2, 55, 2, 1),
(350, 1, 2, 56, 0, 1),
(351, 1, 3, 49, 1, 0),
(352, 1, 3, 50, 2, 0),
(353, 1, 3, 51, 1, 1),
(354, 1, 3, 52, 1, 0),
(355, 1, 3, 53, 1, 0),
(356, 1, 3, 54, 2, 1),
(357, 1, 3, 55, 1, 1),
(358, 1, 3, 56, 0, 1),
(359, 1, 8, 49, 2, 1),
(360, 1, 8, 50, 3, 1),
(361, 1, 8, 51, 1, 1),
(362, 1, 8, 52, 2, 0),
(363, 1, 8, 53, 3, 1),
(364, 1, 8, 54, 3, 0),
(365, 1, 8, 55, 3, 1),
(366, 1, 8, 56, 0, 2),
(367, 1, 4, 49, 2, 2),
(368, 1, 4, 50, 2, 1),
(369, 1, 2, 58, 1, 2),
(370, 1, 5, 51, 1, 0),
(371, 1, 5, 52, 1, 0),
(372, 1, 6, 58, 1, 2),
(373, 1, 7, 58, 2, 2),
(374, 1, 3, 58, 1, 2),
(375, 1, 4, 53, 3, 2),
(376, 1, 4, 54, 3, 1),
(377, 1, 4, 55, 2, 1),
(378, 1, 4, 56, 0, 1),
(379, 1, 4, 52, 1, 0),
(380, 1, 7, 60, 2, 1),
(381, 1, 5, 53, 2, 0),
(382, 1, 5, 54, 1, 0),
(383, 1, 6, 60, 2, 1),
(384, 1, 2, 60, 2, 0),
(385, 1, 2, 57, 1, 1),
(386, 1, 7, 57, 1, 1),
(387, 1, 5, 55, 1, 0),
(388, 1, 5, 56, 1, 1),
(389, 3, 2, 116, 0, 2),
(390, 3, 2, 130, 2, 0),
(391, 3, 2, 131, 3, 0),
(392, 3, 2, 132, 1, 0),
(393, 3, 2, 133, 2, 1),
(394, 2, 2, 65, 2, 0),
(395, 2, 2, 66, 0, 2),
(396, 2, 2, 71, 1, 1),
(397, 2, 2, 72, 1, 1),
(398, 2, 2, 83, 0, 1),
(399, 2, 2, 77, 0, 0),
(400, 2, 2, 78, 2, 0),
(401, 3, 3, 130, 2, 0),
(402, 3, 3, 131, 3, 1),
(403, 3, 3, 132, 2, 1),
(404, 3, 3, 133, 2, 1),
(405, 2, 3, 65, 2, 0),
(406, 2, 3, 66, 0, 3),
(407, 2, 3, 71, 0, 0),
(408, 2, 3, 72, 2, 0),
(409, 2, 3, 83, 1, 1),
(410, 2, 3, 77, 0, 0),
(411, 2, 3, 78, 4, 0),
(412, 3, 4, 130, 1, 0),
(413, 3, 4, 131, 2, 0),
(414, 3, 4, 132, 2, 0),
(415, 3, 4, 133, 3, 0),
(416, 2, 4, 65, 1, 0),
(417, 2, 4, 66, 0, 2),
(418, 2, 4, 71, 1, 1),
(419, 2, 4, 72, 0, 0),
(420, 2, 4, 83, 1, 1),
(421, 2, 4, 77, 0, 0),
(422, 2, 4, 78, 2, 0),
(423, 2, 5, 65, 3, 0),
(424, 2, 5, 66, 0, 2),
(425, 2, 5, 71, 0, 0),
(426, 2, 5, 72, 1, 1),
(427, 2, 5, 83, 1, 3),
(428, 2, 5, 77, 1, 1),
(429, 2, 5, 78, 2, 1),
(430, 3, 5, 130, 3, 1),
(431, 3, 5, 131, 3, 1),
(432, 3, 5, 132, 1, 1),
(433, 3, 5, 133, 1, 1),
(434, 3, 2, 134, 2, 0),
(435, 3, 2, 135, 3, 0),
(436, 2, 3, 84, 1, 0),
(437, 2, 3, 89, 0, 1),
(440, 2, 3, 90, 1, 1),
(441, 3, 3, 134, 1, 0),
(442, 3, 3, 135, 2, 0),
(443, 3, 4, 134, 2, 0),
(444, 3, 4, 135, 2, 0),
(445, 2, 4, 84, 2, 1),
(446, 2, 4, 89, 0, 1),
(447, 2, 4, 90, 0, 0),
(448, 2, 5, 84, 2, 0),
(449, 2, 5, 89, 1, 2),
(450, 2, 5, 90, 0, 1),
(451, 3, 5, 134, 2, 0),
(452, 3, 5, 135, 3, 1),
(453, 2, 3, 95, 0, 0),
(454, 2, 3, 96, 2, 0),
(455, 3, 3, 136, 1, 0),
(456, 3, 3, 137, 1, 0),
(457, 3, 4, 136, 1, 0),
(458, 3, 4, 137, 1, 0),
(459, 2, 4, 95, 0, 0),
(460, 2, 4, 96, 2, 0),
(461, 3, 2, 136, 1, 1),
(462, 3, 2, 137, 1, 0),
(463, 2, 2, 95, 0, 1),
(464, 2, 2, 96, 1, 0),
(465, 2, 5, 95, 1, 0),
(466, 2, 5, 96, 3, 0),
(467, 3, 5, 136, 1, 1),
(468, 3, 5, 137, 1, 0),
(469, 3, 4, 138, 1, 0),
(470, 3, 4, 139, 2, 0),
(471, 2, 4, 73, 0, 0),
(472, 2, 4, 67, 0, 1),
(473, 2, 4, 68, 2, 0),
(474, 3, 2, 138, 1, 0),
(475, 3, 2, 139, 2, 0),
(476, 2, 2, 73, 0, 1),
(477, 2, 2, 67, 0, 0),
(478, 2, 2, 68, 2, 0),
(479, 2, 5, 73, 1, 0),
(480, 2, 5, 67, 0, 1),
(481, 2, 5, 68, 2, 0),
(482, 3, 5, 138, 2, 0),
(483, 3, 5, 139, 3, 0),
(484, 3, 5, 116, 1, 0),
(485, 3, 5, 117, 0, 1),
(486, 3, 5, 118, 0, 1),
(487, 3, 5, 119, 2, 0),
(488, 3, 5, 120, 0, 1),
(489, 3, 5, 121, 1, 1),
(490, 3, 5, 122, 0, 2),
(491, 3, 5, 123, 2, 0),
(492, 3, 4, 116, 1, 0),
(493, 3, 4, 117, 0, 0),
(494, 3, 4, 118, 0, 1),
(495, 3, 4, 119, 2, 0),
(496, 3, 4, 120, 0, 0),
(497, 3, 4, 121, 0, 1),
(498, 3, 4, 122, 0, 1),
(499, 3, 4, 123, 1, 0),
(500, 3, 4, 124, 0, 0),
(501, 3, 4, 125, 1, 0),
(502, 3, 4, 126, 1, 0),
(503, 3, 4, 127, 1, 0),
(504, 3, 4, 128, 1, 0),
(505, 3, 4, 129, 2, 0),
(506, 3, 5, 124, 0, 1),
(507, 3, 5, 125, 1, 0),
(508, 3, 5, 126, 2, 0),
(509, 3, 5, 127, 1, 1),
(510, 3, 5, 128, 2, 1),
(511, 3, 5, 129, 4, 0),
(512, 3, 3, 124, 1, 0),
(513, 3, 3, 125, 2, 0),
(514, 3, 3, 126, 3, 0),
(515, 3, 3, 127, 0, 0),
(516, 3, 3, 128, 2, 0),
(517, 3, 3, 129, 2, 0),
(518, 3, 3, 116, 2, 1),
(519, 3, 3, 117, 1, 0),
(520, 3, 3, 118, 0, 1),
(521, 3, 3, 119, 2, 0),
(522, 3, 3, 120, 0, 0),
(523, 3, 3, 121, 0, 0),
(524, 3, 3, 122, 0, 0),
(525, 3, 3, 123, 2, 1),
(526, 3, 2, 117, 0, 0),
(527, 3, 2, 118, 0, 2),
(528, 3, 2, 119, 1, 1),
(529, 3, 2, 120, 0, 0),
(530, 3, 2, 121, 1, 2),
(531, 3, 2, 122, 0, 1),
(532, 3, 2, 123, 2, 1),
(533, 3, 2, 124, 0, 1),
(534, 3, 2, 125, 1, 0),
(535, 3, 2, 126, 1, 0),
(536, 3, 2, 127, 2, 0),
(537, 3, 2, 128, 1, 0),
(538, 3, 2, 129, 3, 0),
(539, 2, 3, 67, 0, 1),
(540, 2, 3, 68, 2, 0),
(541, 2, 3, 74, 1, 1),
(542, 2, 3, 79, 1, 0),
(543, 2, 3, 80, 2, 0),
(544, 3, 3, 138, 2, 0),
(545, 3, 3, 139, 3, 0),
(546, 2, 4, 74, 2, 0),
(547, 2, 4, 79, 0, 1),
(548, 2, 4, 80, 2, 0),
(549, 2, 2, 74, 1, 1),
(550, 2, 2, 79, 1, 0),
(551, 2, 2, 80, 2, 1),
(552, 2, 5, 74, 1, 1),
(553, 2, 5, 79, 1, 1),
(554, 2, 5, 80, 1, 0),
(555, 3, 4, 140, 1, 1),
(556, 3, 4, 141, 0, 1),
(557, 3, 4, 142, 2, 0),
(558, 3, 4, 143, 1, 1),
(559, 2, 4, 91, 2, 1),
(560, 2, 4, 85, 0, 3),
(561, 2, 4, 86, 2, 0),
(562, 2, 3, 91, 1, 0),
(563, 2, 3, 85, 1, 1),
(564, 2, 3, 86, 2, 1),
(565, 3, 3, 140, 1, 0),
(566, 3, 3, 141, 0, 0),
(567, 2, 2, 91, 1, 0),
(568, 2, 2, 85, 1, 1),
(569, 2, 2, 86, 2, 0),
(570, 3, 2, 140, 2, 1),
(571, 3, 2, 141, 0, 2),
(572, 3, 2, 142, 3, 0),
(573, 3, 2, 143, 1, 1),
(574, 2, 5, 91, 2, 1),
(575, 2, 5, 85, 1, 2),
(576, 2, 5, 86, 2, 0),
(577, 3, 5, 140, 1, 2),
(578, 3, 5, 141, 0, 2),
(579, 3, 5, 142, 3, 1),
(580, 3, 5, 143, 2, 2),
(581, 2, 3, 92, 0, 1),
(582, 2, 3, 97, 0, 1),
(583, 2, 3, 98, 2, 0),
(584, 2, 3, 69, 0, 0),
(585, 2, 3, 70, 1, 2),
(586, 3, 3, 142, 3, 1),
(587, 3, 3, 143, 1, 2),
(588, 2, 2, 92, 1, 1),
(589, 2, 4, 92, 0, 0),
(590, 2, 4, 97, 0, 1),
(591, 2, 2, 97, 1, 1),
(592, 2, 2, 98, 1, 0),
(593, 2, 5, 97, 0, 1),
(594, 2, 5, 98, 2, 0),
(595, 2, 4, 69, 2, 0),
(596, 2, 4, 70, 1, 1),
(597, 2, 4, 75, 0, 0),
(598, 2, 4, 76, 0, 1),
(599, 2, 4, 81, 0, 1),
(600, 2, 4, 82, 0, 2),
(601, 2, 4, 87, 0, 0),
(602, 2, 4, 88, 0, 1),
(603, 2, 4, 99, 0, 0),
(604, 2, 4, 100, 1, 1),
(605, 2, 4, 93, 1, 0),
(606, 2, 4, 94, 1, 2),
(607, 2, 3, 75, 0, 0),
(608, 2, 3, 76, 0, 1),
(609, 2, 3, 81, 0, 1),
(610, 2, 3, 82, 0, 2),
(611, 2, 3, 87, 0, 0),
(612, 2, 3, 88, 1, 1),
(613, 2, 3, 99, 0, 0),
(614, 2, 3, 100, 0, 1),
(615, 2, 3, 93, 1, 0),
(616, 2, 3, 94, 0, 1),
(617, 2, 2, 69, 1, 0),
(618, 2, 2, 70, 1, 1),
(619, 2, 5, 69, 1, 0),
(620, 2, 5, 70, 1, 1),
(621, 2, 5, 75, 0, 1),
(622, 2, 5, 76, 0, 1),
(623, 2, 2, 87, 1, 1),
(624, 2, 2, 88, 1, 1),
(625, 2, 2, 99, 0, 1),
(626, 2, 2, 100, 1, 2),
(627, 2, 2, 93, 1, 0),
(628, 2, 2, 94, 0, 2),
(629, 3, 2, 144, 0, 2),
(630, 3, 2, 145, 1, 2),
(631, 3, 5, 144, 0, 2),
(632, 3, 5, 145, 0, 2),
(633, 2, 5, 99, 1, 1),
(634, 2, 5, 100, 1, 2),
(635, 2, 5, 93, 2, 0),
(636, 2, 5, 94, 0, 1),
(637, 3, 4, 144, 0, 1),
(638, 3, 4, 145, 0, 2),
(639, 3, 3, 144, 0, 1),
(640, 3, 3, 145, 0, 2),
(641, 3, 3, 146, 1, 0),
(642, 3, 3, 147, 1, 0),
(643, 2, 3, 101, 1, 0),
(644, 2, 3, 104, 1, 1),
(645, 2, 3, 105, 2, 1),
(646, 2, 3, 106, 1, 1),
(647, 3, 4, 146, 0, 0),
(648, 3, 4, 147, 2, 1),
(649, 2, 4, 104, 2, 0),
(650, 2, 4, 105, 2, 0),
(651, 2, 4, 106, 1, 1),
(652, 2, 4, 107, 1, 1),
(653, 2, 4, 108, 2, 1),
(654, 2, 4, 101, 0, 0),
(655, 2, 4, 102, 1, 0),
(656, 2, 4, 103, 2, 0),
(662, 3, 5, 146, 0, 2),
(664, 3, 5, 147, 2, 1),
(665, 2, 3, 102, 1, 0),
(666, 2, 5, 104, 2, 0),
(667, 2, 3, 103, 0, 0),
(668, 2, 5, 105, 1, 0),
(670, 2, 5, 106, 1, 3),
(671, 2, 5, 107, 1, 1),
(672, 2, 5, 108, 1, 0),
(673, 2, 2, 101, 0, 1),
(674, 2, 2, 102, 1, 0),
(675, 2, 2, 103, 2, 1),
(676, 2, 2, 104, 2, 0),
(677, 2, 2, 105, 2, 1),
(678, 2, 2, 106, 0, 2),
(679, 2, 2, 107, 1, 0),
(680, 2, 2, 108, 1, 0),
(681, 3, 2, 146, 2, 0),
(682, 3, 2, 147, 2, 0),
(683, 2, 5, 101, 1, 0),
(684, 2, 5, 102, 2, 0),
(685, 2, 5, 103, 2, 2),
(686, 2, 4, 109, 1, 2),
(687, 2, 4, 110, 0, 2),
(688, 2, 4, 111, 1, 1),
(689, 2, 4, 112, 1, 1),
(690, 2, 3, 109, 1, 2),
(691, 2, 3, 110, 1, 1),
(692, 2, 2, 109, 0, 0),
(693, 2, 2, 110, 1, 3),
(694, 2, 2, 111, 0, 1),
(695, 2, 2, 112, 2, 0),
(696, 2, 5, 109, 1, 2),
(697, 2, 5, 110, 1, 3),
(698, 2, 5, 111, 2, 3),
(699, 2, 5, 112, 2, 2),
(700, 2, 3, 111, 1, 1),
(701, 2, 3, 112, 2, 0),
(702, 2, 2, 113, 1, 0),
(703, 2, 2, 114, 1, 1),
(704, 2, 4, 113, 0, 2),
(705, 2, 4, 114, 1, 1),
(706, 2, 3, 113, 1, 1),
(707, 2, 3, 114, 1, 2),
(708, 2, 5, 113, 1, 1),
(709, 2, 5, 114, 1, 2),
(710, 2, 3, 115, 2, 2),
(711, 2, 2, 115, 1, 2),
(712, 2, 5, 115, 1, 1),
(713, 2, 4, 115, 0, 1),
(714, 4, 3, 148, 1, 1),
(715, 4, 2, 148, 2, 0),
(716, 4, 5, 148, 2, 0),
(717, 4, 4, 148, 1, 0),
(718, 4, 2, 149, 1, 1),
(719, 4, 2, 150, 1, 0),
(720, 4, 2, 151, 1, 2),
(721, 4, 4, 149, 0, 0),
(722, 4, 4, 150, 1, 1),
(723, 4, 7, 149, 1, 2),
(724, 4, 7, 150, 1, 1),
(725, 4, 7, 151, 2, 3),
(726, 4, 7, 152, 3, 0),
(727, 4, 7, 153, 3, 1),
(728, 4, 7, 154, 1, 2),
(729, 4, 7, 155, 3, 1),
(730, 4, 7, 156, 1, 1),
(731, 4, 7, 157, 4, 1),
(732, 4, 7, 158, 2, 0),
(733, 4, 7, 159, 1, 0),
(734, 4, 7, 160, 3, 0),
(735, 4, 7, 161, 1, 3),
(736, 4, 7, 162, 3, 1),
(737, 4, 7, 163, 1, 0),
(738, 4, 3, 149, 0, 2),
(739, 4, 3, 150, 0, 0),
(740, 4, 3, 151, 2, 1),
(741, 4, 5, 149, 0, 2),
(742, 4, 5, 151, 1, 1),
(743, 4, 5, 150, 0, 0),
(744, 4, 4, 151, 1, 2),
(745, 4, 2, 153, 1, 0),
(746, 4, 2, 154, 1, 1),
(747, 4, 2, 155, 2, 0),
(748, 4, 2, 156, 1, 0),
(749, 4, 2, 157, 1, 1),
(750, 4, 2, 158, 1, 1),
(751, 4, 2, 159, 2, 1),
(752, 4, 2, 160, 3, 0),
(753, 4, 2, 161, 0, 1),
(754, 4, 2, 162, 1, 0),
(755, 4, 2, 163, 2, 1),
(756, 4, 3, 153, 3, 0),
(757, 4, 3, 154, 1, 1),
(758, 4, 3, 155, 2, 0),
(759, 4, 4, 153, 1, 0),
(760, 4, 4, 154, 0, 2),
(761, 4, 4, 155, 3, 0),
(762, 4, 4, 156, 0, 0),
(763, 4, 4, 157, 2, 0),
(764, 4, 4, 158, 5, 0),
(765, 4, 4, 159, 1, 0),
(766, 4, 4, 160, 4, 0),
(767, 4, 4, 161, 1, 1),
(768, 4, 4, 162, 2, 0),
(769, 4, 4, 163, 1, 1),
(770, 4, 5, 153, 3, 0),
(771, 4, 5, 154, 0, 2),
(772, 4, 5, 155, 1, 1),
(773, 4, 5, 156, 0, 1),
(774, 4, 5, 157, 2, 0),
(775, 4, 5, 158, 2, 1),
(776, 4, 3, 152, 1, 0),
(777, 4, 3, 156, 2, 1),
(778, 4, 3, 157, 2, 0),
(779, 4, 3, 158, 2, 1),
(780, 4, 8, 157, 2, 1),
(781, 4, 8, 158, 1, 1),
(782, 4, 8, 160, 4, 0),
(783, 4, 8, 159, 2, 1),
(784, 4, 3, 159, 1, 0),
(785, 4, 3, 160, 3, 0),
(786, 4, 3, 161, 0, 2),
(787, 4, 5, 160, 3, 0),
(788, 4, 5, 161, 0, 2),
(789, 4, 2, 164, 1, 1),
(790, 4, 4, 164, 2, 1),
(791, 4, 3, 162, 1, 0),
(792, 4, 3, 163, 1, 0),
(793, 4, 3, 164, 1, 1),
(794, 4, 7, 164, 2, 1),
(795, 4, 7, 165, 2, 0),
(796, 4, 7, 166, 2, 0),
(797, 4, 7, 167, 1, 3),
(798, 4, 7, 168, 2, 1),
(799, 4, 5, 162, 2, 0),
(800, 4, 5, 163, 1, 0),
(801, 4, 5, 164, 1, 1),
(802, 4, 5, 165, 3, 0),
(803, 4, 5, 166, 1, 0),
(804, 4, 5, 167, 0, 2),
(805, 4, 7, 169, 1, 0),
(806, 4, 7, 170, 1, 2),
(807, 4, 7, 171, 2, 0),
(808, 4, 7, 172, 0, 2),
(809, 4, 7, 173, 0, 1),
(810, 4, 7, 174, 3, 1),
(811, 4, 7, 175, 0, 2),
(812, 4, 7, 176, 2, 1),
(813, 4, 7, 177, 2, 0),
(814, 4, 8, 163, 3, 1),
(815, 4, 8, 164, 3, 0),
(816, 4, 8, 165, 5, 0),
(817, 4, 8, 166, 3, 1),
(818, 4, 8, 167, 0, 3),
(819, 4, 8, 168, 1, 1),
(820, 4, 8, 169, 3, 1),
(821, 4, 8, 170, 1, 1),
(822, 4, 3, 165, 2, 0),
(823, 4, 3, 166, 2, 0),
(824, 4, 3, 167, 0, 3),
(825, 4, 2, 165, 1, 0),
(826, 4, 2, 166, 2, 0),
(827, 4, 2, 167, 0, 2),
(828, 4, 4, 165, 2, 0),
(829, 4, 4, 166, 1, 0),
(830, 4, 4, 167, 0, 2),
(831, 4, 4, 168, 2, 1),
(832, 4, 4, 169, 1, 0),
(833, 4, 4, 170, 1, 2),
(834, 4, 2, 168, 1, 0),
(835, 4, 2, 169, 1, 0),
(836, 4, 2, 170, 1, 0),
(837, 4, 2, 171, 1, 0),
(838, 4, 2, 172, 0, 1),
(839, 4, 2, 173, 1, 1),
(840, 4, 2, 174, 2, 0),
(841, 4, 2, 175, 0, 1),
(842, 4, 2, 176, 2, 0),
(843, 4, 2, 177, 2, 0),
(844, 4, 2, 178, 0, 1),
(845, 4, 2, 179, 1, 1),
(846, 4, 5, 169, 1, 0),
(847, 4, 5, 171, 1, 0),
(848, 4, 5, 170, 2, 1),
(849, 4, 5, 172, 0, 1),
(850, 4, 5, 173, 1, 1),
(851, 4, 5, 174, 2, 1),
(852, 4, 3, 170, 1, 1),
(853, 4, 3, 171, 2, 1),
(854, 4, 3, 172, 0, 2),
(855, 4, 3, 173, 0, 2),
(856, 4, 4, 171, 1, 0),
(857, 4, 4, 172, 0, 1),
(858, 4, 4, 173, 1, 2),
(859, 4, 4, 174, 2, 1),
(860, 4, 4, 175, 0, 1),
(861, 4, 4, 176, 2, 1),
(862, 4, 4, 177, 2, 1),
(863, 4, 4, 178, 1, 2),
(864, 4, 4, 179, 1, 1),
(865, 4, 7, 178, 0, 1),
(866, 4, 7, 179, 0, 1),
(867, 4, 8, 171, 3, 0),
(868, 4, 8, 172, 1, 1),
(869, 4, 8, 173, 2, 2),
(870, 4, 3, 174, 2, 0),
(871, 4, 3, 175, 0, 2),
(872, 4, 3, 176, 0, 0),
(873, 4, 3, 177, 2, 0),
(874, 4, 3, 178, 1, 1),
(875, 4, 3, 179, 1, 2),
(876, 4, 3, 195, 0, 1),
(877, 4, 5, 175, 0, 2),
(878, 4, 5, 176, 1, 0),
(879, 4, 5, 177, 2, 0),
(880, 4, 5, 178, 0, 1),
(881, 4, 5, 179, 1, 0),
(882, 4, 7, 180, 0, 2),
(883, 4, 7, 181, 0, 2),
(884, 4, 7, 182, 0, 1),
(885, 4, 7, 183, 1, 0),
(886, 4, 7, 184, 1, 1),
(887, 4, 7, 185, 1, 0),
(888, 4, 7, 186, 1, 0),
(889, 4, 7, 187, 0, 2),
(890, 4, 8, 174, 2, 0),
(891, 4, 8, 175, 0, 2),
(892, 4, 8, 176, 2, 1),
(893, 4, 3, 169, 1, 0),
(894, 4, 8, 177, 2, 0),
(895, 4, 8, 178, 2, 4),
(896, 4, 8, 179, 1, 3),
(897, 4, 7, 188, 0, 2),
(898, 4, 7, 189, 2, 1),
(899, 4, 7, 190, 1, 2),
(900, 4, 4, 180, 1, 1),
(901, 4, 4, 181, 1, 2),
(902, 4, 4, 182, 0, 2),
(903, 4, 4, 183, 1, 0),
(904, 4, 4, 184, 1, 1),
(905, 4, 4, 185, 1, 1),
(906, 4, 4, 186, 1, 0),
(907, 4, 4, 187, 0, 2),
(908, 4, 4, 188, 1, 2),
(909, 4, 4, 189, 1, 1),
(910, 4, 4, 190, 0, 1),
(911, 4, 4, 191, 2, 1),
(912, 4, 4, 194, 1, 2),
(913, 4, 4, 195, 1, 2),
(914, 4, 3, 180, 1, 2),
(915, 4, 3, 181, 0, 2),
(916, 4, 5, 180, 1, 1),
(917, 4, 5, 181, 1, 1),
(918, 4, 5, 182, 0, 1),
(919, 4, 5, 183, 1, 0),
(920, 4, 2, 180, 1, 0),
(921, 4, 2, 181, 0, 2),
(922, 4, 2, 182, 0, 1),
(923, 4, 2, 183, 2, 0),
(924, 4, 2, 184, 1, 1),
(925, 4, 2, 185, 1, 1),
(926, 4, 2, 186, 0, 2),
(927, 4, 2, 187, 1, 1),
(928, 4, 2, 188, 0, 2),
(929, 4, 2, 189, 1, 1),
(930, 4, 2, 190, 1, 1),
(931, 4, 2, 191, 1, 0),
(932, 4, 2, 192, 1, 0),
(933, 4, 2, 193, 1, 2),
(934, 4, 2, 194, 0, 0),
(935, 4, 2, 195, 0, 2),
(936, 4, 8, 180, 1, 1),
(937, 4, 8, 181, 0, 2),
(938, 4, 8, 182, 0, 4),
(939, 4, 8, 183, 3, 1),
(940, 4, 3, 184, 1, 2),
(941, 4, 3, 185, 1, 0),
(942, 4, 3, 186, 0, 1),
(943, 4, 3, 187, 1, 2),
(944, 4, 8, 184, 1, 3),
(945, 4, 8, 185, 2, 2),
(946, 4, 8, 186, 1, 3),
(947, 4, 8, 187, 1, 2),
(948, 4, 5, 184, 1, 1),
(949, 4, 5, 185, 2, 0),
(950, 4, 4, 192, 1, 0),
(951, 4, 4, 193, 0, 1),
(952, 4, 5, 186, 0, 1),
(953, 4, 5, 187, 0, 1),
(954, 4, 7, 191, 2, 0),
(955, 4, 3, 188, 1, 2),
(956, 4, 5, 188, 0, 2),
(957, 4, 5, 189, 2, 1),
(958, 4, 8, 188, 0, 3),
(959, 4, 8, 189, 1, 1),
(960, 4, 2, 196, 0, 1),
(961, 4, 8, 190, 1, 2),
(962, 4, 2, 197, 1, 1),
(963, 4, 8, 191, 3, 0),
(964, 4, 2, 198, 2, 1),
(965, 4, 2, 199, 1, 0),
(966, 4, 3, 189, 2, 2),
(967, 4, 7, 192, 2, 0),
(968, 4, 7, 193, 1, 2),
(969, 4, 3, 190, 1, 3),
(970, 4, 7, 194, 1, 1),
(971, 4, 7, 195, 1, 2),
(972, 4, 3, 191, 2, 0),
(973, 4, 5, 190, 0, 1),
(974, 4, 5, 191, 1, 0),
(975, 4, 8, 192, 2, 1),
(976, 4, 8, 193, 2, 3),
(977, 4, 8, 194, 2, 2),
(978, 4, 8, 195, 1, 3),
(979, 4, 3, 192, 1, 1),
(980, 4, 3, 193, 1, 2),
(981, 4, 3, 194, 1, 2),
(982, 4, 5, 194, 1, 1),
(983, 4, 5, 195, 0, 2),
(984, 4, 4, 196, 0, 1),
(985, 4, 4, 197, 1, 1),
(986, 4, 2, 200, 2, 2),
(987, 4, 2, 201, 2, 0),
(988, 4, 2, 202, 1, 1),
(989, 4, 2, 203, 1, 0),
(990, 4, 7, 196, 1, 1),
(991, 4, 7, 197, 2, 1),
(992, 4, 7, 198, 2, 0),
(993, 4, 7, 199, 2, 0),
(994, 4, 3, 196, 1, 2),
(995, 4, 3, 197, 2, 2),
(996, 4, 8, 196, 2, 1),
(997, 4, 8, 197, 2, 1),
(998, 4, 8, 198, 3, 1),
(999, 4, 8, 199, 3, 1),
(1000, 4, 8, 200, 3, 1),
(1001, 4, 8, 201, 4, 0),
(1002, 4, 8, 202, 1, 4),
(1003, 4, 8, 203, 1, 3),
(1004, 4, 5, 196, 1, 1),
(1005, 4, 5, 197, 1, 1),
(1006, 4, 5, 198, 2, 1),
(1007, 4, 4, 198, 99, 99),
(1008, 4, 4, 199, 2, 0),
(1009, 4, 3, 198, 2, 1),
(1010, 4, 3, 199, 2, 0),
(1011, 4, 5, 199, 2, 0),
(1012, 4, 7, 200, 2, 2),
(1013, 4, 7, 201, 3, 1),
(1014, 4, 7, 202, 1, 1),
(1015, 4, 7, 203, 1, 2),
(1016, 4, 2, 204, 1, 1),
(1017, 4, 2, 207, 1, 2),
(1018, 4, 4, 200, 1, 0),
(1019, 4, 4, 201, 1, 0),
(1020, 4, 4, 202, 1, 1),
(1021, 4, 4, 203, 2, 1),
(1022, 4, 5, 200, 1, 0),
(1023, 4, 3, 201, 2, 0),
(1024, 4, 5, 201, 2, 0),
(1025, 4, 5, 202, 1, 1),
(1026, 4, 4, 204, 1, 2),
(1027, 4, 4, 205, 2, 1),
(1028, 4, 3, 202, 1, 1),
(1029, 4, 3, 203, 1, 1),
(1030, 4, 5, 203, 1, 0),
(1031, 4, 2, 205, 1, 2),
(1032, 4, 2, 206, 1, 0),
(1033, 4, 7, 206, 1, 0),
(1034, 4, 7, 207, 1, 2),
(1035, 4, 8, 204, 3, 1),
(1036, 4, 8, 205, 3, 2),
(1037, 4, 8, 206, 0, 2),
(1038, 4, 8, 207, 1, 3),
(1039, 4, 7, 204, 2, 1),
(1040, 4, 7, 205, 1, 2),
(1041, 4, 5, 205, 1, 1),
(1042, 4, 3, 205, 1, 2),
(1043, 4, 3, 206, 1, 0),
(1044, 4, 3, 207, 1, 2),
(1045, 4, 4, 206, 1, 1),
(1046, 4, 4, 207, 1, 2),
(1047, 4, 5, 206, 1, 0),
(1048, 4, 5, 207, 1, 2),
(1049, 4, 4, 208, 1, 1),
(1050, 4, 2, 208, 2, 3),
(1051, 4, 3, 208, 1, 2),
(1052, 4, 2, 209, 1, 1),
(1053, 4, 8, 208, 4, 3),
(1054, 4, 8, 209, 1, 4),
(1055, 4, 4, 209, 1, 2),
(1056, 4, 3, 209, 2, 2),
(1057, 4, 7, 209, 1, 1),
(1058, 4, 7, 208, 1, 2),
(1059, 4, 5, 208, 2, 1),
(1060, 4, 5, 209, 0, 1),
(1061, 4, 7, 211, 2, 1),
(1062, 4, 7, 210, 1, 0),
(1063, 4, 2, 210, 1, 1),
(1064, 4, 2, 211, 0, 1),
(1065, 4, 8, 210, 4, 2),
(1066, 4, 8, 211, 2, 2),
(1067, 4, 3, 210, 2, 1),
(1068, 4, 4, 210, 2, 1),
(1069, 4, 4, 211, 1, 1),
(1070, 4, 3, 211, 1, 1),
(1071, 4, 5, 211, 1, 0),
(1072, 4, 6, 211, 1, 1),
(1073, 5, 2, 212, 2, 0),
(1074, 5, 4, 221, 4, 0),
(1075, 5, 4, 212, 1, 0),
(1076, 5, 4, 213, 2, 1),
(1077, 5, 4, 214, 0, 1),
(1078, 5, 4, 215, 1, 1),
(1079, 5, 4, 216, 2, 0),
(1080, 5, 4, 217, 2, 0),
(1081, 5, 4, 218, 2, 0),
(1082, 5, 4, 219, 1, 1),
(1083, 5, 4, 220, 2, 2),
(1084, 5, 4, 222, 0, 0),
(1085, 5, 4, 223, 1, 0),
(1086, 5, 3, 212, 2, 0),
(1087, 5, 3, 213, 2, 1),
(1088, 5, 8, 212, 2, 1),
(1089, 5, 8, 213, 3, 0),
(1090, 5, 8, 214, 0, 2),
(1091, 5, 8, 215, 1, 1),
(1092, 5, 9, 212, 1, 0),
(1093, 5, 9, 213, 2, 0),
(1094, 5, 9, 214, 0, 0),
(1095, 5, 9, 215, 1, 1),
(1096, 5, 7, 212, 2, 0),
(1097, 5, 7, 213, 3, 1),
(1098, 5, 7, 214, 1, 2),
(1099, 5, 7, 215, 1, 1),
(1100, 5, 3, 214, 1, 1),
(1101, 5, 3, 215, 1, 0),
(1102, 5, 3, 216, 2, 0),
(1103, 5, 3, 217, 3, 0),
(1104, 5, 3, 218, 3, 1),
(1105, 5, 3, 219, 1, 0),
(1106, 5, 3, 220, 2, 1),
(1107, 5, 2, 213, 2, 0),
(1108, 5, 2, 214, 1, 1),
(1109, 5, 2, 215, 2, 0),
(1110, 5, 2, 216, 2, 1),
(1111, 5, 2, 217, 2, 0),
(1112, 5, 2, 218, 1, 0),
(1113, 5, 2, 219, 1, 0),
(1114, 5, 2, 220, 1, 1),
(1115, 5, 2, 221, 3, 0),
(1116, 5, 2, 222, 0, 0),
(1117, 5, 2, 223, 1, 0),
(1118, 5, 7, 217, 2, 1),
(1119, 5, 7, 218, 1, 0),
(1120, 5, 7, 219, 1, 1),
(1121, 5, 7, 220, 1, 0),
(1122, 5, 7, 221, 2, 0),
(1123, 5, 7, 222, 0, 1),
(1124, 5, 7, 223, 1, 0),
(1125, 5, 8, 217, 3, 0),
(1126, 5, 8, 218, 4, 4),
(1127, 5, 8, 219, 2, 4),
(1128, 5, 8, 220, 1, 3),
(1129, 5, 8, 221, 3, 0),
(1130, 5, 8, 222, 4, 1),
(1131, 5, 8, 223, 2, 1),
(1132, 5, 2, 224, 1, 1),
(1133, 5, 3, 221, 3, 0),
(1134, 5, 3, 222, 1, 1),
(1135, 5, 3, 223, 2, 1),
(1136, 5, 3, 224, 0, 0),
(1137, 5, 3, 226, 0, 2),
(1138, 5, 3, 225, 1, 1),
(1140, 5, 9, 222, 2, 1),
(1141, 5, 9, 223, 0, 0),
(1142, 5, 2, 225, 1, 1),
(1143, 5, 2, 226, 1, 1),
(1144, 5, 2, 227, 0, 2),
(1145, 5, 2, 228, 0, 1),
(1146, 5, 2, 229, 1, 1),
(1147, 5, 2, 230, 1, 3),
(1148, 5, 2, 231, 1, 2),
(1149, 5, 2, 232, 0, 2),
(1150, 5, 2, 233, 0, 1),
(1151, 5, 2, 234, 0, 1),
(1152, 5, 2, 235, 0, 2),
(1153, 5, 4, 224, 1, 1),
(1154, 5, 4, 225, 1, 0),
(1155, 5, 4, 226, 3, 0),
(1156, 5, 9, 225, 0, 0),
(1157, 5, 9, 226, 2, 2),
(1158, 5, 7, 225, 2, 0),
(1159, 5, 7, 226, 2, 0),
(1160, 5, 7, 227, 0, 1),
(1161, 5, 7, 228, 0, 1),
(1162, 5, 7, 229, 0, 1),
(1163, 5, 7, 230, 1, 3),
(1164, 5, 7, 231, 0, 3),
(1165, 5, 7, 232, 0, 3),
(1166, 5, 7, 233, 0, 2),
(1167, 5, 7, 234, 1, 2),
(1168, 5, 7, 235, 1, 1),
(1169, 5, 4, 227, 1, 2),
(1170, 5, 4, 228, 0, 1),
(1171, 5, 4, 229, 0, 1),
(1172, 5, 4, 230, 0, 3),
(1173, 5, 3, 227, 0, 1),
(1174, 5, 3, 228, 1, 2),
(1175, 5, 3, 229, 0, 3),
(1176, 5, 3, 230, 0, 2),
(1178, 5, 3, 231, 0, 2),
(1179, 5, 3, 232, 0, 2),
(1180, 5, 9, 227, 0, 0),
(1181, 5, 9, 228, 0, 2),
(1182, 5, 9, 229, 1, 3),
(1183, 5, 9, 230, 1, 1),
(1184, 5, 9, 231, 1, 2),
(1185, 5, 9, 232, 0, 0),
(1186, 5, 4, 231, 1, 1),
(1187, 5, 4, 232, 0, 2),
(1188, 5, 8, 232, 1, 5),
(1189, 5, 8, 233, 4, 3),
(1190, 5, 8, 234, 2, 8),
(1191, 5, 8, 235, 1, 1),
(1192, 5, 9, 233, 1, 0),
(1193, 5, 9, 234, 0, 2),
(1194, 5, 9, 235, 1, 2),
(1195, 5, 3, 233, 1, 2),
(1196, 5, 3, 234, 0, 2),
(1197, 5, 3, 235, 0, 1),
(1198, 5, 8, 236, 2, 1),
(1199, 5, 8, 237, 3, 2),
(1200, 5, 8, 238, 4, 0),
(1201, 5, 8, 239, 5, 4),
(1202, 5, 8, 240, 2, 3),
(1203, 5, 8, 241, 4, 1),
(1204, 5, 8, 242, 2, 2),
(1205, 5, 8, 243, 3, 5),
(1206, 5, 4, 234, 0, 1),
(1207, 5, 4, 235, 0, 1),
(1208, 5, 9, 236, 3, 1),
(1209, 5, 9, 237, 2, 1),
(1210, 5, 4, 236, 1, 0),
(1211, 5, 4, 237, 1, 0),
(1212, 5, 3, 236, 1, 0),
(1213, 5, 3, 237, 0, 1),
(1214, 5, 2, 237, 0, 1),
(1215, 5, 2, 236, 1, 0),
(1216, 5, 2, 238, 2, 0),
(1217, 5, 2, 239, 0, 2),
(1218, 5, 2, 240, 1, 0),
(1219, 5, 2, 241, 1, 0),
(1220, 5, 2, 242, 1, 0),
(1221, 5, 2, 243, 2, 1),
(1222, 5, 2, 244, 1, 0),
(1223, 5, 2, 245, 2, 1),
(1224, 5, 2, 246, 1, 1),
(1225, 5, 2, 247, 0, 0),
(1226, 5, 7, 236, 2, 1),
(1227, 5, 7, 237, 2, 0),
(1228, 5, 7, 238, 3, 0),
(1229, 5, 7, 239, 0, 2),
(1230, 5, 7, 240, 1, 1),
(1231, 5, 7, 241, 1, 0),
(1232, 5, 7, 242, 1, 0),
(1233, 5, 7, 243, 1, 1),
(1234, 5, 7, 244, 1, 0),
(1235, 5, 7, 245, 1, 1),
(1236, 5, 7, 246, 1, 1),
(1237, 5, 7, 247, 2, 0),
(1238, 5, 9, 240, 2, 2),
(1239, 5, 9, 241, 0, 1),
(1240, 5, 9, 238, 0, 0),
(1241, 5, 9, 239, 2, 2),
(1242, 5, 9, 242, 1, 0),
(1243, 5, 9, 243, 3, 1),
(1244, 5, 4, 238, 3, 0),
(1245, 5, 4, 239, 1, 1),
(1246, 5, 4, 240, 0, 0),
(1247, 5, 3, 238, 2, 0),
(1248, 5, 3, 239, 0, 2),
(1249, 5, 4, 241, 0, 0),
(1250, 5, 4, 242, 0, 0),
(1251, 5, 4, 243, 0, 0),
(1252, 5, 3, 240, 2, 0),
(1253, 5, 3, 241, 0, 0),
(1254, 5, 3, 242, 1, 0),
(1255, 5, 3, 243, 2, 1),
(1256, 5, 4, 244, 1, 1),
(1257, 5, 4, 245, 1, 2),
(1258, 5, 4, 246, 2, 1),
(1259, 5, 4, 247, 1, 0),
(1260, 5, 3, 244, 2, 0),
(1261, 5, 3, 245, 2, 1),
(1262, 5, 3, 246, 1, 1),
(1263, 5, 3, 247, 1, 0),
(1264, 5, 8, 246, 3, 2),
(1265, 5, 8, 247, 1, 5),
(1266, 5, 7, 248, 2, 1),
(1267, 5, 7, 249, 1, 2),
(1268, 5, 7, 250, 1, 0),
(1269, 5, 7, 251, 2, 1),
(1270, 5, 7, 252, 2, 0),
(1271, 5, 7, 253, 1, 0),
(1272, 5, 7, 254, 1, 0),
(1273, 5, 7, 255, 2, 1),
(1274, 5, 8, 248, 2, 3),
(1275, 5, 8, 249, 2, 5),
(1276, 5, 8, 250, 2, 1),
(1277, 5, 8, 251, 3, 2),
(1278, 5, 8, 252, 2, 3),
(1279, 5, 8, 253, 3, 2),
(1280, 5, 9, 248, 1, 2),
(1281, 5, 9, 249, 1, 3),
(1282, 5, 9, 250, 1, 1),
(1283, 5, 2, 248, 2, 1),
(1284, 5, 2, 249, 0, 1),
(1285, 5, 2, 250, 2, 0),
(1286, 5, 2, 251, 1, 0),
(1287, 5, 2, 252, 1, 0),
(1288, 5, 2, 253, 2, 0),
(1289, 5, 2, 254, 2, 1),
(1290, 5, 2, 255, 1, 1),
(1291, 5, 9, 251, 2, 2),
(1292, 5, 9, 252, 0, 0),
(1293, 5, 9, 253, 2, 1),
(1294, 5, 4, 248, 1, 0),
(1303, 5, 4, 249, 1, 0),
(1304, 5, 3, 249, 1, 2),
(1305, 5, 4, 250, 1, 0),
(1306, 5, 4, 251, 1, 2),
(1307, 5, 4, 252, 1, 0),
(1308, 5, 4, 253, 1, 0),
(1309, 5, 4, 254, 2, 0),
(1310, 5, 3, 248, 2, 0),
(1311, 5, 4, 255, 1, 1),
(1312, 5, 3, 251, 2, 2),
(1313, 5, 3, 252, 0, 1),
(1314, 5, 3, 253, 2, 0),
(1315, 5, 8, 254, 4, 0),
(1316, 5, 8, 255, 1, 5),
(1317, 5, 8, 256, 2, 3),
(1318, 5, 8, 257, 3, 2),
(1319, 5, 3, 254, 2, 0),
(1320, 5, 3, 255, 2, 1),
(1321, 5, 3, 256, 1, 3),
(1322, 5, 3, 257, 0, 1),
(1323, 5, 3, 259, 1, 1),
(1326, 5, 7, 256, 0, 2),
(1327, 5, 7, 257, 1, 2),
(1328, 5, 7, 259, 1, 1),
(1329, 5, 2, 256, 0, 1),
(1330, 5, 2, 257, 0, 1),
(1331, 5, 2, 258, 1, 1),
(1332, 5, 2, 259, 0, 0),
(1333, 5, 9, 256, 1, 1),
(1334, 5, 9, 257, 1, 0),
(1335, 5, 7, 258, 0, 1),
(1336, 5, 8, 258, 2, 2),
(1337, 5, 8, 259, 2, 6),
(1338, 5, 4, 256, 0, 1),
(1339, 5, 4, 257, 0, 1),
(1340, 5, 4, 258, 1, 1),
(1341, 5, 4, 259, 1, 1),
(1342, 5, 3, 258, 1, 1),
(1343, 5, 9, 258, 1, 0),
(1344, 5, 9, 259, 1, 1),
(1345, 5, 4, 260, 1, 0),
(1346, 5, 3, 260, 1, 1),
(1347, 5, 2, 260, 1, 0),
(1348, 5, 2, 261, 1, 1),
(1349, 5, 9, 260, 2, 2),
(1350, 5, 9, 261, 1, 2),
(1351, 5, 7, 260, 0, 1),
(1352, 5, 7, 261, 2, 1),
(1353, 5, 3, 261, 1, 0),
(1354, 5, 8, 260, 2, 3),
(1355, 5, 8, 261, 1, 1),
(1356, 5, 4, 261, 1, 1),
(1357, 5, 2, 262, 0, 1),
(1358, 5, 3, 262, 1, 1),
(1359, 5, 7, 262, 1, 0),
(1360, 5, 9, 262, 2, 3),
(1361, 5, 4, 262, 1, 0),
(1362, 6, 4, 263, 1, 0),
(1363, 6, 4, 264, 1, 0),
(1364, 6, 2, 264, 1, 1),
(1365, 6, 2, 263, 2, 0),
(1366, 6, 2, 265, 1, 0),
(1367, 6, 2, 266, 0, 0),
(1368, 6, 2, 267, 1, 0),
(1369, 6, 2, 268, 0, 2),
(1370, 7, 3, 289, 2, 0),
(1371, 7, 3, 290, 1, 0),
(1372, 7, 3, 291, 1, 0),
(1373, 7, 3, 292, 1, 0),
(1374, 6, 3, 263, 2, 0),
(1375, 6, 3, 264, 1, 1),
(1376, 6, 3, 265, 2, 0),
(1377, 6, 3, 266, 0, 1),
(1378, 6, 3, 267, 1, 0),
(1379, 6, 3, 268, 0, 0),
(1380, 6, 7, 263, 3, 0),
(1381, 6, 7, 264, 0, 1),
(1382, 6, 5, 263, 3, 1),
(1383, 6, 5, 264, 1, 1),
(1384, 6, 5, 265, 2, 1),
(1385, 6, 5, 266, 1, 1),
(1386, 6, 5, 267, 2, 1),
(1387, 6, 5, 268, 1, 2),
(1388, 7, 4, 289, 2, 0),
(1389, 6, 4, 265, 2, 2),
(1390, 6, 4, 266, 1, 1),
(1391, 6, 4, 267, 1, 0),
(1392, 6, 4, 268, 0, 2),
(1393, 6, 9, 264, 2, 1),
(1394, 6, 7, 265, 2, 0),
(1395, 6, 7, 267, 2, 1),
(1396, 6, 7, 266, 0, 2),
(1397, 6, 7, 268, 1, 0),
(1398, 6, 3, 269, 0, 1),
(1399, 6, 3, 270, 2, 0),
(1400, 6, 3, 271, 1, 1),
(1401, 6, 3, 272, 1, 1),
(1402, 6, 7, 269, 1, 2),
(1403, 6, 7, 270, 2, 0),
(1404, 6, 7, 271, 2, 1),
(1405, 6, 7, 272, 1, 1),
(1406, 6, 8, 268, 2, 1),
(1407, 6, 8, 269, 2, 4),
(1408, 6, 8, 270, 5, 0),
(1409, 6, 8, 271, 3, 2),
(1410, 6, 8, 272, 2, 1),
(1411, 6, 7, 273, 3, 0),
(1412, 6, 7, 274, 0, 2),
(1413, 6, 2, 269, 0, 2),
(1414, 6, 2, 270, 2, 0),
(1415, 6, 2, 271, 2, 1),
(1416, 6, 2, 272, 1, 0),
(1417, 6, 2, 273, 2, 0),
(1418, 6, 2, 274, 0, 2),
(1419, 6, 5, 269, 0, 1),
(1420, 6, 5, 270, 2, 0),
(1421, 6, 4, 269, 0, 1),
(1422, 6, 4, 270, 2, 0),
(1423, 7, 2, 289, 2, 0),
(1424, 7, 2, 291, 3, 0),
(1425, 7, 2, 290, 1, 0),
(1426, 7, 2, 292, 2, 0),
(1427, 6, 4, 271, 2, 1),
(1428, 6, 4, 272, 1, 0),
(1429, 6, 4, 273, 3, 0),
(1430, 6, 4, 274, 0, 3),
(1431, 7, 4, 324, 99, 99),
(1432, 6, 5, 271, 2, 0),
(1433, 6, 5, 272, 1, 1),
(1434, 6, 5, 273, 3, 0),
(1435, 6, 5, 274, 0, 3),
(1436, 6, 3, 273, 3, 0),
(1437, 6, 3, 274, 1, 2),
(1438, 7, 2, 293, 2, 0),
(1439, 7, 2, 294, 3, 0),
(1440, 7, 2, 295, 2, 0),
(1441, 7, 2, 296, 1, 0),
(1442, 7, 2, 297, 2, 0),
(1443, 7, 2, 298, 1, 0),
(1444, 7, 2, 299, 2, 0),
(1445, 7, 2, 300, 2, 0),
(1446, 7, 7, 290, 1, 1),
(1447, 7, 7, 289, 3, 1),
(1448, 7, 7, 291, 2, 1),
(1449, 7, 7, 292, 2, 1),
(1450, 6, 7, 275, 0, 3),
(1451, 6, 7, 276, 0, 2),
(1452, 6, 3, 275, 1, 2),
(1453, 6, 3, 276, 0, 1),
(1454, 6, 8, 274, 1, 4),
(1455, 6, 8, 275, 1, 5),
(1456, 6, 8, 276, 1, 2),
(1457, 7, 8, 289, 4, 1),
(1458, 7, 8, 290, 2, 1),
(1459, 7, 8, 291, 4, 1),
(1460, 7, 8, 292, 3, 0),
(1461, 6, 2, 275, 1, 2),
(1462, 6, 2, 276, 0, 0),
(1463, 6, 2, 277, 1, 2),
(1464, 6, 2, 278, 1, 1),
(1465, 6, 2, 279, 1, 1),
(1466, 6, 2, 280, 1, 2),
(1467, 6, 3, 277, 1, 1),
(1468, 6, 3, 278, 2, 1),
(1469, 6, 4, 275, 0, 0),
(1470, 6, 5, 275, 1, 2),
(1471, 6, 4, 276, 1, 0),
(1472, 6, 5, 276, 0, 3),
(1473, 7, 3, 293, 2, 0),
(1474, 7, 3, 294, 1, 1),
(1475, 7, 3, 295, 0, 0),
(1476, 7, 3, 296, 2, 1),
(1477, 6, 3, 279, 0, 2),
(1478, 6, 3, 280, 1, 0),
(1479, 6, 7, 277, 2, 2),
(1480, 6, 7, 278, 2, 0),
(1481, 6, 5, 277, 1, 3),
(1482, 6, 5, 278, 3, 1),
(1483, 6, 4, 277, 1, 1),
(1484, 6, 4, 278, 2, 0),
(1485, 6, 2, 282, 0, 1),
(1486, 7, 3, 297, 1, 0),
(1487, 6, 7, 280, 0, 1),
(1488, 6, 7, 279, 2, 2),
(1489, 6, 7, 282, 1, 2),
(1490, 7, 8, 296, 2, 1),
(1491, 7, 8, 297, 3, 2),
(1492, 7, 8, 298, 2, 1),
(1493, 7, 8, 299, 4, 2),
(1494, 7, 8, 300, 3, 1),
(1495, 6, 8, 279, 2, 4),
(1496, 6, 8, 280, 1, 3),
(1497, 6, 4, 279, 0, 0),
(1498, 6, 4, 280, 0, 1),
(1499, 6, 5, 279, 1, 1),
(1500, 7, 3, 298, 0, 0),
(1501, 6, 5, 280, 1, 0),
(1502, 7, 3, 299, 2, 0),
(1503, 7, 3, 300, 1, 0),
(1504, 6, 2, 281, 2, 0),
(1505, 6, 2, 283, 1, 1),
(1506, 6, 2, 284, 2, 1),
(1507, 6, 7, 281, 2, 0),
(1508, 6, 7, 283, 2, 1),
(1509, 6, 7, 284, 3, 1),
(1510, 7, 2, 301, 1, 0),
(1511, 7, 2, 302, 1, 1),
(1512, 7, 2, 303, 1, 0),
(1513, 7, 8, 301, 3, 2),
(1514, 7, 8, 302, 2, 0),
(1515, 7, 8, 303, 4, 1),
(1516, 7, 8, 304, 2, 2),
(1517, 7, 8, 305, 1, 2),
(1518, 7, 8, 306, 1, 2),
(1519, 6, 8, 281, 2, 1),
(1520, 6, 8, 282, 0, 4),
(1521, 7, 3, 301, 1, 1),
(1522, 7, 3, 302, 1, 0),
(1523, 7, 3, 303, 2, 0),
(1524, 6, 3, 281, 2, 0),
(1525, 7, 2, 304, 0, 0),
(1526, 7, 2, 305, 1, 1),
(1527, 7, 2, 306, 1, 0),
(1528, 7, 2, 307, 1, 0),
(1529, 7, 2, 308, 1, 1),
(1530, 7, 2, 309, 1, 0),
(1531, 7, 2, 310, 0, 2),
(1532, 7, 2, 311, 1, 0),
(1533, 7, 2, 312, 1, 1),
(1534, 7, 3, 306, 1, 0),
(1535, 7, 3, 307, 1, 1),
(1536, 7, 3, 308, 1, 2),
(1537, 7, 3, 309, 1, 0),
(1538, 7, 3, 310, 0, 0),
(1539, 7, 3, 311, 1, 1),
(1540, 7, 3, 312, 0, 0),
(1541, 6, 4, 282, 0, 1),
(1542, 6, 4, 283, 0, 0),
(1543, 6, 4, 284, 1, 0),
(1544, 6, 4, 281, 1, 0),
(1545, 6, 5, 281, 2, 1),
(1546, 6, 3, 282, 0, 1),
(1547, 6, 3, 283, 1, 1),
(1548, 6, 3, 284, 1, 0),
(1549, 6, 5, 283, 2, 1),
(1550, 6, 5, 284, 2, 0),
(1551, 6, 3, 285, 1, 1),
(1552, 7, 2, 313, 0, 1),
(1553, 7, 2, 314, 0, 1),
(1554, 7, 2, 315, 0, 0),
(1555, 7, 2, 316, 0, 1),
(1556, 7, 2, 317, 0, 0),
(1557, 7, 2, 318, 0, 1),
(1558, 7, 2, 319, 0, 0),
(1559, 7, 2, 320, 0, 2),
(1560, 7, 2, 321, 0, 1),
(1561, 7, 2, 322, 0, 1),
(1562, 7, 2, 323, 0, 1),
(1563, 7, 2, 324, 0, 0),
(1564, 7, 3, 313, 0, 1),
(1565, 7, 8, 313, 1, 2),
(1566, 7, 8, 314, 2, 3),
(1567, 7, 8, 315, 1, 4),
(1568, 7, 8, 317, 3, 2),
(1569, 7, 8, 318, 2, 3),
(1570, 7, 8, 319, 1, 1),
(1571, 7, 8, 316, 2, 1),
(1572, 7, 8, 320, 1, 4),
(1573, 6, 8, 285, 2, 1),
(1574, 6, 8, 286, 2, 0),
(1575, 7, 3, 314, 0, 1),
(1576, 7, 3, 315, 0, 1),
(1577, 7, 3, 316, 0, 1),
(1578, 6, 5, 286, 1, 0),
(1579, 6, 5, 285, 0, 2),
(1580, 6, 7, 285, 1, 0),
(1581, 6, 7, 286, 1, 0),
(1582, 7, 3, 319, 0, 0),
(1583, 7, 3, 320, 0, 0),
(1584, 7, 3, 321, 0, 1),
(1585, 7, 3, 322, 1, 2),
(1586, 6, 4, 286, 1, 0),
(1587, 6, 4, 285, 1, 1),
(1588, 7, 8, 321, 0, 2),
(1589, 7, 8, 322, 1, 4),
(1590, 7, 8, 323, 0, 2),
(1591, 7, 8, 324, 2, 2),
(1592, 7, 2, 325, 1, 0),
(1593, 7, 2, 326, 0, 1),
(1594, 7, 2, 327, 1, 1),
(1595, 7, 2, 328, 2, 0),
(1596, 7, 2, 329, 1, 1),
(1597, 7, 2, 330, 1, 0),
(1598, 7, 2, 331, 1, 1),
(1599, 7, 2, 332, 1, 0),
(1600, 6, 2, 286, 2, 0),
(1601, 6, 3, 286, 2, 1),
(1602, 6, 3, 287, 2, 0),
(1603, 6, 3, 288, 2, 1),
(1604, 7, 3, 325, 2, 0),
(1605, 7, 3, 326, 0, 1),
(1606, 7, 3, 327, 1, 1),
(1607, 7, 3, 328, 2, 1),
(1608, 7, 3, 329, 1, 2),
(1609, 7, 3, 330, 1, 1),
(1610, 7, 3, 331, 1, 1),
(1611, 7, 3, 332, 2, 1),
(1612, 7, 8, 325, 3, 0),
(1613, 7, 8, 326, 2, 1),
(1614, 7, 8, 327, 3, 2),
(1615, 7, 8, 328, 1, 1),
(1616, 6, 8, 287, 3, 1),
(1617, 6, 8, 288, 4, 1),
(1618, 6, 2, 287, 0, 0),
(1619, 6, 2, 288, 1, 2),
(1620, 6, 7, 287, 1, 2),
(1621, 6, 7, 288, 2, 1),
(1622, 6, 4, 287, 0, 0),
(1623, 6, 4, 288, 1, 0),
(1624, 7, 4, 333, 0, 0),
(1625, 6, 5, 288, 2, 0),
(1626, 7, 3, 333, 1, 1),
(1627, 7, 3, 334, 1, 1),
(1628, 7, 3, 335, 2, 1),
(1629, 7, 3, 336, 0, 0),
(1630, 7, 2, 333, 1, 0),
(1631, 7, 2, 334, 1, 0),
(1632, 7, 2, 335, 0, 0),
(1633, 7, 2, 336, 0, 0),
(1634, 7, 2, 338, 1, 1),
(1635, 7, 2, 337, 1, 1),
(1636, 7, 3, 337, 1, 1),
(1637, 7, 3, 338, 2, 1),
(1638, 7, 2, 339, 1, 0),
(1639, 7, 2, 340, 1, 1),
(1640, 7, 3, 339, 2, 1),
(1641, 7, 3, 340, 2, 2),
(1642, 8, 3, 341, 1, 3),
(1643, 8, 3, 342, 1, 1),
(1644, 8, 3, 343, 1, 2),
(1645, 8, 3, 344, 1, 0),
(1646, 9, 3, 392, 3, 0),
(1647, 9, 3, 393, 1, 1),
(1648, 9, 3, 394, 3, 2),
(1649, 8, 2, 341, 0, 1),
(1650, 8, 2, 342, 1, 1),
(1651, 8, 2, 343, 2, 0),
(1652, 8, 2, 344, 1, 0),
(1653, 8, 2, 345, 2, 1),
(1654, 8, 2, 346, 2, 0),
(1655, 8, 2, 347, 2, 0),
(1656, 9, 8, 392, 2, 1),
(1657, 9, 8, 393, 3, 2),
(1658, 9, 8, 394, 2, 3),
(1659, 9, 2, 392, 2, 0),
(1660, 9, 2, 393, 1, 0),
(1661, 9, 2, 394, 1, 1),
(1662, 9, 9, 392, 3, 2),
(1663, 9, 9, 393, 1, 4),
(1664, 9, 9, 394, 0, 0),
(1665, 8, 4, 341, 0, 1),
(1668, 8, 4, 342, 1, 1),
(1669, 8, 4, 343, 2, 1),
(1670, 8, 4, 344, 3, 1),
(1671, 9, 4, 392, 3, 0),
(1672, 8, 7, 341, 0, 1),
(1673, 8, 7, 342, 1, 2),
(1674, 8, 7, 343, 2, 1),
(1675, 8, 7, 344, 2, 0),
(1676, 8, 7, 345, 1, 2),
(1677, 8, 7, 346, 1, 0),
(1678, 8, 7, 347, 2, 0),
(1679, 9, 7, 392, 3, 0),
(1680, 9, 7, 393, 2, 1),
(1681, 9, 7, 394, 3, 1),
(1682, 9, 7, 395, 2, 0),
(1683, 8, 7, 351, 0, 3),
(1684, 8, 7, 350, 2, 0),
(1685, 8, 7, 349, 1, 0),
(1686, 8, 7, 348, 1, 1),
(1687, 8, 7, 352, 2, 1),
(1688, 8, 4, 351, 0, 3),
(1689, 8, 4, 362, 0, 3),
(1690, 8, 4, 376, 3, 0),
(1691, 8, 5, 341, 0, 2),
(1692, 8, 5, 342, 0, 1),
(1693, 8, 5, 343, 1, 0),
(1694, 8, 5, 345, 0, 0),
(1695, 8, 5, 344, 1, 0),
(1696, 8, 5, 346, 2, 0),
(1697, 8, 5, 347, 2, 0),
(1698, 8, 5, 348, 0, 0),
(1699, 8, 5, 349, 0, 0),
(1700, 8, 5, 350, 2, 1),
(1701, 8, 5, 351, 0, 2),
(1702, 8, 5, 352, 0, 0),
(1703, 8, 2, 348, 1, 1),
(1704, 8, 2, 349, 2, 1),
(1705, 8, 2, 350, 2, 0),
(1706, 8, 2, 351, 1, 2),
(1707, 8, 2, 352, 2, 2),
(1708, 9, 2, 395, 1, 0),
(1709, 9, 2, 396, 2, 0),
(1710, 9, 2, 397, 3, 0),
(1711, 9, 2, 398, 2, 0),
(1712, 9, 2, 399, 1, 0),
(1713, 9, 2, 400, 0, 1),
(1714, 9, 2, 401, 2, 0),
(1715, 9, 2, 402, 1, 1),
(1716, 9, 2, 403, 1, 0),
(1717, 9, 2, 404, 1, 1),
(1718, 9, 2, 405, 3, 1),
(1719, 9, 2, 406, 0, 1),
(1720, 9, 2, 407, 1, 0),
(1721, 9, 2, 408, 3, 0),
(1722, 9, 2, 409, 0, 1),
(1723, 9, 2, 410, 0, 2),
(1724, 9, 2, 411, 1, 0),
(1725, 8, 4, 345, 1, 0),
(1726, 8, 4, 346, 2, 0),
(1727, 8, 4, 347, 2, 0),
(1728, 8, 3, 345, 3, 2),
(1729, 8, 3, 346, 1, 0),
(1730, 8, 3, 347, 3, 1),
(1731, 8, 3, 348, 2, 0),
(1732, 8, 3, 349, 1, 0),
(1733, 8, 3, 350, 4, 1),
(1734, 8, 3, 351, 1, 2),
(1735, 8, 3, 352, 2, 2),
(1736, 8, 8, 347, 3, 1),
(1737, 8, 8, 348, 1, 3),
(1738, 8, 8, 349, 4, 2),
(1739, 8, 8, 350, 2, 1),
(1740, 8, 8, 351, 0, 3),
(1741, 8, 8, 352, 1, 1),
(1742, 9, 4, 393, 1, 0),
(1743, 9, 4, 394, 1, 1),
(1744, 9, 4, 395, 1, 0),
(1745, 9, 5, 392, 2, 0),
(1746, 9, 5, 393, 1, 0),
(1747, 9, 5, 394, 1, 0),
(1748, 9, 5, 395, 1, 0),
(1749, 8, 4, 348, 1, 1),
(1750, 8, 4, 349, 2, 1),
(1751, 8, 4, 350, 2, 0),
(1752, 9, 5, 396, 2, 0),
(1753, 9, 5, 397, 2, 0),
(1754, 9, 3, 395, 2, 0),
(1755, 8, 5, 353, 2, 0),
(1756, 8, 5, 354, 0, 1),
(1757, 8, 5, 355, 2, 1),
(1758, 8, 5, 356, 1, 0),
(1759, 8, 5, 357, 0, 1),
(1760, 8, 5, 358, 2, 1),
(1761, 9, 3, 396, 1, 1),
(1762, 9, 3, 397, 2, 1),
(1763, 9, 3, 398, 2, 0),
(1764, 9, 3, 399, 2, 1),
(1765, 8, 2, 353, 1, 1),
(1766, 8, 2, 354, 1, 0),
(1767, 8, 2, 355, 1, 1),
(1768, 8, 2, 356, 2, 0),
(1769, 8, 2, 357, 1, 1),
(1770, 8, 2, 358, 1, 0),
(1771, 8, 2, 359, 1, 1),
(1772, 8, 2, 360, 2, 1),
(1773, 8, 2, 361, 2, 0),
(1774, 8, 2, 362, 0, 2),
(1775, 8, 2, 363, 1, 1),
(1776, 8, 2, 364, 1, 0),
(1777, 8, 7, 353, 2, 0),
(1778, 8, 7, 354, 0, 2),
(1779, 8, 8, 353, 2, 2),
(1780, 8, 8, 354, 3, 1),
(1781, 8, 8, 355, 1, 1),
(1782, 8, 8, 356, 4, 1),
(1783, 8, 8, 357, 2, 3),
(1784, 8, 8, 358, 2, 2),
(1785, 9, 8, 396, 2, 2),
(1786, 9, 8, 397, 3, 1),
(1787, 8, 4, 352, 2, 1),
(1788, 8, 4, 353, 1, 1),
(1789, 8, 4, 354, 0, 1),
(1790, 8, 4, 355, 1, 0),
(1791, 9, 4, 396, 3, 0),
(1792, 9, 4, 397, 3, 0),
(1793, 8, 3, 353, 2, 0),
(1794, 8, 7, 355, 2, 1),
(1795, 8, 7, 356, 3, 1),
(1796, 8, 7, 357, 1, 3),
(1797, 8, 7, 358, 2, 1),
(1798, 9, 7, 396, 2, 0),
(1799, 9, 7, 397, 2, 0),
(1800, 8, 3, 354, 2, 1),
(1801, 8, 3, 355, 2, 0),
(1802, 8, 5, 359, 2, 1),
(1803, 8, 5, 360, 2, 1),
(1804, 8, 5, 361, 3, 0),
(1805, 8, 5, 362, 0, 2),
(1806, 8, 5, 363, 1, 0),
(1807, 8, 5, 364, 3, 0),
(1808, 9, 5, 398, 3, 0),
(1809, 9, 5, 399, 1, 0),
(1810, 8, 3, 356, 1, 0),
(1811, 8, 3, 357, 0, 2),
(1812, 8, 3, 358, 2, 1),
(1813, 8, 4, 356, 2, 0),
(1817, 8, 4, 357, 1, 3),
(1818, 8, 4, 358, 2, 1),
(1819, 8, 4, 359, 0, 0),
(1820, 8, 4, 360, 1, 0),
(1821, 8, 4, 361, 2, 0),
(1822, 8, 4, 363, 2, 1),
(1823, 8, 4, 364, 1, 0),
(1824, 9, 8, 398, 2, 1),
(1825, 9, 8, 399, 1, 1),
(1826, 9, 8, 400, 1, 1),
(1827, 8, 8, 359, 1, 1),
(1828, 8, 8, 360, 1, 2),
(1829, 8, 8, 361, 3, 0),
(1830, 8, 8, 362, 1, 5),
(1831, 8, 8, 363, 2, 1),
(1832, 8, 8, 364, 2, 2),
(1833, 8, 8, 365, 2, 1),
(1834, 8, 8, 366, 2, 1),
(1835, 8, 8, 367, 1, 2),
(1836, 8, 8, 368, 0, 3),
(1837, 8, 8, 369, 0, 1),
(1838, 8, 8, 370, 0, 3),
(1839, 8, 7, 359, 1, 1),
(1840, 8, 7, 361, 2, 0),
(1841, 8, 7, 360, 1, 1),
(1842, 8, 7, 362, 0, 3),
(1843, 8, 7, 363, 2, 1),
(1844, 8, 7, 364, 1, 1),
(1852, 8, 3, 359, 1, 1),
(1853, 8, 3, 360, 1, 0),
(1854, 8, 3, 361, 2, 0),
(1855, 9, 7, 398, 2, 0),
(1856, 9, 7, 399, 1, 1),
(1857, 9, 4, 398, 3, 0),
(1858, 9, 4, 399, 2, 1),
(1859, 8, 3, 362, 1, 3),
(1860, 8, 3, 363, 1, 2),
(1861, 8, 3, 364, 1, 0),
(1862, 9, 3, 400, 0, 0),
(1863, 9, 3, 401, 0, 1),
(1864, 9, 3, 402, 1, 2),
(1865, 9, 3, 403, 1, 0),
(1866, 9, 7, 400, 1, 0),
(1867, 9, 7, 401, 2, 0),
(1868, 9, 7, 402, 1, 2),
(1869, 9, 8, 401, 1, 1),
(1870, 9, 8, 402, 2, 3),
(1871, 9, 8, 403, 4, 0),
(1872, 9, 4, 400, 1, 0),
(1873, 8, 7, 365, 2, 0),
(1874, 9, 4, 401, 1, 0),
(1875, 8, 7, 366, 1, 0),
(1876, 9, 4, 402, 0, 1),
(1877, 9, 4, 403, 2, 1),
(1878, 8, 5, 365, 2, 0),
(1879, 8, 7, 367, 2, 1),
(1880, 8, 5, 366, 1, 0),
(1881, 8, 4, 365, 2, 0),
(1882, 8, 4, 366, 2, 0),
(1883, 8, 5, 367, 1, 0),
(1884, 8, 4, 367, 1, 0),
(1885, 8, 5, 368, 0, 2),
(1886, 8, 4, 368, 0, 1),
(1887, 8, 7, 368, 0, 2),
(1888, 8, 2, 365, 1, 1),
(1889, 8, 2, 367, 1, 1),
(1890, 8, 2, 366, 1, 0),
(1891, 8, 2, 368, 0, 2),
(1892, 8, 2, 369, 1, 2),
(1893, 8, 4, 369, 0, 1),
(1894, 8, 2, 370, 0, 1),
(1895, 8, 4, 370, 0, 2),
(1896, 8, 2, 371, 1, 1),
(1897, 8, 4, 371, 0, 1),
(1898, 8, 2, 372, 1, 0),
(1899, 8, 4, 372, 1, 0),
(1900, 8, 2, 373, 0, 1),
(1901, 8, 4, 373, 1, 1),
(1902, 8, 2, 374, 0, 1),
(1903, 8, 5, 370, 1, 1),
(1904, 8, 2, 375, 0, 1),
(1905, 8, 2, 376, 2, 0),
(1906, 8, 5, 369, 1, 3),
(1907, 8, 4, 374, 0, 2),
(1908, 9, 5, 400, 1, 0),
(1909, 8, 4, 375, 1, 1),
(1910, 9, 5, 401, 1, 0),
(1911, 9, 5, 402, 0, 1),
(1912, 9, 5, 403, 2, 0),
(1913, 8, 3, 365, 2, 1),
(1914, 8, 3, 366, 1, 0),
(1915, 8, 3, 367, 1, 2),
(1916, 8, 3, 368, 0, 2),
(1917, 8, 7, 369, 1, 2),
(1918, 8, 7, 370, 0, 2),
(1919, 8, 3, 369, 1, 2),
(1920, 8, 3, 370, 0, 1),
(1921, 8, 5, 371, 1, 1),
(1922, 8, 5, 372, 2, 0),
(1923, 8, 5, 373, 1, 0),
(1924, 8, 5, 374, 0, 2),
(1925, 8, 5, 375, 2, 1),
(1926, 8, 5, 376, 3, 1),
(1927, 9, 5, 404, 0, 1),
(1928, 9, 5, 405, 3, 0),
(1929, 8, 4, 377, 3, 0),
(1930, 8, 3, 371, 0, 2),
(1931, 9, 7, 403, 1, 0),
(1932, 8, 7, 371, 1, 2),
(1933, 8, 7, 372, 1, 1),
(1934, 8, 3, 372, 1, 1),
(1935, 9, 3, 404, 0, 2),
(1936, 9, 3, 405, 3, 0),
(1937, 8, 2, 377, 2, 0),
(1938, 8, 2, 378, 1, 2),
(1939, 9, 7, 404, 0, 1),
(1940, 9, 7, 405, 3, 0),
(1941, 9, 7, 406, 0, 1),
(1942, 8, 7, 376, 3, 1),
(1943, 8, 7, 375, 1, 2),
(1944, 8, 7, 373, 1, 0),
(1945, 8, 7, 374, 1, 0),
(1946, 8, 7, 377, 2, 0),
(1947, 8, 7, 378, 1, 2),
(1948, 9, 7, 407, 2, 1),
(1949, 8, 8, 373, 2, 1),
(1950, 8, 8, 374, 1, 3),
(1951, 8, 8, 376, 4, 0),
(1952, 8, 8, 375, 3, 2),
(1953, 8, 8, 377, 2, 0),
(1954, 8, 8, 378, 1, 3),
(1955, 8, 3, 375, 1, 2),
(1956, 8, 3, 376, 2, 0),
(1957, 8, 3, 373, 0, 1),
(1958, 8, 3, 374, 1, 3),
(1959, 9, 5, 406, 0, 1),
(1960, 9, 5, 407, 1, 0),
(1961, 9, 4, 404, 0, 1),
(1962, 9, 4, 405, 4, 0),
(1963, 9, 4, 406, 0, 1),
(1964, 9, 4, 407, 1, 2),
(1965, 9, 4, 408, 4, 0),
(1966, 8, 7, 379, 3, 2),
(1967, 8, 7, 380, 2, 1),
(1968, 8, 7, 381, 2, 1),
(1969, 9, 3, 406, 0, 3),
(1970, 9, 3, 407, 2, 1),
(1971, 9, 5, 408, 2, 1),
(1972, 9, 5, 409, 0, 2),
(1973, 9, 7, 408, 3, 0),
(1974, 9, 7, 409, 2, 2),
(1975, 9, 7, 410, 0, 1),
(1976, 9, 7, 411, 0, 1),
(1977, 9, 3, 408, 3, 1),
(1978, 9, 3, 409, 1, 2),
(1979, 9, 3, 410, 0, 3),
(1980, 9, 3, 411, 2, 1),
(1981, 8, 3, 377, 2, 0),
(1982, 8, 3, 378, 2, 1),
(1983, 8, 4, 378, 0, 1),
(1984, 8, 5, 377, 2, 0),
(1985, 8, 5, 378, 0, 1),
(1986, 9, 5, 410, 0, 3),
(1987, 9, 5, 411, 1, 1),
(1988, 8, 2, 379, 1, 2),
(1989, 8, 2, 380, 2, 0),
(1990, 8, 2, 381, 1, 0),
(1991, 8, 2, 382, 1, 1),
(1992, 8, 2, 383, 1, 0),
(1993, 8, 2, 384, 1, 2),
(1994, 8, 4, 379, 2, 1),
(1995, 8, 4, 380, 2, 1),
(1996, 8, 3, 379, 2, 1),
(1997, 8, 3, 380, 2, 0),
(1998, 8, 3, 381, 1, 1),
(1999, 8, 3, 382, 1, 2),
(2000, 8, 5, 381, 2, 1),
(2001, 8, 5, 382, 1, 1),
(2002, 8, 5, 383, 1, 0),
(2003, 8, 5, 384, 1, 2),
(2004, 8, 5, 387, 1, 2),
(2005, 8, 4, 381, 1, 0),
(2006, 8, 4, 382, 0, 1),
(2007, 9, 4, 409, 0, 0),
(2008, 9, 4, 410, 0, 2),
(2009, 9, 4, 411, 1, 1),
(2010, 8, 2, 386, 1, 2),
(2011, 8, 2, 387, 1, 0),
(2012, 8, 7, 382, 0, 1),
(2013, 8, 7, 383, 2, 2),
(2014, 8, 7, 384, 0, 0),
(2015, 8, 7, 386, 3, 2),
(2016, 8, 4, 383, 0, 1),
(2017, 8, 4, 384, 1, 1),
(2018, 8, 3, 384, 1, 2),
(2019, 8, 3, 383, 2, 2),
(2020, 9, 7, 412, 1, 2),
(2021, 9, 7, 413, 3, 1),
(2022, 9, 7, 414, 2, 2),
(2023, 9, 7, 415, 1, 0),
(2024, 9, 2, 412, 1, 0),
(2025, 9, 2, 413, 1, 1),
(2026, 9, 2, 414, 1, 0),
(2027, 9, 2, 415, 2, 0),
(2028, 8, 2, 385, 1, 1),
(2029, 8, 2, 388, 0, 1),
(2030, 8, 7, 385, 1, 1),
(2031, 8, 7, 387, 1, 2),
(2032, 8, 7, 388, 0, 1),
(2033, 9, 4, 412, 1, 2),
(2034, 9, 4, 413, 3, 1),
(2035, 9, 4, 414, 1, 0),
(2036, 9, 4, 415, 3, 0),
(2037, 8, 4, 385, 0, 2),
(2038, 8, 4, 386, 1, 1),
(2039, 8, 3, 385, 1, 2),
(2040, 8, 3, 386, 2, 2),
(2041, 9, 3, 412, 1, 2),
(2042, 9, 3, 413, 3, 2),
(2043, 8, 5, 386, 1, 2),
(2044, 8, 8, 386, 2, 2),
(2045, 8, 8, 387, 1, 3),
(2046, 8, 8, 388, 0, 2),
(2047, 9, 8, 412, 1, 1),
(2048, 9, 8, 413, 2, 3),
(2049, 9, 5, 412, 1, 2),
(2050, 9, 5, 413, 3, 1),
(2051, 9, 5, 414, 2, 0),
(2052, 9, 5, 415, 3, 0),
(2053, 8, 4, 387, 1, 2),
(2054, 8, 4, 388, 0, 1),
(2055, 8, 3, 387, 1, 2),
(2056, 8, 3, 388, 1, 1),
(2057, 9, 3, 414, 1, 0),
(2058, 9, 3, 415, 3, 1),
(2059, 9, 3, 416, 2, 0),
(2060, 8, 2, 389, 2, 1),
(2061, 9, 2, 416, 2, 0),
(2062, 8, 5, 388, 1, 3),
(2063, 8, 7, 389, 2, 1),
(2064, 8, 7, 390, 2, 2),
(2065, 9, 3, 417, 2, 0),
(2066, 9, 4, 417, 1, 0),
(2067, 9, 4, 416, 3, 0),
(2068, 8, 4, 389, 2, 0),
(2069, 8, 4, 390, 1, 2),
(2070, 8, 2, 390, 2, 1),
(2071, 9, 2, 417, 2, 0),
(2072, 8, 3, 389, 3, 1),
(2073, 8, 3, 390, 1, 1),
(2074, 9, 5, 416, 3, 0),
(2075, 9, 5, 417, 3, 0),
(2076, 9, 7, 416, 3, 0),
(2077, 9, 7, 417, 2, 0),
(2078, 9, 2, 418, 1, 1),
(2079, 9, 2, 419, 0, 1),
(2080, 8, 5, 390, 2, 1),
(2081, 9, 3, 418, 1, 2),
(2082, 9, 3, 419, 2, 2),
(2083, 8, 3, 391, 2, 1),
(2084, 9, 7, 418, 1, 1),
(2085, 9, 7, 419, 2, 2),
(2086, 9, 4, 418, 0, 1),
(2087, 9, 4, 419, 1, 1),
(2088, 9, 5, 418, 1, 2),
(2089, 9, 5, 419, 2, 1),
(2090, 8, 4, 391, 2, 2),
(2091, 8, 5, 391, 1, 0),
(2092, 8, 2, 391, 1, 1);

-- --------------------------------------------------------

--
-- Table structure for table `chat`
--

CREATE TABLE `chat` (
  `chat_id` int NOT NULL,
  `event_id` int NOT NULL,
  `user_id` int NOT NULL COMMENT 'source user',
  `user_group_id` int DEFAULT NULL COMMENT 'target user group, null means to everybody or to private user',
  `target_user_id` int DEFAULT NULL COMMENT 'private to target user',
  `modification_time` datetime NOT NULL COMMENT 'UTC timezone used',
  `access_time` datetime DEFAULT NULL COMMENT 'used only at private, UTC timezone used',
  `message` varchar(256) CHARACTER SET utf8mb4 COLLATE utf8mb4_unicode_ci NOT NULL
) ENGINE=InnoDB DEFAULT CHARSET=utf8mb4 COLLATE=utf8mb4_unicode_ci;

--
-- Dumping data for table `chat`
--

INSERT INTO `chat` (`chat_id`, `event_id`, `user_id`, `user_group_id`, `target_user_id`, `modification_time`, `access_time`, `message`) VALUES
(1, 5, 7, 7, NULL, '2019-01-28 09:52:00', NULL, 'Haliho!! Nagyon izgalmas!! En mar leadtam a szavazatom!! Hajra Japanok!!! :)'),
(2, 5, 2, 7, NULL, '2019-01-28 10:09:47', NULL, 'Zsuzskval Irnnak szortunk, a kedvencnknek.'),
(3, 5, 2, 7, NULL, '2019-01-28 16:11:35', NULL, 'Na ezt elbuktuk, Japn 2 bntett is kapott, majd ltt mg egyet a radsban. Remlem holnap tbb szerencsm lesz.'),
(4, 5, 3, NULL, NULL, '2019-01-28 20:58:22', NULL, 'Hello!'),
(5, 5, 7, 7, NULL, '2019-01-29 06:37:36', NULL, 'En nagyon orulok Japannak!! Bar szerettem volna, ha a 6 pontot behuzom! Igy meg mindig nagyon szoros es Bazsi mar tarolhat Qatarral!!! :)'),
(6, 5, 2, NULL, NULL, '2019-01-29 08:43:15', NULL, 'Welcome to AFC2019! If you have some general message to everyone, to all players of the game, or you wish to send a message to the admins, use this chat room (user group). Otherwise use a private room. Have fun!'),
(7, 5, 2, NULL, NULL, '2019-01-29 08:43:27', NULL, 'Szia Bazsi! Gyere t a Zematix szobba!'),
(8, 5, 2, 7, NULL, '2019-01-29 16:30:58', NULL, 'Vgl Katar tarolt, Bazsi pedig bezsebelt 2 pontot. Mr csak a dnt van htra. Extrm esetben akr hrmas holtverseny is lehet az len, de igazbl Blici s Bazsi kztt dl el a bajnoki cm. Ha jl tudom, mindketttknek kedvenc csapata jtszik...'),
(9, 5, 2, 7, NULL, '2019-01-29 16:35:47', NULL, 'Blici szmolgathat hogy ugyanazt (a vgkimenetet) tippeli, mint vrhatan Bazsi. Azonban lehet, hogy Bazsi szmt minderre, s mgsem a kedvencre fogad :)'),
(10, 5, 7, 7, NULL, '2019-01-30 08:26:09', NULL, 'Ez most egy nehez dontes lesz!! Nagyon szorongattok es veszelyben a cimem!!!'),
(11, 5, 7, 7, NULL, '2019-01-30 08:29:10', NULL, 'Akarhogy szamolgatok mindketten utolerhettek!!!! Ajjajj!!!! :)'),
(12, 5, 2, 7, NULL, '2019-01-30 15:11:37', NULL, 'n csak utolrhetlek, ha tkletesen eltallom a vgeredmnyt, s te nem szerzel pontot. Bazsi mr meg is elzhet, de ahhoz a vgkimenet mellet mg a glklnbsgenek is stimmelni kell, s te nem szerzel pontot. Nagyon nem aggdnk a helyedben :)'),
(13, 5, 7, 7, NULL, '2019-02-01 13:38:48', NULL, 'Na ma eldol minden!!!! Jo szurkolast!!! :))))'),
(14, 5, 2, 7, NULL, '2019-02-01 16:19:21', NULL, 'Tl vagyunk rajta. Blici megint tarolt, s a mostani eredmnyvel elfoglalta a 2-ik pozcit is a legsikeresebb jtkosok listjn. Fekete nap ez, gy bizony :)'),
(15, 5, 2, 9, NULL, '2019-03-20 13:11:05', NULL, 'Hello'),
(16, 5, 2, 9, NULL, '2019-03-20 13:18:43', NULL, 'Hello2'),
(17, 5, 2, 9, NULL, '2019-03-20 13:35:45', NULL, 'Hello3'),
(18, 6, 2, 12, NULL, '2019-06-14 07:23:40', NULL, 'Sziasztok! Ismt lehet fogadni. Csak tessk, csak tessk!'),
(19, 6, 2, 12, NULL, '2019-06-14 07:32:16', NULL, 'Ne felejtsetek kedvenc csoportkrs csapatot megadni mg az els meccs kezdete, azaz szombat 02:30 eltt!'),
(20, 6, 7, 12, NULL, '2019-06-15 20:19:58', NULL, 'Hajra Peru! Csak 1 golt kellene beloniuk, hogy megszerezzem a max. 9 pontot ma!!!! :)))'),
(21, 6, 2, 12, NULL, '2019-06-16 21:04:50', NULL, 'Blici, szp az a 6 pont is kezdsnek! :)'),
(22, 6, 2, 12, NULL, '2019-06-18 09:00:40', NULL, 'Vget rt az els fordul, Jucus vezet. Fociszakerto ad egy kis elnyt a tbbieknek, mg nem tett fogad'),
(23, 6, 7, 12, NULL, '2019-06-19 12:36:05', NULL, 'hogy lehet, hogy Brazilia dontetlen jatszott Venezuelaval? Nagyon pihengelnek!!! :('),
(24, 6, 2, 12, NULL, '2019-06-19 13:09:40', NULL, 'Meglepets volt a javbl! Nem lttam a meccset, de a br 3 brazil glt is rvnytelentett.'),
(25, 6, 2, 12, NULL, '2019-06-21 23:16:20', NULL, 'Uruguay nem erltette, a Japnok meg sszeszedtk magukat. Ezzel a dntetlennel nem sok pontot szereztnk.'),
(26, 7, 3, 11, NULL, '2019-06-22 10:53:57', NULL, 'Azrt n tbbet vrtam Egyiptomtl.'),
(27, 6, 3, 12, NULL, '2019-06-22 13:26:39', NULL, 'Oly fnyes a 3 pontom,\\ kesti a szmllt,\\ s n mgis nullt kapok!\\ Ide veled, 3 pontom!\\ A Zematix istenre\\ Eskszm,\\ Eskszm, hogy nullt csak\\ Nha kapok!'),
(28, 6, 3, 12, NULL, '2019-06-22 13:27:24', NULL, 'Amgy most 3 pontot kaptam. :)'),
(29, 6, 2, 12, NULL, '2019-06-23 12:45:08', NULL, 'Vajon elbcszhatunk ma Argentintl? A kedvencem eddig 0 pontot hozott.'),
(30, 6, 3, 12, NULL, '2019-06-23 14:31:16', NULL, 'Nekem 6-ot. :D'),
(31, 6, 7, 12, NULL, '2019-06-23 15:19:19', NULL, 'En is kivancsi vagyom mit produkal ma Argentina, eddig eleg nagy csalodas volt!'),
(32, 6, 3, 12, NULL, '2019-06-23 21:00:15', NULL, 'n dntetlent fogadtam. :\'('),
(33, 6, 2, 12, NULL, '2019-06-24 06:37:43', NULL, 'Paraguay megy tovbb, ha a mai Ecuador-Japn dntetlen lesz. Egybknt a gyztes. Nagy csata vrhat!'),
(34, 6, 7, 12, NULL, '2019-06-24 08:18:59', NULL, 'En meg egy meccset nem lattam!!! :) Ti hogy vagytok vele? Szorgalmasan nezitek? :)'),
(35, 6, 7, 12, NULL, '2019-06-24 08:35:28', NULL, 'Fu!!! A Chile-Uruguay meccs lesz erdekes, meg meg is neznem, ha nem ejszaka lenne!!'),
(36, 7, 7, 11, NULL, '2019-06-24 08:55:18', NULL, 'Ez nagyon megy a Zsocinak!!!! En Congotol vartam tobbet!!! Nem tudom miert!!! :)'),
(37, 7, 3, 11, NULL, '2019-06-24 20:20:59', NULL, 'Tegnap mg n vezettem. (Nem gpjrmvet)'),
(39, 6, 3, 12, NULL, '2019-06-25 07:36:24', NULL, 'Az Ecuador  Japn meccsnek nem engedi a program, hogy berjam az eredmnyt! (1-1)'),
(40, 6, 2, 12, NULL, '2019-06-25 22:28:04', NULL, 'Hiba javts utn mr lehet a negyed dntkre fogadni. Ne felejtsetek j kedvenc csapatot megadni!'),
(41, 6, 7, 12, NULL, '2019-06-26 06:54:38', NULL, 'Sajna nem tudom megadni a kedvenc csapatomat!!! Segitseg!!!! :)'),
(42, 7, 7, 11, NULL, '2019-06-26 07:16:47', NULL, 'Hogy hoztatok ossze 4 meccsbol 15 pontot? :)'),
(43, 7, 7, 11, NULL, '2019-06-26 07:17:27', NULL, 'Itt valami susmus van!!! :)'),
(44, 7, 7, 11, NULL, '2019-06-26 07:18:21', NULL, 'Ja, hogy nem fogadtam!!! aha!!! hat akkor ebbol kiszallok!!! :)'),
(45, 7, 2, 11, NULL, '2019-06-26 09:55:09', NULL, 'Blici krsre eltvoltottam t a Zematix csoportbl.'),
(46, 6, 3, 12, NULL, '2019-06-28 08:38:51', NULL, 'A Brazil  Paraguay meccsre kapott brki is pontot?'),
(47, 6, 7, 12, NULL, '2019-06-28 09:08:44', NULL, 'Hat en nem, mert a Brazilok mar megint lustak voltak!! Egyaltalan hogy jutottak tovabb, ha 0-0-t jatszottak? :('),
(48, 6, 7, 12, NULL, '2019-06-28 09:09:39', NULL, 'Igy uszott el a 6 pontocskam!!! :((((('),
(49, 6, 2, 12, NULL, '2019-06-28 12:30:35', NULL, 'Legalbb a kedvenc csapat, Brazlia jtkban maradt. Majd az Argentinok elintzik ket :)'),
(50, 6, 3, 12, NULL, '2019-06-29 11:06:29', NULL, 'gy jutottak tovbb, hogy megnyertk a bntet prbajt.'),
(52, 7, 2, 11, NULL, '2019-07-03 09:45:06', NULL, 'Vge a csoporkrknek. Az utols fordulban mindssze 5 pontot szereztem, elg gyenge.'),
(53, 6, 2, 12, NULL, '2019-07-05 12:18:29', NULL, 'Mr csak 2 mrkzs van htra. Kockztatnom kell, Peru nyeri a dntt! :)'),
(54, 6, 2, 12, NULL, '2019-07-07 22:27:09', NULL, 'Gratullok Bazsi a gyzelemhez!'),
(55, 7, 2, 11, NULL, '2019-07-10 10:29:18', NULL, 'A nyolcaddntnek is vge. Voltak meglepetsek, de legalbb sszehoztam 6 pontocskt, amivel utolrtem Bazsit.'),
(56, 7, 2, 11, NULL, '2019-07-15 07:58:36', NULL, 'Az eldntk utn cskkent a tetemes elnym. A majdnem 10 pont differencia helyett, 95-ik percben rgott algriai gl, 4 pontra olvadt. Mg 2 meccs, brmi lehet.'),
(57, 8, 2, 15, NULL, '2021-06-10 10:18:14', NULL, 'Gyertek, csak gyertek! Fogadjatok! :-)'),
(58, 8, 3, 15, NULL, '2021-06-10 15:23:27', NULL, 'n mr tegnap este elkezdtem megadni a fogadsaimat.'),
(59, 8, 7, 15, NULL, '2021-06-10 20:06:22', NULL, 'Vegre sikerult bejelentkeznem, kedvenc csapatot valasztanom es fogadni az elso meccsekre!!! Ujra jatekban!! :))'),
(60, 8, 4, 15, NULL, '2021-06-11 12:47:28', NULL, 'ddfdrt'),
(61, 8, 4, 15, NULL, '2021-06-11 12:51:19', NULL, 'Bocsi ez vletlen volt :).  Lici jra jtkban:/'),
(62, 8, 4, 15, NULL, '2021-06-11 12:51:24', NULL, '.'),
(63, 8, 3, 15, NULL, '2021-06-11 14:59:09', NULL, 'Zsuzska, mirt kldtl el egy pontot?'),
(64, 8, 3, 15, NULL, '2021-06-11 14:59:20', NULL, 'Na mindegy...'),
(65, 8, 3, 15, NULL, '2021-06-11 14:59:54', NULL, 'AKI MG NEM LLTOTT BE KEDVENC CSAPATOT, AZ TEGYE MEG! Pr ra mlva kezddik az EB s UTNA MR NEM LESZ LEHETSG BELLTANI AZT!'),
(66, 8, 2, 15, NULL, '2021-06-11 21:06:09', NULL, 'Ilyen kezdsre senki sem szmtott. Forza Italia!'),
(67, 8, 7, 15, NULL, '2021-06-12 10:18:40', NULL, 'Pedig az elso felido esemenytelensege utan azt hittem, hogy jol tippeltem meg es csak 1 golt fognak rugni!'),
(68, 8, 3, 15, NULL, '2021-06-13 11:14:15', NULL, 'Sajnos fociszakerto s LL kimaradnak ebbl a jtkbl. :('),
(69, 8, 3, 15, NULL, '2021-06-13 18:50:41', NULL, 'LL csatlakozott!'),
(70, 8, 2, 15, NULL, '2021-06-13 21:35:06', NULL, 'Ne felejtstek, ma jjel elkezddtt a Copa Amrica is. Tallkozunk ott is!'),
(71, 9, 3, 16, NULL, '2021-06-14 05:39:27', NULL, '1. meccsen 3 pontot kapok, rnzek a pontverseny llsra, erre 5. hely.'),
(72, 9, 2, 16, NULL, '2021-06-14 06:30:08', NULL, 'Mindenki szerzett pontokat az els 2 meccsen. Gratullok! Klnsen Blicinek s Zsuzsknak, akik taroltak.'),
(73, 9, 3, 16, NULL, '2021-06-14 11:11:14', NULL, 'Nem baj, mg rengeteg van a tornbl. Mg visszahozhatom. Remlem...'),
(74, 9, 7, 16, NULL, '2021-06-14 15:25:21', NULL, 'Legalabb ezen a tornan legyen szerencsem, ha mar az eb-n nem igazan!!'),
(75, 8, 2, 15, NULL, '2021-06-15 07:26:14', NULL, 'Pocsk nap volt a tegnapi, csak LL szerzett pontot, megkedve a felzrkzst. LL, ha szeretnl kedvenc csapatot, rd meg!'),
(76, 8, 2, 15, NULL, '2021-06-20 07:54:30', NULL, 'Vge  a 2-ik fordulnak, nagyjbl a torna felnl tartunk. Blici huszros hajrval utolrte Zsuzskt, az els helyrt nagy a kzdelem.'),
(77, 9, 2, 16, NULL, '2021-06-20 08:01:13', NULL, 'Tudtad? Jval szellsebbek ezen a tornn a mrkzsek idpontjai, mivel csak 10 csapat indult a covid miatt, ugyanakkor most is 1 hnapig tart.'),
(78, 8, 7, 15, NULL, '2021-06-20 19:49:41', NULL, 'Remelem a 3. fordulo legalabb olyan jol tog sikerulni mint a 2.!!! Hajra mindenkinek!!!'),
(79, 9, 7, 16, NULL, '2021-06-20 19:51:59', NULL, 'Legalabb tobb idonk van tippelni!!'),
(80, 9, 7, 16, NULL, '2021-06-20 19:53:08', NULL, 'Zsoci nagyon megugrott a CA-n! Gratulalok!! Az argentin csapat jol hozza a pontokat!!'),
(81, 9, 2, 16, NULL, '2021-06-21 08:28:26', NULL, 'Bazsi 4 pontot szerzett a legutbbi 2 meccsen, amivel fenyegeti elssgemet :-)'),
(82, 9, 7, 16, NULL, '2021-06-21 10:21:45', NULL, 'Huha!!! Nagyon megy nektek!! Nekem teljes 0 pontot sikerult szereznem tegnap!!'),
(83, 9, 7, 16, NULL, '2021-06-21 10:22:18', NULL, 'Ugy latszik a ketto torna egyutt nehezen megy!'),
(84, 9, 2, 16, NULL, '2021-06-22 08:01:29', NULL, '2 meccs, 9 pont. Argentna harmadszorra is 6 pontot hozott nekem. Csak gy tovbb! :-)'),
(85, 9, 7, 16, NULL, '2021-06-22 09:58:10', NULL, 'Wow!!! Gratulalok!!! 28 pont!!!!'),
(86, 9, 7, 16, NULL, '2021-07-04 06:39:11', NULL, 'A Zsoci verhetetlen!!!'),
(87, 8, 3, 15, NULL, '2021-07-08 09:35:52', NULL, 'Gratullok Blici a Bajnoki cmhez!');

-- --------------------------------------------------------

--
-- Table structure for table `event`
--

CREATE TABLE `event` (
  `event_id` int NOT NULL,
  `location` varchar(50) CHARACTER SET utf8mb4 COLLATE utf8mb4_unicode_ci NOT NULL COMMENT 'Host country of the event',
  `year` smallint NOT NULL,
  `description` varchar(100) CHARACTER SET utf8mb4 COLLATE utf8mb4_unicode_ci NOT NULL,
  `short_desc` varchar(10) CHARACTER SET utf8mb4 COLLATE utf8mb4_unicode_ci NOT NULL,
  `organizer` varchar(10) CHARACTER SET utf8mb4 COLLATE utf8mb4_unicode_ci NOT NULL
) ENGINE=InnoDB DEFAULT CHARSET=utf8mb4 COLLATE=utf8mb4_unicode_ci;

--
-- Dumping data for table `event`
--

INSERT INTO `event` (`event_id`, `location`, `year`, `description`, `short_desc`, `organizer`) VALUES
(1, 'Brazil', 2014, 'World Cup', 'WC', 'FIFA'),
(2, 'France', 2016, 'Euro Cup', 'EC', 'UEFA'),
(3, 'United States', 2016, 'Copa America', 'CA', 'CONMEBOL'),
(4, 'Russia', 2018, 'World Cup', 'WC', 'FIFA'),
(5, 'United Arab Emirates', 2019, 'Asian Cup', 'AFC', 'AFC'),
(6, 'Brazil', 2019, 'Copa America', 'CA', 'CONMEBOL'),
(7, 'Egypt', 2019, 'Africa Cup of Nations', 'CAF', 'CAF'),
(8, 'England and others', 2020, 'Euro Cup', 'EC', 'UEFA'),
(9, 'Brazil', 2021, 'Copa America', 'CA', 'CONMEBOL'),
(10, 'Qatar', 2021, 'Arab Cup', 'ABC', 'FIFA'),
(11, 'Qatar', 2022, 'World Cup', 'WC', 'FIFA');

-- --------------------------------------------------------

--
-- Table structure for table `group_`
--

CREATE TABLE `group_` (
  `group_id` int NOT NULL,
  `event_id` int NOT NULL,
  `name` enum('A','B','C','D','E','F','G','H') CHARACTER SET utf8mb4 COLLATE utf8mb4_unicode_ci NOT NULL,
  `team1_id` int DEFAULT NULL COMMENT 'final winner of the team',
  `team2_id` int DEFAULT NULL COMMENT 'final 2nd position in team'
) ENGINE=InnoDB DEFAULT CHARSET=utf8mb4 COLLATE=utf8mb4_unicode_ci;

--
-- Dumping data for table `group_`
--

INSERT INTO `group_` (`group_id`, `event_id`, `name`, `team1_id`, `team2_id`) VALUES
(1, 1, 'A', NULL, NULL),
(2, 1, 'B', NULL, NULL),
(3, 1, 'C', NULL, NULL),
(4, 1, 'D', NULL, NULL),
(5, 1, 'E', NULL, NULL),
(6, 1, 'F', NULL, NULL),
(7, 1, 'G', NULL, NULL),
(8, 1, 'H', NULL, NULL),
(9, 2, 'A', NULL, NULL),
(10, 2, 'B', NULL, NULL),
(11, 2, 'C', NULL, NULL),
(12, 2, 'D', NULL, NULL),
(13, 2, 'E', NULL, NULL),
(14, 2, 'F', NULL, NULL),
(15, 3, 'A', NULL, NULL),
(16, 3, 'B', NULL, NULL),
(17, 3, 'C', NULL, NULL),
(18, 3, 'D', NULL, NULL),
(19, 4, 'A', NULL, NULL),
(20, 4, 'B', NULL, NULL),
(21, 4, 'C', NULL, NULL),
(22, 4, 'D', NULL, NULL),
(23, 4, 'E', NULL, NULL),
(24, 4, 'F', NULL, NULL),
(25, 4, 'G', NULL, NULL),
(26, 4, 'H', NULL, NULL),
(27, 5, 'A', NULL, NULL),
(28, 5, 'B', NULL, NULL),
(29, 5, 'C', NULL, NULL),
(30, 5, 'D', NULL, NULL),
(31, 5, 'E', NULL, NULL),
(32, 5, 'F', NULL, NULL),
(33, 6, 'A', NULL, NULL),
(34, 6, 'B', NULL, NULL),
(35, 6, 'C', NULL, NULL),
(36, 7, 'A', NULL, NULL),
(37, 7, 'B', NULL, NULL),
(38, 7, 'C', NULL, NULL),
(39, 7, 'D', NULL, NULL),
(40, 7, 'E', NULL, NULL),
(41, 7, 'F', NULL, NULL),
(42, 8, 'A', NULL, NULL),
(43, 8, 'B', NULL, NULL),
(44, 8, 'C', NULL, NULL),
(45, 8, 'D', NULL, NULL),
(46, 8, 'E', NULL, NULL),
(47, 8, 'F', NULL, NULL),
(48, 9, 'A', NULL, NULL),
(49, 9, 'B', NULL, NULL),
(50, 10, 'A', NULL, NULL),
(51, 10, 'B', NULL, NULL),
(52, 10, 'C', NULL, NULL),
(53, 10, 'D', NULL, NULL),
(54, 11, 'A', NULL, NULL),
(55, 11, 'B', NULL, NULL),
(56, 11, 'C', NULL, NULL),
(57, 11, 'D', NULL, NULL),
(58, 11, 'E', NULL, NULL),
(59, 11, 'F', NULL, NULL),
(60, 11, 'G', NULL, NULL),
(61, 11, 'H', NULL, NULL);

-- --------------------------------------------------------

--
-- Table structure for table `match_`
--

CREATE TABLE `match_` (
  `match_id` int NOT NULL,
  `event_id` int NOT NULL,
  `match_n` smallint NOT NULL,
  `team1_id` int DEFAULT NULL,
  `team2_id` int DEFAULT NULL,
  `start_time` datetime NOT NULL COMMENT 'UTC timezone used',
  `round_id` int NOT NULL,
  `goal_normal_by_team1` tinyint DEFAULT NULL,
  `goal_normal_by_team2` tinyint DEFAULT NULL,
  `goal_extra_by_team1` tinyint DEFAULT NULL,
  `goal_extra_by_team2` tinyint DEFAULT NULL,
  `goal_penalty_by_team1` tinyint DEFAULT NULL,
  `goal_penalty_by_team2` tinyint DEFAULT NULL,
  `participants_rule` varchar(10) CHARACTER SET utf8mb4 COLLATE utf8mb4_unicode_ci DEFAULT NULL COMMENT 'format: A1-B2 (group.name, position) or [WL]49-50 (match_id, match_id)'
) ENGINE=InnoDB DEFAULT CHARSET=utf8mb4 COLLATE=utf8mb4_unicode_ci;

--
-- Dumping data for table `match_`
--

INSERT INTO `match_` (`match_id`, `event_id`, `match_n`, `team1_id`, `team2_id`, `start_time`, `round_id`, `goal_normal_by_team1`, `goal_normal_by_team2`, `goal_extra_by_team1`, `goal_extra_by_team2`, `goal_penalty_by_team1`, `goal_penalty_by_team2`, `participants_rule`) VALUES
(1, 1, 1, 6, 12, '2014-06-12 20:00:00', 1, 3, 1, NULL, NULL, NULL, NULL, NULL),
(2, 1, 2, 24, 7, '2014-06-13 16:00:00', 1, 1, 0, NULL, NULL, NULL, NULL, NULL),
(3, 1, 3, 29, 25, '2014-06-13 19:00:00', 1, 1, 5, NULL, NULL, NULL, NULL, NULL),
(4, 1, 4, 8, 3, '2014-06-13 22:00:00', 1, 3, 1, NULL, NULL, NULL, NULL, NULL),
(5, 1, 5, 9, 18, '2014-06-14 16:00:00', 1, 3, 0, NULL, NULL, NULL, NULL, NULL),
(6, 1, 7, 31, 10, '2014-06-14 19:00:00', 1, 1, 3, NULL, NULL, NULL, NULL, NULL),
(7, 1, 8, 14, 21, '2014-06-14 22:00:00', 1, 1, 2, NULL, NULL, NULL, NULL, NULL),
(8, 1, 6, 11, 22, '2014-06-15 01:00:00', 1, 2, 1, NULL, NULL, NULL, NULL, NULL),
(9, 1, 9, 30, 13, '2014-06-15 16:00:00', 1, 2, 1, NULL, NULL, NULL, NULL, NULL),
(10, 1, 10, 15, 19, '2014-06-15 19:00:00', 1, 3, 0, NULL, NULL, NULL, NULL, NULL),
(11, 1, 11, 2, 5, '2014-06-15 22:00:00', 1, 2, 1, NULL, NULL, NULL, NULL, NULL),
(12, 1, 13, 16, 27, '2014-06-16 16:00:00', 1, 4, 0, NULL, NULL, NULL, NULL, NULL),
(13, 1, 12, 20, 26, '2014-06-16 19:00:00', 1, 0, 0, NULL, NULL, NULL, NULL, NULL),
(14, 1, 14, 17, 32, '2014-06-16 22:00:00', 1, 1, 2, NULL, NULL, NULL, NULL, NULL),
(15, 1, 15, 4, 1, '2014-06-17 16:00:00', 1, 2, 1, NULL, NULL, NULL, NULL, NULL),
(16, 1, 17, 6, 24, '2014-06-17 19:00:00', 2, 0, 0, NULL, NULL, NULL, NULL, NULL),
(17, 1, 16, 28, 23, '2014-06-17 22:00:00', 1, 1, 1, NULL, NULL, NULL, NULL, NULL),
(18, 1, 20, 3, 25, '2014-06-18 16:00:00', 2, 2, 3, NULL, NULL, NULL, NULL, NULL),
(19, 1, 19, 29, 8, '2014-06-18 19:00:00', 2, 0, 2, NULL, NULL, NULL, NULL, NULL),
(20, 1, 18, 7, 12, '2014-06-18 22:00:00', 2, 0, 4, NULL, NULL, NULL, NULL, NULL),
(21, 1, 21, 9, 11, '2014-06-19 16:00:00', 2, 2, 1, NULL, NULL, NULL, NULL, NULL),
(22, 1, 23, 31, 14, '2014-06-19 19:00:00', 2, 2, 1, NULL, NULL, NULL, NULL, NULL),
(23, 1, 22, 22, 18, '2014-06-19 22:00:00', 2, 0, 0, NULL, NULL, NULL, NULL, NULL),
(24, 1, 24, 21, 10, '2014-06-20 16:00:00', 2, 0, 1, NULL, NULL, NULL, NULL, NULL),
(25, 1, 25, 30, 15, '2014-06-20 19:00:00', 2, 2, 5, NULL, NULL, NULL, NULL, NULL),
(26, 1, 26, 19, 13, '2014-06-20 22:00:00', 2, 1, 2, NULL, NULL, NULL, NULL, NULL),
(27, 1, 27, 2, 20, '2014-06-21 16:00:00', 2, 1, 0, NULL, NULL, NULL, NULL, NULL),
(28, 1, 29, 16, 17, '2014-06-21 19:00:00', 2, 2, 2, NULL, NULL, NULL, NULL, NULL),
(29, 1, 28, 26, 5, '2014-06-21 22:00:00', 2, 1, 0, NULL, NULL, NULL, NULL, NULL),
(30, 1, 31, 4, 28, '2014-06-22 16:00:00', 2, 1, 0, NULL, NULL, NULL, NULL, NULL),
(31, 1, 32, 23, 1, '2014-06-22 19:00:00', 2, 2, 4, NULL, NULL, NULL, NULL, NULL),
(32, 1, 30, 32, 27, '2014-06-22 22:00:00', 2, 2, 2, NULL, NULL, NULL, NULL, NULL),
(33, 1, 36, 25, 8, '2014-06-23 16:00:00', 3, 2, 0, NULL, NULL, NULL, NULL, NULL),
(34, 1, 35, 3, 29, '2014-06-23 16:00:00', 3, 0, 3, NULL, NULL, NULL, NULL, NULL),
(35, 1, 33, 7, 6, '2014-06-23 20:00:00', 3, 1, 4, NULL, NULL, NULL, NULL, NULL),
(36, 1, 34, 12, 24, '2014-06-23 20:00:00', 3, 1, 3, NULL, NULL, NULL, NULL, NULL),
(37, 1, 39, 21, 31, '2014-06-24 16:00:00', 3, 0, 1, NULL, NULL, NULL, NULL, NULL),
(38, 1, 40, 10, 14, '2014-06-24 16:00:00', 3, 0, 0, NULL, NULL, NULL, NULL, NULL),
(39, 1, 37, 22, 9, '2014-06-24 20:00:00', 3, 1, 4, NULL, NULL, NULL, NULL, NULL),
(40, 1, 38, 18, 11, '2014-06-24 20:00:00', 3, 2, 1, NULL, NULL, NULL, NULL, NULL),
(41, 1, 43, 26, 2, '2014-06-25 16:00:00', 3, 2, 3, NULL, NULL, NULL, NULL, NULL),
(42, 1, 44, 5, 20, '2014-06-25 16:00:00', 3, 3, 1, NULL, NULL, NULL, NULL, NULL),
(43, 1, 41, 19, 30, '2014-06-25 20:00:00', 3, 0, 3, NULL, NULL, NULL, NULL, NULL),
(44, 1, 42, 13, 15, '2014-06-25 20:00:00', 3, 0, 0, NULL, NULL, NULL, NULL, NULL),
(45, 1, 46, 27, 17, '2014-06-26 16:00:00', 3, 2, 1, NULL, NULL, NULL, NULL, NULL),
(46, 1, 45, 32, 16, '2014-06-26 16:00:00', 3, 0, 1, NULL, NULL, NULL, NULL, NULL),
(47, 1, 47, 23, 4, '2014-06-26 20:00:00', 3, 0, 1, NULL, NULL, NULL, NULL, NULL),
(48, 1, 48, 1, 28, '2014-06-26 20:00:00', 3, 1, 1, NULL, NULL, NULL, NULL, NULL),
(49, 1, 49, 6, 8, '2014-06-28 16:00:00', 4, 1, 1, 1, 1, 4, 3, 'A1-B2'),
(50, 1, 50, 9, 31, '2014-06-28 20:00:00', 4, 2, 0, NULL, NULL, NULL, NULL, 'C1-D2'),
(51, 1, 51, 25, 24, '2014-06-29 16:00:00', 4, 2, 1, NULL, NULL, NULL, NULL, 'B1-A2'),
(52, 1, 52, 10, 18, '2014-06-29 20:00:00', 4, 1, 1, 1, 1, 6, 4, 'D1-C2'),
(53, 1, 53, 15, 26, '2014-06-30 16:00:00', 4, 2, 0, NULL, NULL, NULL, NULL, 'E1-F2'),
(54, 1, 54, 16, 1, '2014-06-30 20:00:00', 4, 0, 0, 2, 1, NULL, NULL, 'G1-H2'),
(55, 1, 55, 2, 30, '2014-07-01 16:00:00', 4, 0, 0, 1, 0, NULL, NULL, 'F1-E2'),
(56, 1, 56, 4, 32, '2014-07-01 20:00:00', 4, 0, 0, 2, 1, NULL, NULL, 'G2-H1'),
(57, 1, 57, 15, 16, '2014-07-04 16:00:00', 5, 0, 1, NULL, NULL, NULL, NULL, 'W53-W54'),
(58, 1, 58, 6, 9, '2014-07-04 20:00:00', 5, 2, 1, NULL, NULL, NULL, NULL, 'W49-W50'),
(59, 1, 59, 2, 4, '2014-07-05 16:00:00', 5, 1, 0, NULL, NULL, NULL, NULL, 'W55-W56'),
(60, 1, 60, 25, 10, '2014-07-05 20:00:00', 5, 0, 0, 0, 0, 4, 3, 'W51-W52'),
(61, 1, 61, 6, 16, '2014-07-08 20:00:00', 6, 1, 7, NULL, NULL, NULL, NULL, 'W57-W58'),
(62, 1, 62, 25, 2, '2014-07-09 20:00:00', 6, 0, 0, 0, 0, 2, 4, 'W59-W60'),
(63, 1, 63, 6, 25, '2014-07-12 20:00:00', 7, 0, 3, NULL, NULL, NULL, NULL, 'L61-L62'),
(64, 1, 64, 16, 2, '2014-07-13 19:00:00', 8, 0, 0, 1, 0, NULL, NULL, 'W61-W62'),
(65, 2, 1, 33, 34, '2016-06-10 19:00:00', 9, 2, 1, NULL, NULL, NULL, NULL, NULL),
(66, 2, 2, 35, 36, '2016-06-11 13:00:00', 9, 0, 1, NULL, NULL, NULL, NULL, NULL),
(67, 2, 14, 34, 36, '2016-06-15 16:00:00', 10, 1, 1, NULL, NULL, NULL, NULL, NULL),
(68, 2, 15, 33, 35, '2016-06-15 19:00:00', 10, 2, 0, NULL, NULL, NULL, NULL, NULL),
(69, 2, 25, 34, 35, '2016-06-19 19:00:00', 11, 0, 1, NULL, NULL, NULL, NULL, NULL),
(70, 2, 26, 36, 33, '2016-06-19 19:00:00', 11, 0, 0, NULL, NULL, NULL, NULL, NULL),
(71, 2, 3, 39, 40, '2016-06-11 16:00:00', 9, 2, 1, NULL, NULL, NULL, NULL, NULL),
(72, 2, 4, 37, 38, '2016-06-11 19:00:00', 9, 1, 1, NULL, NULL, NULL, NULL, NULL),
(73, 2, 13, 38, 40, '2016-06-15 13:00:00', 10, 1, 2, NULL, NULL, NULL, NULL, NULL),
(74, 2, 16, 37, 39, '2016-06-16 13:00:00', 10, 2, 1, NULL, NULL, NULL, NULL, NULL),
(75, 2, 27, 38, 39, '2016-06-20 19:00:00', 11, 0, 3, NULL, NULL, NULL, NULL, NULL),
(76, 2, 28, 40, 37, '2016-06-20 19:00:00', 11, 0, 0, NULL, NULL, NULL, NULL, NULL),
(77, 2, 6, 43, 44, '2016-06-12 16:00:00', 9, 1, 0, NULL, NULL, NULL, NULL, NULL),
(78, 2, 7, 41, 42, '2016-06-12 19:00:00', 9, 2, 0, NULL, NULL, NULL, NULL, NULL),
(79, 2, 17, 42, 44, '2016-06-16 16:00:00', 10, 0, 2, NULL, NULL, NULL, NULL, NULL),
(80, 2, 18, 41, 43, '2016-06-16 19:00:00', 10, 0, 0, NULL, NULL, NULL, NULL, NULL),
(81, 2, 29, 42, 43, '2016-06-21 16:00:00', 11, 0, 1, NULL, NULL, NULL, NULL, NULL),
(82, 2, 30, 44, 41, '2016-06-21 16:00:00', 11, 0, 1, NULL, NULL, NULL, NULL, NULL),
(83, 2, 5, 47, 48, '2016-06-12 13:00:00', 9, 0, 1, NULL, NULL, NULL, NULL, NULL),
(84, 2, 8, 45, 46, '2016-06-13 13:00:00', 9, 1, 0, NULL, NULL, NULL, NULL, NULL),
(85, 2, 20, 46, 48, '2016-06-17 16:00:00', 10, 2, 2, NULL, NULL, NULL, NULL, NULL),
(86, 2, 21, 45, 47, '2016-06-17 19:00:00', 10, 3, 0, NULL, NULL, NULL, NULL, NULL),
(87, 2, 31, 46, 47, '2016-06-21 19:00:00', 11, 0, 2, NULL, NULL, NULL, NULL, NULL),
(88, 2, 32, 48, 45, '2016-06-21 19:00:00', 11, 2, 1, NULL, NULL, NULL, NULL, NULL),
(89, 2, 9, 51, 52, '2016-06-13 16:00:00', 9, 1, 1, NULL, NULL, NULL, NULL, NULL),
(90, 2, 10, 49, 50, '2016-06-13 19:00:00', 9, 0, 2, NULL, NULL, NULL, NULL, NULL),
(91, 2, 19, 50, 52, '2016-06-17 13:00:00', 10, 1, 0, NULL, NULL, NULL, NULL, NULL),
(92, 2, 22, 49, 51, '2016-06-18 13:00:00', 10, 3, 0, NULL, NULL, NULL, NULL, NULL),
(93, 2, 35, 50, 51, '2016-06-22 19:00:00', 11, 0, 1, NULL, NULL, NULL, NULL, NULL),
(94, 2, 36, 52, 49, '2016-06-22 19:00:00', 11, 0, 1, NULL, NULL, NULL, NULL, NULL),
(95, 2, 11, 55, 56, '2016-06-14 16:00:00', 9, 0, 2, NULL, NULL, NULL, NULL, NULL),
(96, 2, 12, 53, 54, '2016-06-14 19:00:00', 9, 1, 1, NULL, NULL, NULL, NULL, NULL),
(97, 2, 23, 54, 56, '2016-06-18 16:00:00', 10, 1, 1, NULL, NULL, NULL, NULL, NULL),
(98, 2, 24, 53, 55, '2016-06-18 19:00:00', 10, 0, 0, NULL, NULL, NULL, NULL, NULL),
(99, 2, 33, 54, 55, '2016-06-22 16:00:00', 11, 2, 1, NULL, NULL, NULL, NULL, NULL),
(100, 2, 34, 56, 53, '2016-06-22 16:00:00', 11, 3, 3, NULL, NULL, NULL, NULL, NULL),
(101, 2, 37, 36, 43, '2016-06-25 13:00:00', 12, 1, 1, 1, 1, 4, 5, 'A2-C2'),
(102, 2, 38, 39, 44, '2016-06-25 16:00:00', 12, 1, 0, NULL, NULL, NULL, NULL, 'B1-ACD3'),
(103, 2, 39, 48, 53, '2016-06-25 19:00:00', 12, 0, 0, 0, 1, NULL, NULL, 'D1-BEF3'),
(104, 2, 40, 33, 51, '2016-06-26 13:00:00', 12, 2, 1, NULL, NULL, NULL, NULL, 'A1-CDE3'),
(105, 2, 41, 41, 40, '2016-06-26 16:00:00', 12, 3, 0, NULL, NULL, NULL, NULL, 'C1-ABF3'),
(106, 2, 42, 56, 49, '2016-06-26 19:00:00', 12, 0, 4, NULL, NULL, NULL, NULL, 'F1-E2'),
(107, 2, 43, 50, 45, '2016-06-27 16:00:00', 12, 2, 0, NULL, NULL, NULL, NULL, 'E1-D2'),
(108, 2, 44, 37, 54, '2016-06-27 19:00:00', 12, 1, 2, NULL, NULL, NULL, NULL, 'B2-F2'),
(109, 2, 45, 43, 53, '2016-06-30 19:00:00', 13, 1, 1, 1, 1, 3, 5, 'W37-W39'),
(110, 2, 46, 39, 49, '2016-07-01 19:00:00', 13, 3, 1, NULL, NULL, NULL, NULL, 'W38-W42'),
(111, 2, 47, 41, 50, '2016-07-02 19:00:00', 13, 1, 1, 1, 1, 6, 5, 'W41-W43'),
(112, 2, 48, 33, 54, '2016-07-03 19:00:00', 13, 5, 2, NULL, NULL, NULL, NULL, 'W40-W44'),
(113, 2, 49, 53, 39, '2016-07-06 19:00:00', 14, 2, 0, NULL, NULL, NULL, NULL, 'W45-W46'),
(114, 2, 50, 41, 33, '2016-07-07 19:00:00', 14, 0, 2, NULL, NULL, NULL, NULL, 'W47-W48'),
(115, 2, 51, 53, 33, '2016-07-10 19:00:00', 15, 0, 0, 1, 0, NULL, NULL, 'W49-W50'),
(116, 3, 1, 57, 58, '2016-06-04 01:30:00', 16, 0, 2, NULL, NULL, NULL, NULL, NULL),
(117, 3, 2, 59, 60, '2016-06-04 21:00:00', 16, 0, 0, NULL, NULL, NULL, NULL, NULL),
(118, 3, 3, 63, 64, '2016-06-04 23:30:00', 16, 0, 1, NULL, NULL, NULL, NULL, NULL),
(119, 3, 4, 61, 62, '2016-06-05 02:00:00', 16, 0, 0, NULL, NULL, NULL, NULL, NULL),
(120, 3, 5, 67, 68, '2016-06-05 21:00:00', 16, 0, 1, NULL, NULL, NULL, NULL, NULL),
(121, 3, 6, 65, 66, '2016-06-06 00:00:00', 16, 3, 1, NULL, NULL, NULL, NULL, NULL),
(122, 3, 7, 71, 72, '2016-06-06 23:00:00', 16, 2, 1, NULL, NULL, NULL, NULL, NULL),
(123, 3, 8, 69, 70, '2016-06-07 02:00:00', 16, 2, 1, NULL, NULL, NULL, NULL, NULL),
(124, 3, 9, 57, 59, '2016-06-08 00:00:00', 17, 4, 0, NULL, NULL, NULL, NULL, NULL),
(125, 3, 10, 58, 60, '2016-06-08 02:30:00', 17, 2, 1, NULL, NULL, NULL, NULL, NULL),
(126, 3, 11, 61, 63, '2016-06-08 23:30:00', 17, 7, 1, NULL, NULL, NULL, NULL, NULL),
(127, 3, 12, 62, 64, '2016-06-09 02:00:00', 17, 2, 2, NULL, NULL, NULL, NULL, NULL),
(128, 3, 13, 66, 68, '2016-06-09 23:30:00', 17, 0, 1, NULL, NULL, NULL, NULL, NULL),
(129, 3, 14, 65, 67, '2016-06-10 02:00:00', 17, 2, 0, NULL, NULL, NULL, NULL, NULL),
(130, 3, 15, 70, 72, '2016-06-10 23:00:00', 17, 2, 1, NULL, NULL, NULL, NULL, NULL),
(131, 3, 16, 69, 71, '2016-06-11 01:30:00', 17, 5, 0, NULL, NULL, NULL, NULL, NULL),
(132, 3, 17, 57, 60, '2016-06-11 23:00:00', 18, 1, 0, NULL, NULL, NULL, NULL, NULL),
(133, 3, 18, 58, 59, '2016-06-12 01:00:00', 18, 2, 3, NULL, NULL, NULL, NULL, NULL),
(134, 3, 19, 62, 63, '2016-06-12 22:30:00', 18, 4, 0, NULL, NULL, NULL, NULL, NULL),
(135, 3, 20, 61, 64, '2016-06-13 00:30:00', 18, 0, 1, NULL, NULL, NULL, NULL, NULL),
(136, 3, 21, 65, 68, '2016-06-14 00:00:00', 18, 1, 1, NULL, NULL, NULL, NULL, NULL),
(137, 3, 22, 66, 67, '2016-06-14 02:00:00', 18, 3, 0, NULL, NULL, NULL, NULL, NULL),
(138, 3, 23, 70, 71, '2016-06-15 00:00:00', 18, 4, 2, NULL, NULL, NULL, NULL, NULL),
(139, 3, 24, 69, 72, '2016-06-15 12:00:00', 18, 3, 0, NULL, NULL, NULL, NULL, NULL),
(140, 3, 25, 57, 62, '2016-06-17 01:30:00', 19, 2, 1, NULL, NULL, NULL, NULL, 'A1-B2'),
(141, 3, 26, 64, 58, '2016-06-18 00:00:00', 19, 0, 0, 0, 0, 2, 4, 'B1-A2'),
(142, 3, 27, 69, 68, '2016-06-18 23:00:00', 19, 4, 1, NULL, NULL, NULL, NULL, 'D1-C2'),
(143, 3, 28, 65, 70, '2016-06-19 02:00:00', 19, 0, 7, NULL, NULL, NULL, NULL, 'C1-D2'),
(144, 3, 29, 57, 69, '2016-06-22 01:00:00', 20, 0, 4, NULL, NULL, NULL, NULL, 'W25-W27'),
(145, 3, 30, 58, 70, '2016-06-23 00:00:00', 20, 0, 2, NULL, NULL, NULL, NULL, 'W26-W28'),
(146, 3, 31, 57, 58, '2016-06-26 00:00:00', 21, 0, 1, NULL, NULL, NULL, NULL, 'L29-L30'),
(147, 3, 32, 69, 70, '2016-06-27 00:00:00', 22, 0, 0, 0, 0, 2, 4, 'W29-W30'),
(148, 4, 1, 95, 96, '2018-06-14 15:00:00', 23, 5, 0, NULL, NULL, NULL, NULL, NULL),
(149, 4, 2, 73, 104, '2018-06-15 12:00:00', 23, 0, 1, NULL, NULL, NULL, NULL, NULL),
(150, 4, 3, 88, 83, '2018-06-15 15:00:00', 23, 0, 1, NULL, NULL, NULL, NULL, NULL),
(151, 4, 4, 94, 101, '2018-06-15 18:00:00', 23, 3, 3, NULL, NULL, NULL, NULL, NULL),
(152, 4, 5, 82, 75, '2018-06-16 10:00:00', 23, 2, 1, NULL, NULL, NULL, NULL, NULL),
(153, 4, 6, 74, 84, '2018-06-16 13:00:00', 23, 1, 1, NULL, NULL, NULL, NULL, NULL),
(154, 4, 7, 92, 79, '2018-06-16 16:00:00', 23, 0, 1, NULL, NULL, NULL, NULL, NULL),
(155, 4, 8, 87, 90, '2018-06-16 19:00:00', 23, 2, 0, NULL, NULL, NULL, NULL, NULL),
(156, 4, 9, 78, 100, '2018-06-17 12:00:00', 23, 0, 1, NULL, NULL, NULL, NULL, NULL),
(157, 4, 10, 80, 89, '2018-06-17 15:00:00', 23, 0, 1, NULL, NULL, NULL, NULL, NULL),
(158, 4, 11, 77, 98, '2018-06-17 18:00:00', 23, 1, 1, NULL, NULL, NULL, NULL, NULL),
(159, 4, 12, 97, 102, '2018-06-18 12:00:00', 23, 1, 0, NULL, NULL, NULL, NULL, NULL),
(160, 4, 13, 76, 91, '2018-06-18 15:00:00', 23, 3, 0, NULL, NULL, NULL, NULL, NULL),
(161, 4, 14, 103, 81, '2018-06-18 18:00:00', 23, 1, 2, NULL, NULL, NULL, NULL, NULL),
(162, 4, 15, 86, 85, '2018-06-19 12:00:00', 23, 1, 2, NULL, NULL, NULL, NULL, NULL),
(163, 4, 16, 93, 99, '2018-06-19 15:00:00', 23, 1, 2, NULL, NULL, NULL, NULL, NULL),
(164, 4, 17, 95, 73, '2018-06-19 18:00:00', 24, 3, 1, NULL, NULL, NULL, NULL, NULL),
(165, 4, 18, 94, 88, '2018-06-20 12:00:00', 24, 1, 0, NULL, NULL, NULL, NULL, NULL),
(166, 4, 19, 104, 96, '2018-06-20 15:00:00', 24, 1, 0, NULL, NULL, NULL, NULL, NULL),
(167, 4, 20, 83, 101, '2018-06-20 18:00:00', 24, 0, 1, NULL, NULL, NULL, NULL, NULL),
(168, 4, 21, 79, 75, '2018-06-21 12:00:00', 24, 1, 1, NULL, NULL, NULL, NULL, NULL),
(169, 4, 22, 82, 92, '2018-06-21 15:00:00', 24, 1, 0, NULL, NULL, NULL, NULL, NULL),
(170, 4, 23, 74, 87, '2018-06-21 18:00:00', 24, 0, 3, NULL, NULL, NULL, NULL, NULL),
(171, 4, 24, 77, 78, '2018-06-22 12:00:00', 24, 2, 0, NULL, NULL, NULL, NULL, NULL),
(172, 4, 25, 90, 84, '2018-06-22 15:00:00', 24, 2, 0, NULL, NULL, NULL, NULL, NULL),
(173, 4, 26, 100, 98, '2018-06-22 18:00:00', 24, 1, 2, NULL, NULL, NULL, NULL, NULL),
(174, 4, 27, 76, 103, '2018-06-23 12:00:00', 24, 5, 2, NULL, NULL, NULL, NULL, NULL),
(175, 4, 28, 102, 89, '2018-06-23 15:00:00', 24, 1, 2, NULL, NULL, NULL, NULL, NULL),
(176, 4, 29, 80, 97, '2018-06-23 18:00:00', 24, 2, 1, NULL, NULL, NULL, NULL, NULL),
(177, 4, 30, 81, 91, '2018-06-24 12:00:00', 24, 6, 1, NULL, NULL, NULL, NULL, NULL),
(178, 4, 31, 85, 99, '2018-06-24 15:00:00', 24, 2, 2, NULL, NULL, NULL, NULL, NULL),
(179, 4, 32, 93, 86, '2018-06-24 18:00:00', 24, 0, 3, NULL, NULL, NULL, NULL, NULL),
(180, 4, 33, 104, 95, '2018-06-25 14:00:00', 25, 3, 0, NULL, NULL, NULL, NULL, NULL),
(181, 4, 34, 96, 73, '2018-06-25 14:00:00', 25, 2, 1, NULL, NULL, NULL, NULL, NULL),
(182, 4, 35, 83, 94, '2018-06-25 18:00:00', 25, 1, 1, NULL, NULL, NULL, NULL, NULL),
(183, 4, 36, 101, 88, '2018-06-25 18:00:00', 25, 2, 2, NULL, NULL, NULL, NULL, NULL),
(184, 4, 37, 79, 82, '2018-06-26 14:00:00', 25, 0, 0, NULL, NULL, NULL, NULL, NULL),
(185, 4, 38, 75, 92, '2018-06-26 14:00:00', 25, 0, 2, NULL, NULL, NULL, NULL, NULL),
(186, 4, 39, 90, 74, '2018-06-26 18:00:00', 25, 1, 2, NULL, NULL, NULL, NULL, NULL),
(187, 4, 40, 84, 87, '2018-06-26 18:00:00', 25, 1, 2, NULL, NULL, NULL, NULL, NULL),
(188, 4, 41, 102, 80, '2018-06-27 14:00:00', 25, 2, 0, NULL, NULL, NULL, NULL, NULL),
(189, 4, 42, 89, 97, '2018-06-27 14:00:00', 25, 0, 3, NULL, NULL, NULL, NULL, NULL),
(190, 4, 43, 100, 77, '2018-06-27 18:00:00', 25, 0, 2, NULL, NULL, NULL, NULL, NULL),
(191, 4, 44, 98, 78, '2018-06-27 18:00:00', 25, 2, 2, NULL, NULL, NULL, NULL, NULL),
(192, 4, 45, 85, 93, '2018-06-28 14:00:00', 25, 0, 1, NULL, NULL, NULL, NULL, NULL),
(193, 4, 46, 99, 86, '2018-06-28 14:00:00', 25, 0, 1, NULL, NULL, NULL, NULL, NULL),
(194, 4, 47, 81, 76, '2018-06-28 18:00:00', 25, 0, 1, NULL, NULL, NULL, NULL, NULL),
(195, 4, 48, 91, 103, '2018-06-28 18:00:00', 25, 1, 2, NULL, NULL, NULL, NULL, NULL),
(196, 4, 49, 82, 74, '2018-06-30 14:00:00', 26, 4, 3, NULL, NULL, NULL, NULL, 'C1-D2'),
(197, 4, 50, 104, 94, '2018-06-30 18:00:00', 26, 2, 1, NULL, NULL, NULL, NULL, 'A1-B2'),
(198, 4, 51, 101, 95, '2018-07-01 14:00:00', 26, 1, 1, 1, 1, 4, 5, 'B1-A2'),
(199, 4, 52, 87, 79, '2018-07-01 18:00:00', 26, 1, 1, 1, 1, 4, 3, 'D1-C2'),
(200, 4, 53, 77, 89, '2018-07-02 14:00:00', 26, 2, 0, NULL, NULL, NULL, NULL, 'E1-F2'),
(201, 4, 54, 76, 85, '2018-07-02 18:00:00', 26, 3, 2, NULL, NULL, NULL, NULL, 'G1-H2'),
(202, 4, 55, 97, 98, '2018-07-03 14:00:00', 26, 1, 0, NULL, NULL, NULL, NULL, 'F1-E2'),
(203, 4, 56, 86, 81, '2018-07-03 18:00:00', 26, 1, 1, 1, 1, 4, 5, 'H1-G2'),
(204, 4, 57, 82, 104, '2018-07-06 14:00:00', 27, 2, 0, NULL, NULL, NULL, NULL, 'W49-W50'),
(205, 4, 58, 77, 76, '2018-07-06 18:00:00', 27, 1, 2, NULL, NULL, NULL, NULL, 'W53-W54'),
(206, 4, 59, 97, 81, '2018-07-07 14:00:00', 27, 0, 2, NULL, NULL, NULL, NULL, 'W55-W56'),
(207, 4, 60, 95, 87, '2018-07-07 18:00:00', 27, 1, 1, 2, 2, 5, 6, 'W51-W52'),
(208, 4, 61, 82, 76, '2018-07-10 18:00:00', 28, 1, 0, NULL, NULL, NULL, NULL, 'W57-W58'),
(209, 4, 62, 81, 87, '2018-07-11 18:00:00', 28, 1, 1, 1, 2, NULL, NULL, 'W59-W60'),
(210, 4, 63, 76, 81, '2018-07-14 14:00:00', 29, 2, 0, NULL, NULL, NULL, NULL, 'L61-L62'),
(211, 4, 64, 82, 87, '2018-07-15 15:00:00', 30, 4, 2, NULL, NULL, NULL, NULL, 'W61-W62'),
(212, 5, 1, 127, 106, '2019-01-05 16:00:00', 31, 1, 1, NULL, NULL, NULL, NULL, NULL),
(213, 5, 2, 105, 113, '2019-01-06 11:00:00', 31, 0, 1, NULL, NULL, NULL, NULL, NULL),
(214, 5, 3, 124, 108, '2019-01-06 13:30:00', 31, 1, 4, NULL, NULL, NULL, NULL, NULL),
(215, 5, 4, 123, 119, '2019-01-06 16:00:00', 31, 0, 0, NULL, NULL, NULL, NULL, NULL),
(216, 5, 5, 107, 115, '2019-01-07 11:00:00', 31, 2, 1, NULL, NULL, NULL, NULL, NULL),
(217, 5, 6, 122, 120, '2019-01-07 13:30:00', 31, 1, 0, NULL, NULL, NULL, NULL, NULL),
(218, 5, 7, 110, 112, '2019-01-07 16:00:00', 31, 5, 0, NULL, NULL, NULL, NULL, NULL),
(219, 5, 8, 109, 128, '2019-01-08 13:30:00', 31, 3, 2, NULL, NULL, NULL, NULL, NULL),
(220, 5, 9, 121, 117, '2019-01-08 16:00:00', 31, 4, 0, NULL, NULL, NULL, NULL, NULL),
(221, 5, 10, 111, 125, '2019-01-09 11:00:00', 31, 3, 2, NULL, NULL, NULL, NULL, NULL),
(222, 5, 11, 126, 118, '2019-01-09 13:30:00', 31, 2, 1, NULL, NULL, NULL, NULL, NULL),
(223, 5, 12, 114, 116, '2019-01-09 16:00:00', 31, 2, 0, NULL, NULL, NULL, NULL, NULL),
(224, 5, 13, 106, 124, '2019-01-10 11:00:00', 32, 0, 1, NULL, NULL, NULL, NULL, NULL),
(225, 5, 14, 113, 123, '2019-01-10 13:30:00', 32, 2, 0, NULL, NULL, NULL, NULL, NULL),
(226, 5, 15, 108, 127, '2019-01-10 16:00:00', 32, 0, 2, NULL, NULL, NULL, NULL, NULL),
(227, 5, 16, 119, 105, '2019-01-11 11:00:00', 32, 0, 3, NULL, NULL, NULL, NULL, NULL),
(228, 5, 17, 120, 107, '2019-01-11 13:30:00', 32, 0, 3, NULL, NULL, NULL, NULL, NULL),
(229, 5, 18, 115, 122, '2019-01-11 16:00:00', 32, 0, 1, NULL, NULL, NULL, NULL, NULL),
(230, 5, 19, 128, 110, '2019-01-12 11:00:00', 32, 0, 2, NULL, NULL, NULL, NULL, NULL),
(231, 5, 20, 112, 109, '2019-01-12 13:30:00', 32, 0, 3, NULL, NULL, NULL, NULL, NULL),
(232, 5, 21, 116, 121, '2019-01-12 16:00:00', 32, 0, 2, NULL, NULL, NULL, NULL, NULL),
(233, 5, 22, 117, 114, '2019-01-13 11:00:00', 32, 0, 6, NULL, NULL, NULL, NULL, NULL),
(234, 5, 23, 118, 111, '2019-01-13 13:30:00', 32, 0, 1, NULL, NULL, NULL, NULL, NULL),
(235, 5, 24, 125, 126, '2019-01-13 16:00:00', 32, 0, 4, NULL, NULL, NULL, NULL, NULL),
(236, 5, 25, 127, 124, '2019-01-14 16:00:00', 33, 1, 1, NULL, NULL, NULL, NULL, NULL),
(237, 5, 26, 108, 106, '2019-01-14 16:00:00', 33, 0, 1, NULL, NULL, NULL, NULL, NULL),
(238, 5, 27, 105, 123, '2019-01-15 13:30:00', 33, 3, 2, NULL, NULL, NULL, NULL, NULL),
(239, 5, 28, 119, 113, '2019-01-15 13:30:00', 33, 0, 0, NULL, NULL, NULL, NULL, NULL),
(240, 5, 29, 122, 107, '2019-01-16 13:30:00', 33, 2, 0, NULL, NULL, NULL, NULL, NULL),
(241, 5, 30, 115, 120, '2019-01-16 13:30:00', 33, 3, 1, NULL, NULL, NULL, NULL, NULL),
(242, 5, 31, 128, 112, '2019-01-16 16:00:00', 33, 2, 0, NULL, NULL, NULL, NULL, NULL),
(243, 5, 32, 110, 109, '2019-01-16 16:00:00', 33, 0, 0, NULL, NULL, NULL, NULL, NULL),
(244, 5, 33, 118, 125, '2019-01-17 13:30:00', 33, 3, 1, NULL, NULL, NULL, NULL, NULL),
(245, 5, 34, 111, 126, '2019-01-17 13:30:00', 33, 2, 1, NULL, NULL, NULL, NULL, NULL),
(246, 5, 35, 121, 114, '2019-01-17 16:00:00', 33, 0, 2, NULL, NULL, NULL, NULL, NULL),
(247, 5, 36, 116, 117, '2019-01-17 16:00:00', 33, 4, 1, NULL, NULL, NULL, NULL, NULL),
(248, 5, 37, 113, 128, '2019-01-20 11:00:00', 34, 1, 1, 1, 1, 3, 5, 'B1-ACD3'),
(249, 5, 38, 124, 107, '2019-01-20 14:00:00', 34, 1, 2, NULL, NULL, NULL, NULL, 'A2-C2'),
(250, 5, 39, 110, 118, '2019-01-20 17:00:00', 34, 2, 0, NULL, NULL, NULL, NULL, 'D1-BEF3'),
(251, 5, 40, 111, 121, '2019-01-21 11:00:00', 34, 1, 0, NULL, NULL, NULL, NULL, 'F1-E2'),
(252, 5, 41, 105, 126, '2019-01-21 14:00:00', 34, 0, 0, 0, 0, 4, 2, 'B2-F2'),
(253, 5, 42, 127, 115, '2019-01-21 17:00:00', 34, 2, 2, 3, 2, NULL, NULL, 'A1-CDE3'),
(254, 5, 43, 122, 106, '2019-01-22 13:00:00', 34, 1, 1, 2, 1, NULL, NULL, 'C1-ABF3'),
(255, 5, 44, 114, 109, '2019-01-22 16:00:00', 34, 1, 0, NULL, NULL, NULL, NULL, 'E1-D2'),
(256, 5, 45, 128, 111, '2019-01-24 13:00:00', 35, 0, 1, NULL, NULL, NULL, NULL, 'W37-W40'),
(257, 5, 46, 107, 110, '2019-01-24 16:00:00', 35, 0, 3, NULL, NULL, NULL, NULL, 'W38-W39'),
(258, 5, 47, 122, 114, '2019-01-25 13:00:00', 35, 0, 1, NULL, NULL, NULL, NULL, 'W43-W44'),
(259, 5, 48, 127, 105, '2019-01-25 16:00:00', 35, 1, 0, NULL, NULL, NULL, NULL, 'W42-W41'),
(260, 5, 49, 110, 111, '2019-01-28 14:00:00', 36, 0, 3, NULL, NULL, NULL, NULL, 'W46-W45'),
(261, 5, 50, 114, 127, '2019-01-29 14:00:00', 36, 4, 0, NULL, NULL, NULL, NULL, 'W47-W48'),
(262, 5, 51, 111, 114, '2019-02-01 14:00:00', 37, 1, 3, NULL, NULL, NULL, NULL, 'W49-W50'),
(263, 6, 1, 131, 130, '2019-06-15 00:30:00', 38, 3, 0, NULL, NULL, NULL, NULL, NULL),
(264, 6, 2, 140, 138, '2019-06-15 19:00:00', 38, 0, 0, NULL, NULL, NULL, NULL, NULL),
(265, 6, 3, 129, 136, '2019-06-15 22:00:00', 38, 0, 2, NULL, NULL, NULL, NULL, NULL),
(266, 6, 4, 137, 135, '2019-06-16 19:00:00', 38, 2, 2, NULL, NULL, NULL, NULL, NULL),
(267, 6, 5, 139, 133, '2019-06-16 22:00:00', 38, 4, 0, NULL, NULL, NULL, NULL, NULL),
(268, 6, 6, 134, 132, '2019-06-17 23:00:00', 38, 0, 4, NULL, NULL, NULL, NULL, NULL),
(269, 6, 7, 130, 138, '2019-06-18 21:30:00', 39, 1, 3, NULL, NULL, NULL, NULL, NULL),
(270, 6, 8, 131, 140, '2019-06-19 00:30:00', 39, 0, 0, NULL, NULL, NULL, NULL, NULL),
(271, 6, 9, 136, 135, '2019-06-19 21:30:00', 39, 1, 0, NULL, NULL, NULL, NULL, NULL),
(272, 6, 10, 129, 137, '2019-06-20 00:30:00', 39, 1, 1, NULL, NULL, NULL, NULL, NULL),
(273, 6, 11, 139, 134, '2019-06-20 23:00:00', 39, 2, 2, NULL, NULL, NULL, NULL, NULL),
(274, 6, 12, 133, 132, '2019-06-21 23:00:00', 39, 1, 2, NULL, NULL, NULL, NULL, NULL),
(275, 6, 13, 138, 131, '2019-06-22 19:00:00', 40, 0, 5, NULL, NULL, NULL, NULL, NULL),
(276, 6, 14, 130, 140, '2019-06-22 19:00:00', 40, 1, 3, NULL, NULL, NULL, NULL, NULL),
(277, 6, 15, 135, 129, '2019-06-23 19:00:00', 40, 0, 2, NULL, NULL, NULL, NULL, NULL),
(278, 6, 16, 136, 137, '2019-06-23 19:00:00', 40, 1, 0, NULL, NULL, NULL, NULL, NULL),
(279, 6, 17, 132, 139, '2019-06-24 23:00:00', 40, 0, 1, NULL, NULL, NULL, NULL, NULL),
(280, 6, 18, 133, 134, '2019-06-24 23:00:00', 40, 1, 1, NULL, NULL, NULL, NULL, NULL),
(281, 6, 19, 131, 137, '2019-06-28 00:30:00', 41, 0, 0, NULL, NULL, 4, 3, 'A1-BC3'),
(282, 6, 20, 140, 129, '2019-06-28 19:00:00', 41, 0, 2, NULL, NULL, NULL, NULL, 'A2-B2'),
(283, 6, 21, 136, 132, '2019-06-28 23:00:00', 41, 0, 0, NULL, NULL, 4, 5, 'B1-C2'),
(284, 6, 22, 139, 138, '2019-06-29 19:00:00', 41, 0, 0, NULL, NULL, 4, 5, 'C1-AB3'),
(285, 6, 23, 131, 129, '2019-07-03 00:30:00', 42, 2, 0, NULL, NULL, NULL, NULL, 'W19-W20'),
(286, 6, 24, 132, 138, '2019-07-04 00:30:00', 42, 0, 3, NULL, NULL, NULL, NULL, 'W21-W22'),
(287, 6, 25, 129, 132, '2019-07-06 19:00:00', 43, 2, 1, NULL, NULL, NULL, NULL, 'L23-L24'),
(288, 6, 26, 131, 138, '2019-07-07 20:00:00', 44, 3, 1, NULL, NULL, NULL, NULL, 'W23-W24'),
(289, 7, 1, 141, 160, '2019-06-21 20:00:00', 45, 1, 0, NULL, NULL, NULL, NULL, NULL),
(290, 7, 2, 146, 164, '2019-06-22 14:30:00', 45, 0, 2, NULL, NULL, NULL, NULL, NULL),
(291, 7, 3, 158, 145, '2019-06-22 17:00:00', 45, 1, 0, NULL, NULL, NULL, NULL, NULL),
(292, 7, 4, 149, 153, '2019-06-22 20:00:00', 45, 2, 2, NULL, NULL, NULL, NULL, NULL),
(293, 7, 5, 155, 157, '2019-06-23 14:30:00', 45, 1, 0, NULL, NULL, NULL, NULL, NULL),
(294, 7, 6, 159, 162, '2019-06-23 17:00:00', 45, 2, 0, NULL, NULL, NULL, NULL, NULL),
(295, 7, 7, 142, 152, '2019-06-23 20:00:00', 45, 2, 0, NULL, NULL, NULL, NULL, NULL),
(296, 7, 8, 147, 161, '2019-06-24 14:30:00', 45, 1, 0, NULL, NULL, NULL, NULL, NULL),
(297, 7, 9, 163, 143, '2019-06-24 17:00:00', 45, 1, 1, NULL, NULL, NULL, NULL, NULL),
(298, 7, 10, 154, 156, '2019-06-24 20:00:00', 45, 4, 1, NULL, NULL, NULL, NULL, NULL),
(299, 7, 11, 151, 150, '2019-06-25 17:00:00', 45, 2, 0, NULL, NULL, NULL, NULL, NULL),
(300, 7, 12, 148, 144, '2019-06-25 20:00:00', 45, 2, 2, NULL, NULL, NULL, NULL, NULL),
(301, 7, 13, 158, 149, '2019-06-26 14:30:00', 46, 1, 0, NULL, NULL, NULL, NULL, NULL),
(302, 7, 14, 164, 160, '2019-06-26 17:00:00', 46, 1, 1, NULL, NULL, NULL, NULL, NULL),
(303, 7, 15, 141, 146, '2019-06-26 20:00:00', 46, 2, 0, NULL, NULL, NULL, NULL, NULL),
(304, 7, 16, 153, 145, '2019-06-27 14:30:00', 46, 1, 0, NULL, NULL, NULL, NULL, NULL),
(305, 7, 17, 159, 142, '2019-06-27 17:00:00', 46, 0, 1, NULL, NULL, NULL, NULL, NULL),
(306, 7, 18, 152, 162, '2019-06-27 20:00:00', 46, 3, 2, NULL, NULL, NULL, NULL, NULL),
(307, 7, 19, 163, 154, '2019-06-28 14:30:00', 46, 1, 1, NULL, NULL, NULL, NULL, NULL),
(308, 7, 20, 155, 147, '2019-06-28 17:00:00', 46, 1, 0, NULL, NULL, NULL, NULL, NULL),
(309, 7, 21, 161, 157, '2019-06-28 20:00:00', 46, 1, 0, NULL, NULL, NULL, NULL, NULL),
(310, 7, 22, 156, 143, '2019-06-29 14:30:00', 46, 0, 0, NULL, NULL, NULL, NULL, NULL),
(311, 7, 23, 151, 148, '2019-06-29 17:00:00', 46, 0, 0, NULL, NULL, NULL, NULL, NULL),
(312, 7, 24, 144, 150, '2019-06-29 20:00:00', 46, 0, 0, NULL, NULL, NULL, NULL, NULL),
(313, 7, 25, 153, 158, '2019-06-30 16:00:00', 47, 2, 0, NULL, NULL, NULL, NULL, NULL),
(314, 7, 26, 145, 149, '2019-06-30 16:00:00', 47, 0, 2, NULL, NULL, NULL, NULL, NULL),
(315, 7, 27, 164, 141, '2019-06-30 19:00:00', 47, 0, 2, NULL, NULL, NULL, NULL, NULL),
(316, 7, 28, 160, 146, '2019-06-30 19:00:00', 47, 0, 4, NULL, NULL, NULL, NULL, NULL),
(317, 7, 29, 161, 155, '2019-07-01 16:00:00', 47, 0, 1, NULL, NULL, NULL, NULL, NULL),
(318, 7, 30, 157, 147, '2019-07-01 16:00:00', 47, 1, 4, NULL, NULL, NULL, NULL, NULL),
(319, 7, 31, 152, 159, '2019-07-01 19:00:00', 47, 0, 3, NULL, NULL, NULL, NULL, NULL),
(320, 7, 32, 162, 142, '2019-07-01 19:00:00', 47, 0, 3, NULL, NULL, NULL, NULL, NULL),
(321, 7, 33, 144, 151, '2019-07-02 16:00:00', 47, 0, 0, NULL, NULL, NULL, NULL, NULL),
(322, 7, 34, 150, 148, '2019-07-02 16:00:00', 47, 0, 2, NULL, NULL, NULL, NULL, NULL),
(323, 7, 35, 156, 163, '2019-07-02 19:00:00', 47, 0, 0, NULL, NULL, NULL, NULL, NULL),
(324, 7, 36, 143, 154, '2019-07-02 19:00:00', 47, 0, 1, NULL, NULL, NULL, NULL, NULL),
(325, 7, 37, 155, 144, '2019-07-05 16:00:00', 48, 1, 1, 1, 1, 2, 5, 'D1-BEF3'),
(326, 7, 38, 164, 159, '2019-07-05 19:00:00', 48, 0, 1, NULL, NULL, NULL, NULL, 'A2-C2'),
(327, 7, 39, 158, 151, '2019-07-06 16:00:00', 48, 3, 2, NULL, NULL, NULL, NULL, 'B2-F2'),
(328, 7, 40, 141, 161, '2019-07-06 19:00:00', 48, 0, 1, NULL, NULL, NULL, NULL, 'A1-CDE3'),
(329, 7, 41, 153, 146, '2019-07-07 16:00:00', 48, 2, 2, 2, 2, 6, 4, 'B1-ACD3'),
(330, 7, 42, 142, 149, '2019-07-07 19:00:00', 48, 3, 0, NULL, NULL, NULL, NULL, 'C1-ABF3'),
(331, 7, 43, 154, 147, '2019-07-08 16:00:00', 48, 0, 1, NULL, NULL, NULL, NULL, 'E1-D2'),
(332, 7, 44, 148, 163, '2019-07-08 19:00:00', 48, 1, 1, 1, 1, 5, 6, 'F1-E2'),
(333, 7, 45, 159, 144, '2019-07-10 16:00:00', 49, 1, 0, NULL, NULL, NULL, NULL, 'W38-W37'),
(334, 7, 46, 158, 161, '2019-07-10 19:00:00', 49, 2, 1, NULL, NULL, NULL, NULL, 'W39-W40'),
(335, 7, 47, 147, 142, '2019-07-11 16:00:00', 49, 1, 1, 1, 1, 4, 5, 'W43-W42'),
(336, 7, 48, 153, 163, '2019-07-11 19:00:00', 49, 0, 3, NULL, NULL, NULL, NULL, 'W41-W44'),
(337, 7, 49, 159, 163, '2019-07-14 16:00:00', 50, 0, 0, 1, 0, NULL, NULL, 'W45-W48'),
(338, 7, 50, 142, 158, '2019-07-14 19:00:00', 50, 2, 1, NULL, NULL, NULL, NULL, 'W47-W46'),
(339, 7, 51, 163, 158, '2019-07-17 19:00:00', 51, 0, 1, NULL, NULL, NULL, NULL, 'L49-L50'),
(340, 7, 52, 159, 142, '2019-07-19 19:00:00', 52, 0, 1, NULL, NULL, NULL, NULL, 'W49-W50'),
(341, 8, 1, 185, 171, '2021-06-11 19:00:00', 53, 0, 3, NULL, NULL, NULL, NULL, NULL),
(342, 8, 2, 188, 181, '2021-06-12 13:00:00', 53, 1, 1, NULL, NULL, NULL, NULL, NULL),
(343, 8, 3, 166, 169, '2021-06-12 16:00:00', 53, 0, 1, NULL, NULL, NULL, NULL, NULL),
(344, 8, 4, 165, 178, '2021-06-12 19:00:00', 53, 3, 0, NULL, NULL, NULL, NULL, NULL),
(345, 8, 5, 168, 172, '2021-06-13 13:00:00', 53, 1, 0, NULL, NULL, NULL, NULL, NULL),
(346, 8, 6, 175, 174, '2021-06-13 16:00:00', 53, 3, 1, NULL, NULL, NULL, NULL, NULL),
(347, 8, 7, 173, 186, '2021-06-13 19:00:00', 53, 3, 2, NULL, NULL, NULL, NULL, NULL),
(348, 8, 8, 179, 184, '2021-06-14 13:00:00', 53, 0, 2, NULL, NULL, NULL, NULL, NULL),
(349, 8, 9, 176, 182, '2021-06-14 16:00:00', 53, 1, 2, NULL, NULL, NULL, NULL, NULL),
(350, 8, 10, 183, 180, '2021-06-14 19:00:00', 53, 0, 0, NULL, NULL, NULL, NULL, NULL),
(351, 8, 11, 187, 177, '2021-06-15 16:00:00', 53, 0, 3, NULL, NULL, NULL, NULL, NULL),
(352, 8, 12, 170, 167, '2021-06-15 19:00:00', 53, 1, 0, NULL, NULL, NULL, NULL, NULL),
(353, 8, 13, 169, 178, '2021-06-16 13:00:00', 54, 0, 1, NULL, NULL, NULL, NULL, NULL),
(354, 8, 14, 185, 188, '2021-06-16 16:00:00', 54, 0, 2, NULL, NULL, NULL, NULL, NULL),
(355, 8, 15, 171, 181, '2021-06-16 19:00:00', 54, 3, 0, NULL, NULL, NULL, NULL, NULL),
(356, 8, 16, 186, 174, '2021-06-17 13:00:00', 54, 2, 1, NULL, NULL, NULL, NULL, NULL),
(357, 8, 17, 166, 165, '2021-06-17 16:00:00', 54, 1, 2, NULL, NULL, NULL, NULL, NULL),
(358, 8, 18, 173, 175, '2021-06-17 19:00:00', 54, 2, 0, NULL, NULL, NULL, NULL, NULL),
(359, 8, 19, 180, 182, '2021-06-18 13:00:00', 54, 1, 0, NULL, NULL, NULL, NULL, NULL),
(360, 8, 20, 172, 184, '2021-06-18 16:00:00', 54, 1, 1, NULL, NULL, NULL, NULL, NULL),
(361, 8, 21, 168, 179, '2021-06-18 19:00:00', 54, 0, 0, NULL, NULL, NULL, NULL, NULL),
(362, 8, 22, 187, 170, '2021-06-19 13:00:00', 54, 1, 1, NULL, NULL, NULL, NULL, NULL),
(363, 8, 23, 177, 167, '2021-06-19 16:00:00', 54, 2, 4, NULL, NULL, NULL, NULL, NULL),
(364, 8, 24, 183, 176, '2021-06-19 19:00:00', 54, 1, 1, NULL, NULL, NULL, NULL, NULL),
(365, 8, 25, 171, 188, '2021-06-20 16:00:00', 55, 1, 0, NULL, NULL, NULL, NULL, NULL),
(366, 8, 26, 181, 185, '2021-06-20 16:00:00', 55, 3, 1, NULL, NULL, NULL, NULL, NULL),
(367, 8, 27, 186, 175, '2021-06-21 16:00:00', 55, 0, 1, NULL, NULL, NULL, NULL, NULL),
(368, 8, 28, 174, 173, '2021-06-21 16:00:00', 55, 0, 3, NULL, NULL, NULL, NULL, NULL),
(369, 8, 29, 178, 166, '2021-06-21 19:00:00', 55, 1, 4, NULL, NULL, NULL, NULL, NULL),
(370, 8, 30, 169, 165, '2021-06-21 19:00:00', 55, 0, 2, NULL, NULL, NULL, NULL, NULL),
(371, 8, 31, 184, 168, '2021-06-22 19:00:00', 55, 0, 1, NULL, NULL, NULL, NULL, NULL),
(372, 8, 32, 172, 179, '2021-06-22 19:00:00', 55, 3, 1, NULL, NULL, NULL, NULL, NULL),
(373, 8, 33, 180, 176, '2021-06-23 16:00:00', 55, 3, 2, NULL, NULL, NULL, NULL, NULL),
(374, 8, 34, 182, 183, '2021-06-23 16:00:00', 55, 0, 5, NULL, NULL, NULL, NULL, NULL),
(375, 8, 35, 177, 170, '2021-06-23 19:00:00', 55, 2, 2, NULL, NULL, NULL, NULL, NULL),
(376, 8, 36, 167, 187, '2021-06-23 19:00:00', 55, 2, 2, NULL, NULL, NULL, NULL, NULL),
(377, 8, 37, 171, 175, '2021-06-26 19:00:00', 56, 0, 0, 2, 1, NULL, NULL, 'A1-C2'),
(378, 8, 38, 188, 166, '2021-06-26 16:00:00', 56, 0, 4, NULL, NULL, NULL, NULL, 'A2-B2'),
(379, 8, 39, 165, 177, '2021-06-27 19:00:00', 56, 1, 0, NULL, NULL, NULL, NULL, 'B1-ADEF3'),
(380, 8, 40, 173, 184, '2021-06-27 16:00:00', 56, 0, 2, NULL, NULL, NULL, NULL, 'C1-DEF3'),
(381, 8, 41, 170, 181, '2021-06-28 19:00:00', 56, 3, 3, 3, 3, 7, 8, 'F1-ABC3'),
(382, 8, 42, 172, 183, '2021-06-28 16:00:00', 56, 3, 3, 3, 5, NULL, NULL, 'D2-E2'),
(383, 8, 43, 180, 186, '2021-06-29 19:00:00', 56, 1, 1, 1, 2, NULL, NULL, 'E1-ABCD3'),
(384, 8, 44, 168, 167, '2021-06-29 16:00:00', 56, 2, 0, NULL, NULL, NULL, NULL, 'D1-F2'),
(385, 8, 45, 181, 183, '2021-07-02 16:00:00', 57, 1, 1, 1, 1, 2, 4, 'W41-W42'),
(386, 8, 46, 165, 171, '2021-07-02 19:00:00', 57, 1, 2, NULL, NULL, NULL, NULL, 'W39-W37'),
(387, 8, 47, 184, 166, '2021-07-03 16:00:00', 57, 1, 2, NULL, NULL, NULL, NULL, 'W40-W38'),
(388, 8, 48, 186, 168, '2021-07-03 19:00:00', 57, 0, 4, NULL, NULL, NULL, NULL, 'W43-W44'),
(389, 8, 49, 171, 183, '2021-07-06 19:00:00', 58, 1, 1, 1, 1, 5, 3, 'W46-W45'),
(390, 8, 50, 168, 166, '2021-07-07 19:00:00', 58, 1, 1, 2, 1, NULL, NULL, 'W48-W47'),
(391, 8, 51, 171, 168, '2021-07-11 19:00:00', 59, 1, 1, 1, 1, 4, 3, 'W49-W50'),
(392, 9, 1, 191, 198, '2021-06-13 21:00:00', 60, 3, 0, NULL, NULL, NULL, NULL, NULL),
(393, 9, 2, 194, 193, '2021-06-14 00:00:00', 60, 1, 0, NULL, NULL, NULL, NULL, NULL),
(394, 9, 3, 189, 192, '2021-06-14 21:00:00', 60, 1, 1, NULL, NULL, NULL, NULL, NULL),
(395, 9, 4, 195, 190, '2021-06-15 00:00:00', 60, 3, 1, NULL, NULL, NULL, NULL, NULL),
(396, 9, 5, 194, 198, '2021-06-17 21:00:00', 60, 0, 0, NULL, NULL, NULL, NULL, NULL),
(397, 9, 6, 191, 196, '2021-06-18 00:00:00', 60, 4, 0, NULL, NULL, NULL, NULL, NULL),
(398, 9, 7, 192, 190, '2021-06-18 21:00:00', 60, 1, 0, NULL, NULL, NULL, NULL, NULL),
(399, 9, 8, 189, 197, '2021-06-19 00:00:00', 60, 1, 0, NULL, NULL, NULL, NULL, NULL),
(400, 9, 9, 198, 193, '2021-06-20 21:00:00', 60, 2, 2, NULL, NULL, NULL, NULL, NULL),
(401, 9, 10, 194, 196, '2021-06-21 00:00:00', 60, 1, 2, NULL, NULL, NULL, NULL, NULL),
(402, 9, 11, 197, 192, '2021-06-21 21:00:00', 60, 1, 1, NULL, NULL, NULL, NULL, NULL),
(403, 9, 12, 189, 195, '2021-06-22 00:00:00', 60, 1, 0, NULL, NULL, NULL, NULL, NULL),
(404, 9, 13, 193, 196, '2021-06-23 21:00:00', 60, 2, 2, NULL, NULL, NULL, NULL, NULL),
(405, 9, 14, 191, 194, '2021-06-24 00:00:00', 60, 2, 1, NULL, NULL, NULL, NULL, NULL),
(406, 9, 15, 190, 197, '2021-06-24 21:00:00', 60, 0, 2, NULL, NULL, NULL, NULL, NULL),
(407, 9, 16, 192, 195, '2021-06-25 00:00:00', 60, 0, 2, NULL, NULL, NULL, NULL, NULL),
(408, 9, 17, 191, 193, '2021-06-27 21:00:00', 60, 1, 1, NULL, NULL, NULL, NULL, NULL),
(409, 9, 18, 198, 196, '2021-06-27 21:00:00', 60, 0, 1, NULL, NULL, NULL, NULL, NULL),
(410, 9, 19, 190, 189, '2021-06-29 00:00:00', 60, 1, 4, NULL, NULL, NULL, NULL, NULL),
(411, 9, 20, 197, 195, '2021-06-29 00:00:00', 60, 1, 0, NULL, NULL, NULL, NULL, NULL),
(412, 9, 21, 196, 195, '2021-07-02 21:00:00', 61, 3, 3, NULL, NULL, 7, 6, 'B2-A3'),
(413, 9, 22, 191, 192, '2021-07-03 00:00:00', 61, 1, 0, NULL, NULL, NULL, NULL, 'B1-A4'),
(414, 9, 23, 197, 194, '2021-07-03 22:00:00', 61, 0, 0, NULL, NULL, 2, 4, 'A2-B3'),
(415, 9, 24, 189, 193, '2021-07-04 01:00:00', 61, 3, 0, NULL, NULL, NULL, NULL, 'A1-B4'),
(416, 9, 25, 191, 196, '2021-07-05 23:00:00', 62, 1, 0, NULL, NULL, NULL, NULL, 'W22-W21'),
(417, 9, 26, 189, 194, '2021-07-07 01:00:00', 62, 1, 1, NULL, NULL, 4, 3, 'W24-W23'),
(418, 9, 27, 194, 196, '2021-07-10 00:00:00', 63, 3, 2, NULL, NULL, NULL, NULL, 'L26-L25'),
(419, 9, 28, 189, 191, '2021-07-11 00:00:00', 64, 1, 0, NULL, NULL, NULL, NULL, 'W26-W25'),
(420, 10, 1, 209, 200, '2021-11-30 16:30:00', 65, 1, 0, NULL, NULL, NULL, NULL, NULL),
(421, 10, 2, 213, 205, '2021-11-30 10:00:00', 65, 5, 1, NULL, NULL, NULL, NULL, NULL),
(422, 10, 3, 202, 207, '2021-11-30 13:00:00', 65, 1, 1, NULL, NULL, NULL, NULL, NULL),
(423, 10, 4, 214, 212, '2021-11-30 19:00:00', 65, 2, 1, NULL, NULL, NULL, NULL, NULL),
(424, 10, 5, 199, 211, '2021-12-01 10:00:00', 65, 4, 0, NULL, NULL, NULL, NULL, NULL),
(425, 10, 6, 201, 204, '2021-12-01 13:00:00', 65, 1, 0, NULL, NULL, NULL, NULL, NULL),
(426, 10, 7, 206, 208, '2021-12-01 16:00:00', 65, 4, 0, NULL, NULL, NULL, NULL, NULL),
(427, 10, 8, 210, 203, '2021-12-01 19:00:00', 65, 0, 1, NULL, NULL, NULL, NULL, NULL),
(428, 10, 9, 200, 202, '2021-12-03 10:00:00', 66, 0, 0, NULL, NULL, NULL, NULL, NULL),
(429, 10, 10, 207, 209, '2021-12-03 13:00:00', 66, 1, 2, NULL, NULL, NULL, NULL, NULL),
(430, 10, 11, 205, 214, '2021-12-03 16:00:00', 66, 0, 1, NULL, NULL, NULL, NULL, NULL),
(431, 10, 12, 212, 213, '2021-12-03 19:00:00', 66, 2, 0, NULL, NULL, NULL, NULL, NULL),
(432, 10, 13, 203, 206, '2021-12-04 10:00:00', 66, 0, 4, NULL, NULL, NULL, NULL, NULL),
(433, 10, 14, 204, 199, '2021-12-04 13:00:00', 66, 0, 2, NULL, NULL, NULL, NULL, NULL),
(434, 10, 15, 211, 201, '2021-12-04 16:00:00', 66, 0, 5, NULL, NULL, NULL, NULL, NULL),
(435, 10, 16, 208, 210, '2021-12-04 19:00:00', 66, 1, 1, NULL, NULL, NULL, NULL, NULL),
(436, 10, 17, 212, 205, '2021-12-06 15:00:00', 67, 1, 2, NULL, NULL, NULL, NULL, NULL),
(437, 10, 18, 213, 214, '2021-12-06 15:00:00', 67, 1, 0, NULL, NULL, NULL, NULL, NULL),
(438, 10, 19, 207, 200, '2021-12-06 19:00:00', 67, 3, 0, NULL, NULL, NULL, NULL, NULL),
(439, 10, 20, 209, 202, '2021-12-06 19:00:00', 67, 3, 0, NULL, NULL, NULL, NULL, NULL),
(440, 10, 21, 206, 210, '2021-12-07 15:00:00', 67, 1, 0, NULL, NULL, NULL, NULL, NULL),
(441, 10, 22, 203, 208, '2021-12-07 15:00:00', 67, 5, 1, NULL, NULL, NULL, NULL, NULL),
(442, 10, 23, 199, 201, '2021-12-07 19:00:00', 67, 1, 1, NULL, NULL, NULL, NULL, NULL),
(443, 10, 24, 204, 211, '2021-12-07 19:00:00', 67, 1, 0, NULL, NULL, NULL, NULL, NULL),
(444, 10, 25, 213, 207, '2021-12-10 15:00:00', 68, 2, 1, NULL, NULL, NULL, NULL, 'B1-A2'),
(445, 10, 26, 209, 214, '2021-12-10 19:00:00', 68, 5, 0, NULL, NULL, NULL, NULL, 'A1-B2'),
(446, 10, 27, 201, 203, '2021-12-11 15:00:00', 68, 1, 1, 3, 1, NULL, NULL, 'D1-C2'),
(447, 10, 28, 206, 199, '2021-12-11 19:00:00', 68, 1, 1, 2, 2, 5, 7, 'C1-D2'),
(448, 10, 29, 213, 201, '2021-12-15 15:00:00', 69, 1, 0, NULL, NULL, NULL, NULL, 'W25-W27'),
(449, 10, 30, 209, 199, '2021-12-15 19:00:00', 69, 1, 2, NULL, NULL, NULL, NULL, 'W26-W28'),
(450, 10, 31, 201, 209, '2021-12-18 10:00:00', 70, 0, 0, 0, 0, 4, 5, 'L29-L30'),
(451, 10, 32, 213, 199, '2021-12-18 15:00:00', 71, 0, 0, 0, 2, NULL, NULL, 'W29-W30'),
(452, 11, 1, 230, 222, '2022-11-20 16:00:00', 72, NULL, NULL, NULL, NULL, NULL, NULL, NULL),
(453, 11, 2, 223, 226, '2022-11-21 13:00:00', 72, NULL, NULL, NULL, NULL, NULL, NULL, NULL),
(454, 11, 3, 239, 234, '2022-11-21 16:00:00', 72, NULL, NULL, NULL, NULL, NULL, NULL, NULL),
(455, 11, 4, 245, 246, '2022-11-21 19:00:00', 72, NULL, NULL, NULL, NULL, NULL, NULL, NULL),
(456, 11, 5, 215, 237, '2022-11-22 10:00:00', 72, NULL, NULL, NULL, NULL, NULL, NULL, NULL),
(457, 11, 6, 220, 243, '2022-11-22 13:00:00', 72, NULL, NULL, NULL, NULL, NULL, NULL, NULL),
(458, 11, 7, 233, 235, '2022-11-22 16:00:00', 72, NULL, NULL, NULL, NULL, NULL, NULL, NULL),
(459, 11, 8, 224, 216, '2022-11-22 19:00:00', 72, NULL, NULL, NULL, NULL, NULL, NULL, NULL),
(460, 11, 9, 232, 231, '2022-11-23 10:00:00', 72, NULL, NULL, NULL, NULL, NULL, NULL, NULL),
(461, 11, 10, 221, 227, '2022-11-23 13:00:00', 72, NULL, NULL, NULL, NULL, NULL, NULL, NULL),
(462, 11, 11, 241, 219, '2022-11-23 16:00:00', 72, NULL, NULL, NULL, NULL, NULL, NULL, NULL),
(463, 11, 12, 217, 229, '2022-11-23 19:00:00', 72, NULL, NULL, NULL, NULL, NULL, NULL, NULL),
(464, 11, 13, 238, 228, '2022-11-24 10:00:00', 72, NULL, NULL, NULL, NULL, NULL, NULL, NULL),
(465, 11, 14, 244, 242, '2022-11-24 13:00:00', 72, NULL, NULL, NULL, NULL, NULL, NULL, NULL),
(466, 11, 15, 236, 225, '2022-11-24 16:00:00', 72, NULL, NULL, NULL, NULL, NULL, NULL, NULL),
(467, 11, 16, 218, 240, '2022-11-24 19:00:00', 72, NULL, NULL, NULL, NULL, NULL, NULL, NULL),
(468, 11, 17, 246, 226, '2022-11-25 10:00:00', 73, NULL, NULL, NULL, NULL, NULL, NULL, NULL),
(469, 11, 18, 230, 239, '2022-11-25 13:00:00', 73, NULL, NULL, NULL, NULL, NULL, NULL, NULL),
(470, 11, 19, 234, 222, '2022-11-25 16:00:00', 73, NULL, NULL, NULL, NULL, NULL, NULL, NULL),
(471, 11, 20, 223, 245, '2022-11-25 19:00:00', 73, NULL, NULL, NULL, NULL, NULL, NULL, NULL),
(472, 11, 21, 243, 216, '2022-11-26 10:00:00', 73, NULL, NULL, NULL, NULL, NULL, NULL, NULL),
(473, 11, 22, 235, 237, '2022-11-26 13:00:00', 73, NULL, NULL, NULL, NULL, NULL, NULL, NULL),
(474, 11, 23, 224, 220, '2022-11-26 16:00:00', 73, NULL, NULL, NULL, NULL, NULL, NULL, NULL),
(475, 11, 24, 215, 233, '2022-11-26 19:00:00', 73, NULL, NULL, NULL, NULL, NULL, NULL, NULL),
(476, 11, 25, 227, 219, '2022-11-27 10:00:00', 73, NULL, NULL, NULL, NULL, NULL, NULL, NULL),
(477, 11, 26, 217, 232, '2022-11-27 13:00:00', 73, NULL, NULL, NULL, NULL, NULL, NULL, NULL),
(478, 11, 27, 231, 229, '2022-11-27 16:00:00', 73, NULL, NULL, NULL, NULL, NULL, NULL, NULL),
(479, 11, 28, 241, 221, '2022-11-27 19:00:00', 73, NULL, NULL, NULL, NULL, NULL, NULL, NULL),
(480, 11, 29, 228, 240, '2022-11-28 10:00:00', 73, NULL, NULL, NULL, NULL, NULL, NULL, NULL),
(481, 11, 30, 242, 225, '2022-11-28 13:00:00', 73, NULL, NULL, NULL, NULL, NULL, NULL, NULL),
(482, 11, 31, 218, 238, '2022-11-28 16:00:00', 73, NULL, NULL, NULL, NULL, NULL, NULL, NULL),
(483, 11, 32, 236, 244, '2022-11-28 19:00:00', 73, NULL, NULL, NULL, NULL, NULL, NULL, NULL),
(484, 11, 33, 222, 239, '2022-11-29 15:00:00', 74, NULL, NULL, NULL, NULL, NULL, NULL, NULL),
(485, 11, 34, 234, 230, '2022-11-29 15:00:00', 74, NULL, NULL, NULL, NULL, NULL, NULL, NULL),
(486, 11, 35, 246, 223, '2022-11-29 19:00:00', 74, NULL, NULL, NULL, NULL, NULL, NULL, NULL),
(487, 11, 36, 226, 245, '2022-11-29 19:00:00', 74, NULL, NULL, NULL, NULL, NULL, NULL, NULL),
(488, 11, 37, 216, 220, '2022-11-30 15:00:00', 74, NULL, NULL, NULL, NULL, NULL, NULL, NULL),
(489, 11, 38, 243, 224, '2022-11-30 15:00:00', 74, NULL, NULL, NULL, NULL, NULL, NULL, NULL),
(490, 11, 39, 235, 215, '2022-11-30 19:00:00', 74, NULL, NULL, NULL, NULL, NULL, NULL, NULL),
(491, 11, 40, 237, 233, '2022-11-30 19:00:00', 74, NULL, NULL, NULL, NULL, NULL, NULL, NULL),
(492, 11, 41, 229, 232, '2022-12-01 15:00:00', 74, NULL, NULL, NULL, NULL, NULL, NULL, NULL),
(493, 11, 42, 231, 217, '2022-12-01 15:00:00', 74, NULL, NULL, NULL, NULL, NULL, NULL, NULL),
(494, 11, 43, 219, 221, '2022-12-01 19:00:00', 74, NULL, NULL, NULL, NULL, NULL, NULL, NULL),
(495, 11, 44, 227, 241, '2022-12-01 19:00:00', 74, NULL, NULL, NULL, NULL, NULL, NULL, NULL),
(496, 11, 45, 225, 244, '2022-12-02 15:00:00', 74, NULL, NULL, NULL, NULL, NULL, NULL, NULL),
(497, 11, 46, 242, 236, '2022-12-02 15:00:00', 74, NULL, NULL, NULL, NULL, NULL, NULL, NULL),
(498, 11, 47, 240, 238, '2022-12-02 19:00:00', 74, NULL, NULL, NULL, NULL, NULL, NULL, NULL),
(499, 11, 48, 228, 218, '2022-12-02 19:00:00', 74, NULL, NULL, NULL, NULL, NULL, NULL, NULL),
(500, 11, 49, NULL, NULL, '2022-12-03 15:00:00', 75, NULL, NULL, NULL, NULL, NULL, NULL, 'A1-B2'),
(501, 11, 50, NULL, NULL, '2022-12-03 19:00:00', 75, NULL, NULL, NULL, NULL, NULL, NULL, 'C1-D2'),
(502, 11, 51, NULL, NULL, '2022-12-04 15:00:00', 75, NULL, NULL, NULL, NULL, NULL, NULL, 'D1-C2'),
(503, 11, 52, NULL, NULL, '2022-12-04 19:00:00', 75, NULL, NULL, NULL, NULL, NULL, NULL, 'B1-A2'),
(504, 11, 53, NULL, NULL, '2022-12-05 15:00:00', 75, NULL, NULL, NULL, NULL, NULL, NULL, 'E1-F2'),
(505, 11, 54, NULL, NULL, '2022-12-05 19:00:00', 75, NULL, NULL, NULL, NULL, NULL, NULL, 'G1-H2'),
(506, 11, 55, NULL, NULL, '2022-12-06 15:00:00', 75, NULL, NULL, NULL, NULL, NULL, NULL, 'F1-E2'),
(507, 11, 56, NULL, NULL, '2022-12-06 19:00:00', 75, NULL, NULL, NULL, NULL, NULL, NULL, 'H1-G2'),
(508, 11, 57, NULL, NULL, '2022-12-09 15:00:00', 76, NULL, NULL, NULL, NULL, NULL, NULL, 'W53-W54'),
(509, 11, 58, NULL, NULL, '2022-12-09 19:00:00', 76, NULL, NULL, NULL, NULL, NULL, NULL, 'W49-W50'),
(510, 11, 59, NULL, NULL, '2022-12-10 15:00:00', 76, NULL, NULL, NULL, NULL, NULL, NULL, 'W55-W56'),
(511, 11, 60, NULL, NULL, '2022-12-10 19:00:00', 76, NULL, NULL, NULL, NULL, NULL, NULL, 'W51-W52'),
(512, 11, 61, NULL, NULL, '2022-12-13 19:00:00', 77, NULL, NULL, NULL, NULL, NULL, NULL, 'W58-W57'),
(513, 11, 62, NULL, NULL, '2022-12-14 19:00:00', 77, NULL, NULL, NULL, NULL, NULL, NULL, 'W60-W59'),
(514, 11, 63, NULL, NULL, '2022-12-17 15:00:00', 78, NULL, NULL, NULL, NULL, NULL, NULL, 'L61-L62'),
(515, 11, 64, NULL, NULL, '2022-12-18 15:00:00', 79, NULL, NULL, NULL, NULL, NULL, NULL, 'W61-W62');

-- --------------------------------------------------------

--
-- Table structure for table `role`
--

CREATE TABLE `role` (
  `role_id` int NOT NULL,
  `role` varchar(16) CHARACTER SET utf8mb4 COLLATE utf8mb4_unicode_ci NOT NULL,
  `name` varchar(50) CHARACTER SET utf8mb4 COLLATE utf8mb4_unicode_ci NOT NULL
) ENGINE=InnoDB DEFAULT CHARSET=utf8mb4 COLLATE=utf8mb4_unicode_ci;

--
-- Dumping data for table `role`
--

INSERT INTO `role` (`role_id`, `role`, `name`) VALUES
(1, 'ADMIN', 'Administrator'),
(2, 'USER', 'User');

-- --------------------------------------------------------

--
-- Table structure for table `round`
--

CREATE TABLE `round` (
  `round_id` int NOT NULL,
  `event_id` int NOT NULL,
  `name` varchar(50) CHARACTER SET utf8mb4 COLLATE utf8mb4_unicode_ci NOT NULL,
  `is_groupmatch` tinyint(1) NOT NULL COMMENT '1 if the matches belongs to this round are group-matches, 0 otherwise',
  `is_overtime` tinyint(1) DEFAULT NULL COMMENT '0/1 if there is/not overtime in case of non-group-matches belongs to this round, NULL in case of group-matches'
) ENGINE=InnoDB DEFAULT CHARSET=utf8mb4 COLLATE=utf8mb4_unicode_ci;

--
-- Dumping data for table `round`
--

INSERT INTO `round` (`round_id`, `event_id`, `name`, `is_groupmatch`, `is_overtime`) VALUES
(1, 1, '1st round', 1, NULL),
(2, 1, '2nd round', 1, NULL),
(3, 1, '3rd round', 1, NULL),
(4, 1, 'Round of 16', 0, 1),
(5, 1, 'Quarter-finals', 0, 1),
(6, 1, 'Semi-finals', 0, 1),
(7, 1, 'Third place play-off', 0, 1),
(8, 1, 'Final', 0, 1),
(9, 2, '1st round', 1, NULL),
(10, 2, '2nd round', 1, NULL),
(11, 2, '3rd round', 1, NULL),
(12, 2, 'Round of 16', 0, 1),
(13, 2, 'Quarter-finals', 0, 1),
(14, 2, 'Semi-finals', 0, 1),
(15, 2, 'Final', 0, 1),
(16, 3, '1st round', 1, NULL),
(17, 3, '2nd round', 1, NULL),
(18, 3, '3rd round', 1, NULL),
(19, 3, 'Quarter-finals', 0, 1),
(20, 3, 'Semi-finals', 0, 1),
(21, 3, 'Third place play-off', 0, 1),
(22, 3, 'Final', 0, 1),
(23, 4, '1st round', 1, NULL),
(24, 4, '2nd round', 1, NULL),
(25, 4, '3rd round', 1, NULL),
(26, 4, 'Round of 16', 0, 1),
(27, 4, 'Quarter-finals', 0, 1),
(28, 4, 'Semi-finals', 0, 1),
(29, 4, 'Third place play-off', 0, 1),
(30, 4, 'Final', 0, 1),
(31, 5, '1st round', 1, NULL),
(32, 5, '2nd round', 1, NULL),
(33, 5, '3rd round', 1, NULL),
(34, 5, 'Round of 16', 0, 1),
(35, 5, 'Quarter-finals', 0, 1),
(36, 5, 'Semi-finals', 0, 1),
(37, 5, 'Final', 0, 1),
(38, 6, '1st round', 1, NULL),
(39, 6, '2nd round', 1, NULL),
(40, 6, '3rd round', 1, NULL),
(41, 6, 'Quarter-finals', 0, 0),
(42, 6, 'Semi-finals', 0, 1),
(43, 6, 'Third place play-off', 0, 0),
(44, 6, 'Final', 0, 1),
(45, 7, '1st round', 1, NULL),
(46, 7, '2nd round', 1, NULL),
(47, 7, '3rd round', 1, NULL),
(48, 7, 'Round of 16', 0, 1),
(49, 7, 'Quarter-finals', 0, 1),
(50, 7, 'Semi-finals', 0, 1),
(51, 7, 'Third place play-off', 0, 1),
(52, 7, 'Final', 0, 1),
(53, 8, '1st round', 1, NULL),
(54, 8, '2nd round', 1, NULL),
(55, 8, '3rd round', 1, NULL),
(56, 8, 'Round of 16', 0, 1),
(57, 8, 'Quarter-finals', 0, 1),
(58, 8, 'Semi-finals', 0, 1),
(59, 8, 'Final', 0, 1),
(60, 9, 'Preliminary round', 1, NULL),
(61, 9, 'Quarter-finals', 0, 0),
(62, 9, 'Semi-finals', 0, 0),
(63, 9, 'Third place play-off', 0, 0),
(64, 9, 'Final', 0, 1),
(65, 10, '1st round', 1, NULL),
(66, 10, '2nd round', 1, NULL),
(67, 10, '3rd round', 1, NULL),
(68, 10, 'Quarter-finals', 0, 1),
(69, 10, 'Semi-finals', 0, 1),
(70, 10, 'Third place play-off', 0, 1),
(71, 10, 'Final', 0, 1),
(72, 11, '1st round', 1, NULL),
(73, 11, '2nd round', 1, NULL),
(74, 11, '3rd round', 1, NULL),
(75, 11, 'Round of 16', 0, NULL),
(76, 11, 'Quarter-finals', 0, NULL),
(77, 11, 'Semi-finals', 0, NULL),
(78, 11, 'Third place play-off', 0, NULL),
(79, 11, 'Final', 0, NULL);

-- --------------------------------------------------------

--
-- Table structure for table `team`
--

CREATE TABLE `team` (
  `team_id` int NOT NULL,
  `event_id` int NOT NULL,
  `name` varchar(50) CHARACTER SET utf8mb4 COLLATE utf8mb4_unicode_ci NOT NULL,
  `flag` varchar(3) CHARACTER SET utf8mb4 COLLATE utf8mb4_unicode_ci NOT NULL,
  `group_id` int NOT NULL,
  `fifa_points` smallint DEFAULT '0',
  `ws_id` int DEFAULT NULL
) ENGINE=InnoDB DEFAULT CHARSET=utf8mb4 COLLATE=utf8mb4_unicode_ci;

--
-- Dumping data for table `team`
--

INSERT INTO `team` (`team_id`, `event_id`, `name`, `flag`, `group_id`, `fifa_points`, `ws_id`) VALUES
(1, 1, 'Algeria', 'ALG', 8, 0, 844),
(2, 1, 'Argentina', 'ARG', 6, 0, 764),
(3, 1, 'Australia', 'AUS', 2, 0, 750),
(4, 1, 'Belgium', 'BEL', 8, 0, 2673),
(5, 1, 'Bosnia and Herzegovina', 'BIH', 6, 0, 2671),
(6, 1, 'Brazil', 'BRA', 1, 0, 753),
(7, 1, 'Cameroon', 'CMR', 1, 0, 845),
(8, 1, 'Chile', 'CHI', 2, 0, 760),
(9, 1, 'Colombia', 'COL', 3, 0, 1469),
(10, 1, 'Costa Rica', 'CRC', 4, 0, 2669),
(11, 1, 'Ivory Coast', 'CIV', 3, 0, 757),
(12, 1, 'Croatia', 'CRO', 1, 0, 146),
(13, 1, 'Ecuador', 'ECU', 5, 0, 2670),
(14, 1, 'England', 'ENG', 4, 0, 755),
(15, 1, 'France', 'FRA', 5, 0, 144),
(16, 1, 'Germany', 'GER', 7, 0, 139),
(17, 1, 'Ghana', 'GHA', 7, 0, 754),
(18, 1, 'Greece', 'GRE', 3, 0, 142),
(19, 1, 'Honduras', 'HON', 5, 0, 765),
(20, 1, 'Iran', 'IRN', 6, 0, 2672),
(21, 1, 'Italy', 'ITA', 4, 0, 145),
(22, 1, 'Japan', 'JPN', 3, 0, 749),
(23, 1, 'South Korea', 'KOR', 8, 0, 751),
(24, 1, 'Mexico', 'MEX', 1, 0, 761),
(25, 1, 'Netherlands', 'NED', 2, 0, 147),
(26, 1, 'Nigeria', 'NGA', 6, 0, 847),
(27, 1, 'Portugal', 'POR', 7, 0, 149),
(28, 1, 'Russia', 'RUS', 8, 0, 150),
(29, 1, 'Spain', 'ESP', 2, 0, 170),
(30, 1, 'Switzerland', 'SUI', 5, 0, 38),
(31, 1, 'Uruguay', 'URU', 4, 0, 849),
(32, 1, 'United States', 'USA', 7, 0, 762),
(33, 2, 'France', 'FRA', 9, 0, 144),
(34, 2, 'Romania', 'ROU', 9, 0, 143),
(35, 2, 'Albania', 'ALB', 9, 0, 2889),
(36, 2, 'Switzerland', 'SUI', 9, 0, 38),
(37, 2, 'England', 'ENG', 10, 0, 755),
(38, 2, 'Russia', 'RUS', 10, 0, 150),
(39, 2, 'Wales', 'WAL', 10, 0, 2939),
(40, 2, 'Slovakia', 'SVK', 10, 0, 763),
(41, 2, 'Germany', 'GER', 11, 0, 139),
(42, 2, 'Ukraine', 'UKR', 11, 0, 2004),
(43, 2, 'Poland', 'POL', 11, 0, 1410),
(44, 2, 'Northern Ireland', 'NIR', 11, 0, 2920),
(45, 2, 'Spain', 'ESP', 12, 0, 170),
(46, 2, 'Czech Republic', 'CZE', 12, 0, 141),
(47, 2, 'Turkey', 'TUR', 12, 0, 153),
(48, 2, 'Croatia', 'CRO', 12, 0, 146),
(49, 2, 'Belgium', 'BEL', 13, 0, 2673),
(50, 2, 'Italy', 'ITA', 13, 0, 145),
(51, 2, 'Republic of Ireland', 'IRL', 13, 0, 2003),
(52, 2, 'Sweden', 'SWE', 13, 0, 151),
(53, 2, 'Portugal', 'POR', 14, 0, 149),
(54, 2, 'Iceland', 'ISL', 14, 0, 1394),
(55, 2, 'Austria', 'AUT', 14, 0, 37),
(56, 2, 'Hungary', 'HUN', 14, 0, 1395),
(57, 3, 'United States', 'USA', 15, 0, 762),
(58, 3, 'Colombia', 'COL', 15, 0, 1469),
(59, 3, 'Costa Rica', 'CRC', 15, 0, 2669),
(60, 3, 'Paraguay', 'PAR', 15, 0, -1),
(61, 3, 'Brazil', 'BRA', 16, 0, 753),
(62, 3, 'Ecuador', 'ECU', 16, 0, 2670),
(63, 3, 'Haiti', 'HAI', 16, 0, NULL),
(64, 3, 'Peru', 'PER', 16, 0, NULL),
(65, 3, 'Mexico', 'MEX', 17, 0, 761),
(66, 3, 'Uruguay', 'URU', 17, 0, 849),
(67, 3, 'Jamaica', 'JAM', 17, 0, NULL),
(68, 3, 'Venezuela', 'VEN', 17, 0, NULL),
(69, 3, 'Argentina', 'ARG', 18, 0, 764),
(70, 3, 'Chile', 'CHI', 18, 0, 760),
(71, 3, 'Panama', 'PAN', 18, 0, NULL),
(72, 3, 'Bolivia', 'BOL', 18, 0, NULL),
(73, 4, 'Egypt', 'EGY', 19, 0, 1392),
(74, 4, 'Argentina', 'ARG', 22, 0, 764),
(75, 4, 'Australia', 'AUS', 21, 0, 750),
(76, 4, 'Belgium', 'BEL', 25, 0, 2673),
(77, 4, 'Brazil', 'BRA', 23, 0, 753),
(78, 4, 'Costa Rica', 'CRC', 23, 0, 2669),
(79, 4, 'Denmark', 'DEN', 21, 0, 758),
(80, 4, 'Germany', 'GER', 24, 0, 139),
(81, 4, 'England', 'ENG', 25, 0, 755),
(82, 4, 'France', 'FRA', 21, 0, 144),
(83, 4, 'Iran', 'IRN', 20, 0, 2672),
(84, 4, 'Iceland', 'ISL', 22, 0, 1394),
(85, 4, 'Japan', 'JPN', 26, 0, 749),
(86, 4, 'Colombia', 'COL', 26, 0, 1469),
(87, 4, 'Croatia', 'CRO', 22, 0, 146),
(88, 4, 'Morocco', 'MAR', 20, 0, 4629),
(89, 4, 'Mexico', 'MEX', 24, 0, 761),
(90, 4, 'Nigeria', 'NGA', 22, 0, 847),
(91, 4, 'Panama', 'PAN', 25, 0, 4631),
(92, 4, 'Peru', 'PER', 21, 0, 3177),
(93, 4, 'Poland', 'POL', 26, 0, 1410),
(94, 4, 'Portugal', 'POR', 20, 0, 149),
(95, 4, 'Russia', 'RUS', 19, 0, 150),
(96, 4, 'Saudi Arabia', 'KSA', 19, 0, 2408),
(97, 4, 'Sweden', 'SWE', 24, 0, 151),
(98, 4, 'Switzerland', 'SUI', 23, 0, 38),
(99, 4, 'Senegal', 'SEN', 26, 0, 4630),
(100, 4, 'Serbia', 'SRB', 23, 0, 1404),
(101, 4, 'Spain', 'ESP', 20, 0, 170),
(102, 4, 'South Korea', 'KOR', 24, 0, 751),
(103, 4, 'Tunisia', 'TUN', 25, 0, 1391),
(104, 4, 'Uruguay', 'URU', 19, 0, 849),
(105, 5, 'Australia', 'AUS', 28, 0, 750),
(106, 5, 'Bahrain', 'BHR', 27, 0, 4914),
(107, 5, 'China', 'CHN', 29, 0, 2864),
(108, 5, 'India', 'IND', 27, 0, 4907),
(109, 5, 'Iraq', 'IRQ', 30, 0, 4911),
(110, 5, 'Iran', 'IRN', 30, 0, 2672),
(111, 5, 'Japan', 'JPN', 32, 0, 749),
(112, 5, 'Yemen', 'YEM', 30, 0, 4916),
(113, 5, 'Jordan', 'JOR', 28, 0, 4915),
(114, 5, 'Qatar', 'QAT', 31, 0, 4912),
(115, 5, 'Kyrgyzstan', 'KGZ', 29, 0, 4903),
(116, 5, 'Lebanon', 'LIB', 31, 0, 4904),
(117, 5, 'North Korea', 'PRK', 31, 0, 752),
(118, 5, 'Oman', 'OMA', 32, 0, 4906),
(119, 5, 'Palestine', 'PLE', 28, 0, 4905),
(120, 5, 'Philippines', 'PHI', 29, 0, 4913),
(121, 5, 'Saudi Arabia', 'KSA', 31, 0, 2408),
(122, 5, 'South Korea', 'KOR', 29, 0, 751),
(123, 5, 'Syria', 'SYR', 28, 0, 4909),
(124, 5, 'Thailand', 'THA', 27, 0, 2865),
(125, 5, 'Turkmenistan', 'TKM', 32, 0, 4917),
(126, 5, 'Uzbekistan', 'UZB', 32, 0, 4910),
(127, 5, 'United Arab Emirates', 'UAE', 27, 0, 4902),
(128, 5, 'Vietnam', 'VIE', 30, 0, 4908),
(129, 6, 'Argentina', 'ARG', 34, 0, 764),
(130, 6, 'Bolivia', 'BOL', 33, 0, 3178),
(131, 6, 'Brazil', 'BRA', 33, 0, 753),
(132, 6, 'Chile', 'CHI', 35, 0, 760),
(133, 6, 'Ecuador', 'ECU', 35, 0, 2670),
(134, 6, 'Japan', 'JPN', 35, 0, 749),
(135, 6, 'Qatar', 'QAT', 34, 0, 4912),
(136, 6, 'Colombia', 'COL', 34, 0, 1469),
(137, 6, 'Paraguay', 'PAR', 34, 0, 756),
(138, 6, 'Peru', 'PER', 33, 0, 3177),
(139, 6, 'Uruguay', 'URU', 35, 0, 849),
(140, 6, 'Venezuela', 'VEN', 33, 0, 3179),
(141, 7, 'Egypt', 'EGY', 36, 0, 4766),
(142, 7, 'Algeria', 'ALG', 38, 0, 844),
(143, 7, 'Angola', 'ANG', 40, 0, 4306),
(144, 7, 'Benin', 'BEN', 41, 0, 4987),
(145, 7, 'Burundi', 'BDI', 37, 0, 5001),
(146, 7, 'Democratic Republic of the Congo', 'COD', 36, 0, 4991),
(147, 7, 'Ivory Coast', 'CIV', 39, 0, 4993),
(148, 7, 'Ghana', 'GHA', 41, 0, 754),
(149, 7, 'Guinea', 'GUI', 37, 0, 4994),
(150, 7, 'Guinea-Bissau', 'GNB', 41, 0, 4997),
(151, 7, 'Cameroon', 'CMR', 41, 0, 845),
(152, 7, 'Kenya', 'KEN', 38, 0, 4990),
(153, 7, 'Madagascar', 'MAD', 37, 0, 4989),
(154, 7, 'Mali', 'MLI', 40, 0, 4992),
(155, 7, 'Morocco', 'MAR', 39, 0, 4629),
(156, 7, 'Mauritania', 'MTN', 40, 0, 4988),
(157, 7, 'Namibia', 'NAM', 39, 0, 4996),
(158, 7, 'Nigeria', 'NGA', 37, 0, 847),
(159, 7, 'Senegal', 'SEN', 38, 0, 4630),
(160, 7, 'Zimbabwe', 'ZIM', 36, 0, 4995),
(161, 7, 'South Africa', 'RSA', 39, 0, 677),
(162, 7, 'Tanzania', 'TAN', 38, 0, 5000),
(163, 7, 'Tunisia', 'TUN', 40, 0, 1391),
(164, 7, 'Uganda', 'UGA', 36, 0, 4986),
(165, 8, 'Belgium', 'BEL', 43, 0, 2673),
(166, 8, 'Denmark', 'DEN', 43, 0, 758),
(167, 8, 'Germany', 'GER', 47, 0, 3196),
(168, 8, 'England', 'ENG', 45, 0, 3197),
(169, 8, 'Finland', 'FIN', 43, 0, 2425),
(170, 8, 'France', 'FRA', 47, 0, 3202),
(171, 8, 'Italy', 'ITA', 42, 0, 3203),
(172, 8, 'Croatia', 'CRO', 45, 0, 146),
(173, 8, 'Netherlands', 'NED', 44, 0, 4353),
(174, 8, 'North Macedonia', 'MKD', 44, 0, 2006),
(175, 8, 'Austria', 'AUT', 44, 0, 4354),
(176, 8, 'Poland', 'POL', 46, 0, 1410),
(177, 8, 'Portugal', 'POR', 47, 0, 3198),
(178, 8, 'Russia', 'RUS', 43, 0, 150),
(179, 8, 'Scotland', 'SCO', 45, 0, 5271),
(180, 8, 'Sweden', 'SWE', 46, 0, 2691),
(181, 8, 'Switzerland', 'SUI', 42, 0, 38),
(182, 8, 'Slovakia', 'SVK', 46, 0, 3201),
(183, 8, 'Spain', 'ESP', 46, 0, 170),
(184, 8, 'Czech Republic', 'CZE', 45, 0, 141),
(185, 8, 'Turkey', 'TUR', 42, 0, 3205),
(186, 8, 'Ukraine', 'UKR', 44, 0, 3204),
(187, 8, 'Hungary', 'HUN', 47, 0, 1395),
(188, 8, 'Wales', 'WAL', 42, 0, 5101),
(189, 9, 'Argentina', 'ARG', 48, 0, 764),
(190, 9, 'Bolivia', 'BOL', 48, 0, 3178),
(191, 9, 'Brazil', 'BRA', 49, 0, 753),
(192, 9, 'Chile', 'CHI', 48, 0, 760),
(193, 9, 'Ecuador', 'ECU', 49, 0, 2670),
(194, 9, 'Colombia', 'COL', 49, 0, 1469),
(195, 9, 'Paraguay', 'PAR', 48, 0, 756),
(196, 9, 'Peru', 'PER', 49, 0, 3177),
(197, 9, 'Uruguay', 'URU', 48, 0, 849),
(198, 9, 'Venezuela', 'VEN', 49, 0, 3179),
(199, 10, 'Algeria', 'ALG', 53, 0, 844),
(200, 10, 'Bahrain', 'BHR', 50, 0, 4914),
(201, 10, 'Egypt', 'EGY', 53, 0, 1392),
(202, 10, 'Iraq', 'IRQ', 50, 0, 4911),
(203, 10, 'Jordan', 'JOR', 52, 0, 4915),
(204, 10, 'Lebanon', 'LBN', 53, 0, 4904),
(205, 10, 'Mauritania', 'MTN', 51, 0, 4988),
(206, 10, 'Morocco', 'MAR', 52, 0, 4629),
(207, 10, 'Oman', 'OMA', 50, 0, 4906),
(208, 10, 'Palestine', 'PLE', 52, 0, 4905),
(209, 10, 'Qatar', 'QAT', 50, 0, 4912),
(210, 10, 'Saudi Arabia', 'KSA', 52, 0, 2408),
(211, 10, 'Sudan', 'SDN', 53, 0, 5657),
(212, 10, 'Syria', 'SYR', 51, 0, 4909),
(213, 10, 'Tunisia', 'TUN', 51, 0, 1391),
(214, 10, 'United Arab Emirates', 'UAE', 51, 0, 4902),
(215, 11, 'Argentina', 'ARG', 56, 0, 5573),
(216, 11, 'Australia', 'AUS', 57, 0, 5580),
(217, 11, 'Belgium', 'BEL', 59, 0, 5587),
(218, 11, 'Brazil', 'BRA', 60, 0, 5591),
(219, 11, 'Costa Rica', 'CRC', 58, 0, 5584),
(220, 11, 'Denmark', 'DEN', 57, 0, 5577),
(221, 11, 'Germany', 'GER', 58, 0, 5581),
(222, 11, 'Ecuador', 'ECU', 54, 0, 5568),
(223, 11, 'England', 'ENG', 55, 0, 5569),
(224, 11, 'France', 'FRA', 57, 0, 5579),
(225, 11, 'Ghana', 'GHA', 61, 0, 5596),
(226, 11, 'Iran', 'IRN', 55, 0, 5570),
(227, 11, 'Japan', 'JPN', 58, 0, 5582),
(228, 11, 'Cameroon', 'CMR', 60, 0, 5590),
(229, 11, 'Canada', 'CAN', 59, 0, 5588),
(230, 11, 'Qatar', 'QAT', 54, 0, 5567),
(231, 11, 'Croatia', 'CRO', 59, 0, 5586),
(232, 11, 'Morocco', 'MAR', 59, 0, 5585),
(233, 11, 'Mexico', 'MEX', 56, 0, 5575),
(234, 11, 'Netherlands', 'NED', 54, 0, 5566),
(235, 11, 'Poland', 'POL', 56, 0, 5576),
(236, 11, 'Portugal', 'POR', 61, 0, 5595),
(237, 11, 'Saudi Arabia', 'KSA', 56, 0, 5574),
(238, 11, 'Switzerland', 'SUI', 60, 0, 5589),
(239, 11, 'Senegal', 'SEN', 54, 0, 5565),
(240, 11, 'Serbia', 'SRB', 60, 0, 5592),
(241, 11, 'Spain', 'ESP', 58, 0, 5583),
(242, 11, 'South Korea', 'KOR', 61, 0, 5594),
(243, 11, 'Tunisia', 'TUN', 57, 0, 5578),
(244, 11, 'Uruguay', 'URU', 61, 0, 5593),
(245, 11, 'United States', 'USA', 55, 0, 5571),
(246, 11, 'Wales', 'WAL', 55, 0, 5572);

-- --------------------------------------------------------

--
-- Table structure for table `user`
--

CREATE TABLE `user` (
  `user_id` int NOT NULL,
  `full_name` varchar(50) CHARACTER SET utf8mb4 COLLATE utf8mb4_unicode_ci NOT NULL,
  `login_name` varchar(25) CHARACTER SET utf8mb4 COLLATE utf8mb4_unicode_ci NOT NULL,
  `login_password` varchar(128) CHARACTER SET utf8mb4 COLLATE utf8mb4_unicode_ci NOT NULL COMMENT 'Default user''s password is ${login_name}_! Remember to change it!',
  `reset_password` varchar(128) CHARACTER SET utf8mb4 COLLATE utf8mb4_unicode_ci DEFAULT NULL COMMENT 'Temporary password in case of password reset',
  `email_addr` varchar(50) CHARACTER SET utf8mb4 COLLATE utf8mb4_unicode_ci NOT NULL,
  `email_new` varchar(50) CHARACTER SET utf8mb4 COLLATE utf8mb4_unicode_ci DEFAULT NULL,
  `user_status_id` int NOT NULL,
  `token` varchar(20) CHARACTER SET utf8mb4 COLLATE utf8mb4_unicode_ci NOT NULL,
  `zone_id` varchar(50) CHARACTER SET utf8mb4 COLLATE utf8mb4_unicode_ci NOT NULL COMMENT 'Time zone id',
  `modification_time` datetime NOT NULL COMMENT 'UTC timezone used'
) ENGINE=InnoDB DEFAULT CHARSET=utf8mb4 COLLATE=utf8mb4_unicode_ci;

--
-- Dumping data for table `user`
--

INSERT INTO `user` (`user_id`, `full_name`, `login_name`, `login_password`, `reset_password`, `email_addr`, `email_new`, `user_status_id`, `token`, `zone_id`, `modification_time`) VALUES
(1, 'Administrator', 'admin', 'ec3b38fa5805fcd7a869b09b5da2dabca0c371efbb015d28ee7e14b0396810fc4816ee493ea1cb5b9f2010a1bb7efe48b9fd80762935c75a8cbeee3c1c90bd44', NULL, 'worldcup@zematix.hu', NULL, 1, 'IF2YCcPnNulH8UEEkAIP', 'CET', '2019-01-07 18:24:16'),
(2, 'Branyiczky Zsolt', 'brazso', 'd02da866860cddc7b7fb001c9c234db3dc16ce6e4e824091f39c58f02569c32be7b74fc569e9c890a679701d1dc93e0d71a71ff1e73bb0c3317a1bd39c2b9182', NULL, 'brazso@zematix.hu', NULL, 1, 'tZsdakBZfanqT4CLIObS', 'Europe/Budapest', '2021-06-10 15:47:42'),
(3, 'Branyiczky Balzs', 'Bazsi', '567b3cd8f46fd4704bf15c121724d5a67d48b4d0a0aa44bcf15773e56cde07d436b36798866504f60b309c43722f0685f0197c67c69e24e116ff31638798379e', NULL, 'bazsi@zematix.hu', NULL, 1, 'Omnjz9UkVzpsiRe0QZZp', 'Europe/Budapest', '2019-06-14 13:33:49'),
(4, 'Branyiczky Zsuzsanna', 'Zsuzska', 'b12bd4f5ff207d0de8fd777266e5fb3ade5021bafc469908a20afff89c3cb835ad1ecb87815d4284aea9e1ce1fcb457c7b6aad6a9efd2b2d82b194741a32c586', NULL, 'zsuzska@zematix.hu', NULL, 1, 'mIgXh1i2frBGFoIcltDb', 'Europe/Budapest', '2021-06-10 17:22:11'),
(5, 'Branyiczkyn Lantos Judit', 'Jucus', '3092069cab283e65b3cc1a72f0cac079280334bd05a1c5aefc556e85212d953b24f9822acfafc5dac72f414a722cd9cdc4235b439f023f821506743ae4bc1da5', NULL, 'ljucus@zematix.hu', NULL, 1, '2yOijPCRDdzkxZdvVMo7', 'Europe/Budapest', '2021-06-11 20:14:55'),
(6, 'Branyiczky Eszter', 'eszti', 'f6db6ab28b2d4bfa864c46a7a389812066d8cbbcdaabc8b4c0d5111a16ea325f', NULL, 'eszti@zematix.hu', NULL, 1, 'kIgXh1i2fr9GFoIcltEh', 'Europe/Budapest', '2018-07-13 03:00:00'),
(7, 'Branyiczky Lilla', 'Blici', 'd2616d02ca5dc73dc06b680d4a2dc3fd3aff517d9b1d62a6f54248aac40baa17705747a3f16347edf1bed05d22b7f5ab1311ada08e9351679962eff5522df528', NULL, 'Blici@freemail.hu', NULL, 1, 'jIgYh1i4frBGFoKcltD5', 'Europe/Budapest', '2021-06-10 19:44:26'),
(8, 'Lantos Lszl', 'LL', '3428b98d0e942838ffcf535afaa61800d7e5f3c32340d727ad39a5f794375bd2ced80cc9fc0d3e65775cf1ae913c22ffbba13db59d3cda7e9aab744741c8eec4', NULL, 'llantos@t-email.hu', NULL, 1, 'UIfVh1i3frBGFo5clBDw', 'Europe/Budapest', '2019-01-18 14:49:24'),
(9, 'Branyiczky Lszl', 'fociszakerto', '7407cfd7bf89ec2edaaaff8ff8528be2cc1f000a72a109de48574b7b12c7cd1ef749c8fa8179a1c1ac8cd0abe29ab4171012f8df0fd1d986bf93be9ded79f932', NULL, 'branyila@zematix.hu', NULL, 1, 'kE67Ra8ImjJ1I6XIVLdo', 'Europe/Budapest', '2019-01-05 15:41:28');

-- --------------------------------------------------------

--
-- Table structure for table `user_group`
--

CREATE TABLE `user_group` (
  `user_group_id` int NOT NULL,
  `priority` tinyint(1) NOT NULL DEFAULT '2',
  `name` varchar(50) CHARACTER SET utf8mb4 COLLATE utf8mb4_unicode_ci NOT NULL,
  `event_id` int NOT NULL,
  `owner` int NOT NULL,
  `is_public_visible` tinyint(1) NOT NULL,
  `is_public_editable` tinyint(1) NOT NULL
) ENGINE=InnoDB DEFAULT CHARSET=utf8mb4 COLLATE=utf8mb4_unicode_ci;

--
-- Dumping data for table `user_group`
--

INSERT INTO `user_group` (`user_group_id`, `priority`, `name`, `event_id`, `owner`, `is_public_visible`, `is_public_editable`) VALUES
(1, 2, 'Zematix', 1, 3, 1, 0),
(2, 2, 'Zematix', 2, 3, 1, 0),
(3, 2, 'Zematix', 3, 3, 1, 0),
(4, 2, 'Zematix', 4, 3, 1, 0),
(7, 2, 'Zematix', 5, 2, 1, 0),
(8, 2, 'Lici mentes osztag', 5, 3, 1, 0),
(9, 2, 'Lici s Bazsi nlkli csoport', 5, 4, 1, 0),
(10, 2, 'Pancserek', 5, 4, 1, 0),
(11, 2, 'Zematix', 7, 2, 1, 0),
(12, 2, 'Zematix', 6, 2, 1, 0),
(13, 2, 'Lici mentes osztag', 6, 3, 1, 0),
(15, 2, 'Zematix', 8, 2, 1, 0),
(16, 2, 'Zematix', 9, 2, 1, 0);

-- --------------------------------------------------------

--
-- Table structure for table `user_of_event`
--

CREATE TABLE `user_of_event` (
  `user_of_event_id` int NOT NULL,
  `user_id` int NOT NULL,
  `event_id` int NOT NULL,
  `fav_group_team_id` int DEFAULT NULL COMMENT 'Favourite team among the group teams',
  `fav_knockout_team_id` int DEFAULT NULL COMMENT 'Favourite team among the knockout teams'
) ENGINE=InnoDB DEFAULT CHARSET=utf8mb4 COLLATE=utf8mb4_unicode_ci;

--
-- Dumping data for table `user_of_event`
--

INSERT INTO `user_of_event` (`user_of_event_id`, `user_id`, `event_id`, `fav_group_team_id`, `fav_knockout_team_id`) VALUES
(1, 2, 1, 2, 2),
(2, 3, 1, 27, 16),
(3, 4, 1, 29, 16),
(4, 5, 1, 20, 2),
(5, 6, 1, 16, 25),
(6, 7, 1, 6, 6),
(7, 8, 1, 16, 16),
(8, 4, 3, 69, 69),
(9, 4, 2, 41, 41),
(10, 5, 2, 35, 49),
(11, 5, 3, 63, 69),
(12, 3, 3, 61, 69),
(13, 3, 2, 41, 41),
(14, 2, 2, 35, 33),
(15, 2, 3, 63, 69),
(16, 3, 4, 74, 87),
(17, 2, 4, 91, 86),
(18, 5, 4, 83, 87),
(19, 4, 4, 80, 87),
(20, 7, 4, 79, 76),
(21, 8, 4, 82, NULL),
(22, 2, 5, 125, 110),
(23, 4, 5, 125, 110),
(24, 3, 5, 121, 114),
(25, 8, 5, 111, 111),
(26, 9, 5, 111, 111),
(27, 7, 5, 111, 111),
(28, 4, 6, 138, 131),
(29, 2, 6, 129, 131),
(30, 3, 7, 141, NULL),
(31, 3, 6, 129, 131),
(32, 7, 6, 131, 131),
(33, 5, 6, 131, 131),
(34, 4, 7, 147, NULL),
(35, 9, 6, 131, NULL),
(36, 8, 7, 161, NULL),
(37, 2, 7, 141, 141),
(38, 7, 7, 159, NULL),
(39, 8, 6, 129, 129),
(40, 3, 8, 187, 171),
(41, 3, 9, 190, 189),
(42, 2, 9, 189, 189),
(43, 2, 8, 187, 173),
(44, 8, 9, 192, NULL),
(45, 9, 9, 191, NULL),
(46, 4, 9, 190, 189),
(47, 4, 8, 187, 171),
(48, 7, 8, 165, 165),
(49, 7, 9, 191, 191),
(50, 5, 8, 187, 173),
(51, 8, 8, NULL, 166),
(52, 5, 9, 190, 189);

-- --------------------------------------------------------

--
-- Table structure for table `user_status`
--

CREATE TABLE `user_status` (
  `user_status_id` int NOT NULL,
  `status` varchar(16) CHARACTER SET utf8mb4 COLLATE utf8mb4_unicode_ci NOT NULL,
  `name` varchar(50) CHARACTER SET utf8mb4 COLLATE utf8mb4_unicode_ci NOT NULL
) ENGINE=InnoDB DEFAULT CHARSET=utf8mb4 COLLATE=utf8mb4_unicode_ci;

--
-- Dumping data for table `user_status`
--

INSERT INTO `user_status` (`user_status_id`, `status`, `name`) VALUES
(1, 'NORMAL', 'Normal'),
(2, 'CANDIDATE', 'Candidate'),
(3, 'LOCKED', 'Locked');

-- --------------------------------------------------------

--
-- Table structure for table `user__role`
--

CREATE TABLE `user__role` (
  `user_id` int NOT NULL,
  `role_id` int NOT NULL
) ENGINE=InnoDB DEFAULT CHARSET=utf8mb4 COLLATE=utf8mb4_unicode_ci;

--
-- Dumping data for table `user__role`
--

INSERT INTO `user__role` (`user_id`, `role_id`) VALUES
(1, 1),
(3, 1),
(2, 2),
(3, 2),
(4, 2),
(5, 2),
(6, 2),
(7, 2),
(8, 2),
(9, 2);

-- --------------------------------------------------------

--
-- Table structure for table `user__user_group`
--

CREATE TABLE `user__user_group` (
  `user_id` int NOT NULL,
  `user_group_id` int NOT NULL DEFAULT '1'
) ENGINE=InnoDB DEFAULT CHARSET=utf8mb4 COLLATE=utf8mb4_unicode_ci;

--
-- Dumping data for table `user__user_group`
--

INSERT INTO `user__user_group` (`user_id`, `user_group_id`) VALUES
(2, 1),
(3, 1),
(4, 1),
(5, 1),
(6, 1),
(7, 1),
(8, 1),
(2, 2),
(3, 2),
(4, 2),
(5, 2),
(2, 3),
(3, 3),
(4, 3),
(5, 3),
(2, 4),
(3, 4),
(4, 4),
(5, 4),
(6, 4),
(7, 4),
(8, 4),
(2, 7),
(3, 7),
(4, 7),
(7, 7),
(8, 7),
(9, 7),
(2, 8),
(3, 8),
(4, 8),
(8, 8),
(9, 8),
(2, 9),
(4, 9),
(8, 9),
(9, 9),
(4, 10),
(7, 10),
(2, 11),
(3, 11),
(8, 11),
(2, 12),
(3, 12),
(4, 12),
(5, 12),
(7, 12),
(8, 12),
(2, 13),
(3, 13),
(4, 13),
(5, 13),
(8, 13),
(9, 13),
(2, 15),
(3, 15),
(4, 15),
(5, 15),
(7, 15),
(8, 15),
(9, 15),
(2, 16),
(3, 16),
(4, 16),
(5, 16),
(7, 16),
(8, 16),
(9, 16);

-- --------------------------------------------------------

--
-- Table structure for table `web_service`
--

CREATE TABLE `web_service` (
  `web_service_id` int NOT NULL,
  `event_id` int NOT NULL,
  `priority` tinyint(1) NOT NULL,
  `league_shortcut` varchar(64) CHARACTER SET utf8mb4 COLLATE utf8mb4_unicode_ci NOT NULL,
  `league_saison` varchar(10) CHARACTER SET utf8mb4 COLLATE utf8mb4_unicode_ci NOT NULL,
  `result_normal_label` varchar(64) CHARACTER SET utf8mb4 COLLATE utf8mb4_unicode_ci NOT NULL,
  `result_normal_extra_label` varchar(64) CHARACTER SET utf8mb4 COLLATE utf8mb4_unicode_ci DEFAULT NULL,
  `result_extra_label` varchar(64) CHARACTER SET utf8mb4 COLLATE utf8mb4_unicode_ci NOT NULL,
  `result_penalty_label` varchar(64) CHARACTER SET utf8mb4 COLLATE utf8mb4_unicode_ci DEFAULT NULL
) ENGINE=InnoDB DEFAULT CHARSET=utf8mb4 COLLATE=utf8mb4_unicode_ci;

--
-- Dumping data for table `web_service`
--

INSERT INTO `web_service` (`web_service_id`, `event_id`, `priority`, `league_shortcut`, `league_saison`, `result_normal_label`, `result_normal_extra_label`, `result_extra_label`, `result_penalty_label`) VALUES
(1, 1, 1, 'WM-2014', '2014', 'Endergebnis', NULL, 'nach Verlngerung', 'nach Elfmeterschieen'),
(2, 1, 2, 'wm_brasilien', '2014', 'Endergebnis', NULL, 'Verlngerung', 'Nach Elfmeterschieen'),
(3, 1, 3, 'fifa2014', '2014', 'Endergebnis', 'nach 90 Minuten', 'nach Verlngerung', NULL),
(4, 2, 1, 'EM-2016', '2016', 'Endergebnis', NULL, 'nach Verlngerung', 'nach Elfmeterschieen'),
(5, 2, 2, 'em2016', '2016', 'Endergebnis', NULL, 'nach Verlngerung', 'nach Elfmeterschieen'),
(6, 4, 1, 'fifa18', '2018', 'Endergebnis', NULL, 'n. V.', 'n. E.'),
(7, 4, 2, 'wmrussland', '2018', 'Endergebnis', '90min', 'Verlaengerung', NULL),
(8, 5, 1, 'AFC2019', '2019', 'nach Nachspielzeit', NULL, 'nach Verlngerung', 'nach Elfmeterschieen'),
(9, 6, 1, 'CA2019', '2019', 'nach Nachspielzeit', NULL, 'nach Verlngerung', 'nach Elfmeterschieen'),
(10, 7, 1, 'CAF2019', '2019', 'nach Nachspielzeit', NULL, 'nach Verlngerung', 'nach Elfmeterschieen'),
(11, 8, 1, 'em20', '2020', 'Endergebnis', NULL, 'nach Verlngerung', 'nach Elfmeterscheien'),
(12, 9, 1, 'CA2021', '2021', 'nach Nachspielzeit', NULL, 'nach Verlngerung', 'nach Elfmeterschieen'),
(13, 10, 1, 'ABC2021', '2021', 'nach Nachspielzeit', NULL, 'nach Verlngerung', 'nach Elfmeterschieen');

--
-- Indexes for dumped tables
--

--
-- Indexes for table `bet`
--
ALTER TABLE `bet`
  ADD PRIMARY KEY (`bet_id`),
  ADD UNIQUE KEY `bet__user_match` (`user_id`,`match_id`),
  ADD KEY `bet__user` (`user_id`),
  ADD KEY `bet__match` (`match_id`),
  ADD KEY `bet__event` (`event_id`);

--
-- Indexes for table `chat`
--
ALTER TABLE `chat`
  ADD PRIMARY KEY (`chat_id`),
  ADD KEY `chat__event` (`event_id`),
  ADD KEY `chat__user` (`user_id`),
  ADD KEY `chat__target_user` (`target_user_id`),
  ADD KEY `chat__user_group` (`user_group_id`);

--
-- Indexes for table `event`
--
ALTER TABLE `event`
  ADD PRIMARY KEY (`event_id`),
  ADD UNIQUE KEY `year__short_desc` (`year`,`short_desc`);

--
-- Indexes for table `group_`
--
ALTER TABLE `group_`
  ADD PRIMARY KEY (`group_id`),
  ADD KEY `group__team2` (`team2_id`),
  ADD KEY `group__team1` (`team1_id`),
  ADD KEY `event_id` (`event_id`);

--
-- Indexes for table `match_`
--
ALTER TABLE `match_`
  ADD PRIMARY KEY (`match_id`),
  ADD KEY `match__team1` (`team1_id`),
  ADD KEY `match__round` (`round_id`),
  ADD KEY `match__team2` (`team2_id`),
  ADD KEY `event_id` (`event_id`);

--
-- Indexes for table `role`
--
ALTER TABLE `role`
  ADD PRIMARY KEY (`role_id`),
  ADD UNIQUE KEY `role` (`role`);

--
-- Indexes for table `round`
--
ALTER TABLE `round`
  ADD PRIMARY KEY (`round_id`),
  ADD KEY `event_id` (`event_id`);

--
-- Indexes for table `team`
--
ALTER TABLE `team`
  ADD PRIMARY KEY (`team_id`),
  ADD KEY `team__group` (`group_id`),
  ADD KEY `event_id` (`event_id`);

--
-- Indexes for table `user`
--
ALTER TABLE `user`
  ADD PRIMARY KEY (`user_id`),
  ADD UNIQUE KEY `login_name` (`login_name`),
  ADD UNIQUE KEY `email_addr` (`email_addr`),
  ADD UNIQUE KEY `token` (`token`),
  ADD KEY `user_status_id` (`user_status_id`);

--
-- Indexes for table `user_group`
--
ALTER TABLE `user_group`
  ADD PRIMARY KEY (`user_group_id`),
  ADD UNIQUE KEY `name__event_id` (`name`,`event_id`),
  ADD KEY `owner` (`owner`),
  ADD KEY `event_id` (`event_id`);

--
-- Indexes for table `user_of_event`
--
ALTER TABLE `user_of_event`
  ADD PRIMARY KEY (`user_of_event_id`),
  ADD KEY `user_id` (`user_id`),
  ADD KEY `event_id` (`event_id`),
  ADD KEY `fav_group_team_id` (`fav_group_team_id`),
  ADD KEY `fav_knockout_team_id` (`fav_knockout_team_id`);

--
-- Indexes for table `user_status`
--
ALTER TABLE `user_status`
  ADD PRIMARY KEY (`user_status_id`),
  ADD UNIQUE KEY `status` (`status`);

--
-- Indexes for table `user__role`
--
ALTER TABLE `user__role`
  ADD PRIMARY KEY (`user_id`,`role_id`),
  ADD KEY `role_id` (`role_id`);

--
-- Indexes for table `user__user_group`
--
ALTER TABLE `user__user_group`
  ADD PRIMARY KEY (`user_id`,`user_group_id`),
  ADD KEY `user_group_id` (`user_group_id`);

--
-- Indexes for table `web_service`
--
ALTER TABLE `web_service`
  ADD PRIMARY KEY (`web_service_id`),
  ADD UNIQUE KEY `league_shortcut__league_saison` (`league_shortcut`,`league_saison`),
  ADD KEY `event_id` (`event_id`);

--
-- AUTO_INCREMENT for dumped tables
--

--
-- AUTO_INCREMENT for table `bet`
--
ALTER TABLE `bet`
  MODIFY `bet_id` int NOT NULL AUTO_INCREMENT, AUTO_INCREMENT=2093;

--
-- AUTO_INCREMENT for table `chat`
--
ALTER TABLE `chat`
  MODIFY `chat_id` int NOT NULL AUTO_INCREMENT, AUTO_INCREMENT=88;

--
-- AUTO_INCREMENT for table `event`
--
ALTER TABLE `event`
  MODIFY `event_id` int NOT NULL AUTO_INCREMENT, AUTO_INCREMENT=12;

--
-- AUTO_INCREMENT for table `group_`
--
ALTER TABLE `group_`
  MODIFY `group_id` int NOT NULL AUTO_INCREMENT, AUTO_INCREMENT=62;

--
-- AUTO_INCREMENT for table `match_`
--
ALTER TABLE `match_`
  MODIFY `match_id` int NOT NULL AUTO_INCREMENT, AUTO_INCREMENT=516;

--
-- AUTO_INCREMENT for table `role`
--
ALTER TABLE `role`
  MODIFY `role_id` int NOT NULL AUTO_INCREMENT, AUTO_INCREMENT=3;

--
-- AUTO_INCREMENT for table `round`
--
ALTER TABLE `round`
  MODIFY `round_id` int NOT NULL AUTO_INCREMENT, AUTO_INCREMENT=80;

--
-- AUTO_INCREMENT for table `team`
--
ALTER TABLE `team`
  MODIFY `team_id` int NOT NULL AUTO_INCREMENT, AUTO_INCREMENT=247;

--
-- AUTO_INCREMENT for table `user`
--
ALTER TABLE `user`
  MODIFY `user_id` int NOT NULL AUTO_INCREMENT, AUTO_INCREMENT=10;

--
-- AUTO_INCREMENT for table `user_group`
--
ALTER TABLE `user_group`
  MODIFY `user_group_id` int NOT NULL AUTO_INCREMENT, AUTO_INCREMENT=17;

--
-- AUTO_INCREMENT for table `user_of_event`
--
ALTER TABLE `user_of_event`
  MODIFY `user_of_event_id` int NOT NULL AUTO_INCREMENT, AUTO_INCREMENT=53;

--
-- AUTO_INCREMENT for table `user_status`
--
ALTER TABLE `user_status`
  MODIFY `user_status_id` int NOT NULL AUTO_INCREMENT, AUTO_INCREMENT=4;

--
-- AUTO_INCREMENT for table `web_service`
--
ALTER TABLE `web_service`
  MODIFY `web_service_id` int NOT NULL AUTO_INCREMENT, AUTO_INCREMENT=14;

--
-- Constraints for dumped tables
--

--
-- Constraints for table `bet`
--
ALTER TABLE `bet`
  ADD CONSTRAINT `bet_ibfk_1` FOREIGN KEY (`user_id`) REFERENCES `user` (`user_id`),
  ADD CONSTRAINT `bet_ibfk_2` FOREIGN KEY (`match_id`) REFERENCES `match_` (`match_id`),
  ADD CONSTRAINT `bet_ibfk_3` FOREIGN KEY (`event_id`) REFERENCES `event` (`event_id`);

--
-- Constraints for table `chat`
--
ALTER TABLE `chat`
  ADD CONSTRAINT `chat_ibfk_1` FOREIGN KEY (`event_id`) REFERENCES `event` (`event_id`),
  ADD CONSTRAINT `chat_ibfk_2` FOREIGN KEY (`user_id`) REFERENCES `user` (`user_id`),
  ADD CONSTRAINT `chat_ibfk_3` FOREIGN KEY (`target_user_id`) REFERENCES `user` (`user_id`),
  ADD CONSTRAINT `chat_ibfk_4` FOREIGN KEY (`user_group_id`) REFERENCES `user_group` (`user_group_id`);

--
-- Constraints for table `group_`
--
ALTER TABLE `group_`
  ADD CONSTRAINT `group_ibfk_1` FOREIGN KEY (`team1_id`) REFERENCES `team` (`team_id`),
  ADD CONSTRAINT `group_ibfk_2` FOREIGN KEY (`team2_id`) REFERENCES `team` (`team_id`),
  ADD CONSTRAINT `group_ibfk_3` FOREIGN KEY (`event_id`) REFERENCES `event` (`event_id`);

--
-- Constraints for table `match_`
--
ALTER TABLE `match_`
  ADD CONSTRAINT `match_ibfk_1` FOREIGN KEY (`team1_id`) REFERENCES `team` (`team_id`),
  ADD CONSTRAINT `match_ibfk_2` FOREIGN KEY (`team2_id`) REFERENCES `team` (`team_id`),
  ADD CONSTRAINT `match_ibfk_3` FOREIGN KEY (`round_id`) REFERENCES `round` (`round_id`),
  ADD CONSTRAINT `match_ibfk_4` FOREIGN KEY (`event_id`) REFERENCES `event` (`event_id`);

--
-- Constraints for table `round`
--
ALTER TABLE `round`
  ADD CONSTRAINT `round_ibfk_1` FOREIGN KEY (`event_id`) REFERENCES `event` (`event_id`);

--
-- Constraints for table `team`
--
ALTER TABLE `team`
  ADD CONSTRAINT `team_ibfk_1` FOREIGN KEY (`group_id`) REFERENCES `group_` (`group_id`),
  ADD CONSTRAINT `team_ibfk_2` FOREIGN KEY (`event_id`) REFERENCES `event` (`event_id`);

--
-- Constraints for table `user`
--
ALTER TABLE `user`
  ADD CONSTRAINT `user_ibfk_1` FOREIGN KEY (`user_status_id`) REFERENCES `user_status` (`user_status_id`);

--
-- Constraints for table `user_group`
--
ALTER TABLE `user_group`
  ADD CONSTRAINT `user_group_ibfk_1` FOREIGN KEY (`owner`) REFERENCES `user` (`user_id`),
  ADD CONSTRAINT `user_group_ibfk_2` FOREIGN KEY (`event_id`) REFERENCES `event` (`event_id`);

--
-- Constraints for table `user_of_event`
--
ALTER TABLE `user_of_event`
  ADD CONSTRAINT `user_of_event_ibfk_1` FOREIGN KEY (`user_id`) REFERENCES `user` (`user_id`),
  ADD CONSTRAINT `user_of_event_ibfk_2` FOREIGN KEY (`event_id`) REFERENCES `event` (`event_id`),
  ADD CONSTRAINT `user_of_event_ibfk_3` FOREIGN KEY (`fav_group_team_id`) REFERENCES `team` (`team_id`),
  ADD CONSTRAINT `user_of_event_ibfk_4` FOREIGN KEY (`fav_knockout_team_id`) REFERENCES `team` (`team_id`);

--
-- Constraints for table `user__role`
--
ALTER TABLE `user__role`
  ADD CONSTRAINT `user__role_ibfk_1` FOREIGN KEY (`user_id`) REFERENCES `user` (`user_id`),
  ADD CONSTRAINT `user__role_ibfk_2` FOREIGN KEY (`role_id`) REFERENCES `role` (`role_id`);

--
-- Constraints for table `user__user_group`
--
ALTER TABLE `user__user_group`
  ADD CONSTRAINT `user__user_group_ibfk_1` FOREIGN KEY (`user_id`) REFERENCES `user` (`user_id`),
  ADD CONSTRAINT `user__user_group_ibfk_2` FOREIGN KEY (`user_group_id`) REFERENCES `user_group` (`user_group_id`);

--
-- Constraints for table `web_service`
--
ALTER TABLE `web_service`
  ADD CONSTRAINT `web_service_ibfk_1` FOREIGN KEY (`event_id`) REFERENCES `event` (`event_id`);
COMMIT;

/*!40101 SET CHARACTER_SET_CLIENT=@OLD_CHARACTER_SET_CLIENT */;
/*!40101 SET CHARACTER_SET_RESULTS=@OLD_CHARACTER_SET_RESULTS */;
/*!40101 SET COLLATION_CONNECTION=@OLD_COLLATION_CONNECTION */;

